dataset,selector,algorithm,selection_value,k_features,epoch,split,train_loss
Breast,concrete_autoencoder,ConcreteAutoencoder,60,60,1,train,0.0561590380966663
Breast,concrete_autoencoder,ConcreteAutoencoder,60,60,2,train,0.0552396662533283
Breast,concrete_autoencoder,ConcreteAutoencoder,60,60,3,train,0.0542388632893562
Breast,concrete_autoencoder,ConcreteAutoencoder,60,60,4,train,0.0535765439271926
Breast,concrete_autoencoder,ConcreteAutoencoder,60,60,5,train,0.0529052056372165
Breast,concrete_autoencoder,ConcreteAutoencoder,60,60,6,train,0.0523107312619686
Breast,concrete_autoencoder,ConcreteAutoencoder,60,60,7,train,0.0518246889114379
Breast,concrete_autoencoder,ConcreteAutoencoder,60,60,8,train,0.0514197796583175
Breast,concrete_autoencoder,ConcreteAutoencoder,60,60,9,train,0.0510100089013576
Breast,concrete_autoencoder,ConcreteAutoencoder,60,60,10,train,0.0506322123110294
Breast,concrete_autoencoder,ConcreteAutoencoder,60,60,11,train,0.0503451637923717
Breast,concrete_autoencoder,ConcreteAutoencoder,60,60,12,train,0.0500462353229522
Breast,concrete_autoencoder,ConcreteAutoencoder,60,60,13,train,0.0497750416398048
Breast,concrete_autoencoder,ConcreteAutoencoder,60,60,14,train,0.0495281517505645
Breast,concrete_autoencoder,ConcreteAutoencoder,60,60,15,train,0.0493023358285427
Breast,concrete_autoencoder,ConcreteAutoencoder,60,60,16,train,0.0490973331034183
Breast,concrete_autoencoder,ConcreteAutoencoder,60,60,17,train,0.0488967821002006
Breast,concrete_autoencoder,ConcreteAutoencoder,60,60,18,train,0.0487223006784915
Breast,concrete_autoencoder,ConcreteAutoencoder,60,60,19,train,0.0485810562968254
Breast,concrete_autoencoder,ConcreteAutoencoder,60,60,20,train,0.0483912080526351
Breast,concrete_autoencoder,ConcreteAutoencoder,60,60,21,train,0.0482532642781734
Breast,concrete_autoencoder,ConcreteAutoencoder,60,60,22,train,0.0481111034750938
Breast,concrete_autoencoder,ConcreteAutoencoder,60,60,23,train,0.0480434633791446
Breast,concrete_autoencoder,ConcreteAutoencoder,60,60,24,train,0.0478708110749721
Breast,concrete_autoencoder,ConcreteAutoencoder,60,60,25,train,0.0477388426661491
Breast,concrete_autoencoder,ConcreteAutoencoder,60,60,26,train,0.0476575009524822
Breast,concrete_autoencoder,ConcreteAutoencoder,60,60,27,train,0.0475806593894958
Breast,concrete_autoencoder,ConcreteAutoencoder,60,60,28,train,0.0474323704838752
Breast,concrete_autoencoder,ConcreteAutoencoder,60,60,29,train,0.0473564118146896
Breast,concrete_autoencoder,ConcreteAutoencoder,60,60,30,train,0.0474230758845806
Breast,concrete_autoencoder,ConcreteAutoencoder,60,60,31,train,0.0473231635987758
Breast,concrete_autoencoder,ConcreteAutoencoder,60,60,32,train,0.0472057200968265
Breast,concrete_autoencoder,ConcreteAutoencoder,60,60,33,train,0.0472940020263195
Breast,concrete_autoencoder,ConcreteAutoencoder,60,60,34,train,0.0478695146739482
Breast,concrete_autoencoder,ConcreteAutoencoder,60,60,35,train,0.0480602085590362
Breast,concrete_autoencoder,ConcreteAutoencoder,60,60,36,train,0.0481609106063842
Breast,concrete_autoencoder,ConcreteAutoencoder,60,60,37,train,0.0476978234946727
Breast,concrete_autoencoder,ConcreteAutoencoder,60,60,38,train,0.0484445914626121
Breast,concrete_autoencoder,ConcreteAutoencoder,60,60,39,train,0.0485144667327404
Breast,concrete_autoencoder,ConcreteAutoencoder,60,60,40,train,0.0488754697144031
Breast,concrete_autoencoder,ConcreteAutoencoder,60,60,41,train,0.048625461757183
Breast,concrete_autoencoder,ConcreteAutoencoder,60,60,42,train,0.0497795641422271
Breast,concrete_autoencoder,ConcreteAutoencoder,60,60,43,train,0.049878641963005
Breast,concrete_autoencoder,ConcreteAutoencoder,60,60,44,train,0.0487040169537067
Breast,concrete_autoencoder,ConcreteAutoencoder,60,60,45,train,0.0497242510318756
Breast,concrete_autoencoder,ConcreteAutoencoder,60,60,46,train,0.0497524254024028
Breast,concrete_autoencoder,ConcreteAutoencoder,60,60,47,train,0.0494334660470485
Breast,concrete_autoencoder,ConcreteAutoencoder,60,60,48,train,0.0508077405393123
Breast,concrete_autoencoder,ConcreteAutoencoder,60,60,49,train,0.051018688827753
Breast,concrete_autoencoder,ConcreteAutoencoder,60,60,50,train,0.0512431561946868
Breast,concrete_autoencoder,ConcreteAutoencoder,60,60,51,train,0.0501501522958278
Breast,concrete_autoencoder,ConcreteAutoencoder,60,60,52,train,0.0490115918219089
Breast,concrete_autoencoder,ConcreteAutoencoder,60,60,53,train,0.050676230341196
Breast,concrete_autoencoder,ConcreteAutoencoder,60,60,54,train,0.0512909404933452
Breast,concrete_autoencoder,ConcreteAutoencoder,60,60,55,train,0.0495248511433601
Breast,concrete_autoencoder,ConcreteAutoencoder,60,60,56,train,0.0495329909026622
Breast,concrete_autoencoder,ConcreteAutoencoder,60,60,57,train,0.050582930445671
Breast,concrete_autoencoder,ConcreteAutoencoder,60,60,58,train,0.0499592572450637
Breast,concrete_autoencoder,ConcreteAutoencoder,60,60,59,train,0.04932501912117
Breast,concrete_autoencoder,ConcreteAutoencoder,60,60,60,train,0.048307716846466
Breast,concrete_autoencoder,ConcreteAutoencoder,60,60,61,train,0.0484648644924163
Breast,concrete_autoencoder,ConcreteAutoencoder,60,60,62,train,0.0512199513614177
Breast,concrete_autoencoder,ConcreteAutoencoder,60,60,63,train,0.0500067882239818
Breast,concrete_autoencoder,ConcreteAutoencoder,60,60,64,train,0.0514900758862495
Breast,concrete_autoencoder,ConcreteAutoencoder,60,60,65,train,0.0484280176460742
Breast,concrete_autoencoder,ConcreteAutoencoder,60,60,66,train,0.0506916604936122
Breast,concrete_autoencoder,ConcreteAutoencoder,60,60,67,train,0.0492551662027835
Breast,concrete_autoencoder,ConcreteAutoencoder,60,60,68,train,0.0483257323503494
Breast,concrete_autoencoder,ConcreteAutoencoder,60,60,69,train,0.0496173389256
Breast,concrete_autoencoder,ConcreteAutoencoder,60,60,70,train,0.0466340966522693
Breast,concrete_autoencoder,ConcreteAutoencoder,60,60,71,train,0.0481172427535057
Breast,concrete_autoencoder,ConcreteAutoencoder,60,60,72,train,0.0527035966515541
Breast,concrete_autoencoder,ConcreteAutoencoder,60,60,73,train,0.0492290146648883
Breast,concrete_autoencoder,ConcreteAutoencoder,60,60,74,train,0.0513801090419292
Breast,concrete_autoencoder,ConcreteAutoencoder,60,60,75,train,0.0504038371145725
Breast,concrete_autoencoder,ConcreteAutoencoder,60,60,76,train,0.0482951551675796
Breast,concrete_autoencoder,ConcreteAutoencoder,60,60,77,train,0.0481134392321109
Breast,concrete_autoencoder,ConcreteAutoencoder,60,60,78,train,0.0507126972079277
Breast,concrete_autoencoder,ConcreteAutoencoder,60,60,79,train,0.0489400997757911
Breast,concrete_autoencoder,ConcreteAutoencoder,60,60,80,train,0.0477501824498176
Breast,concrete_autoencoder,ConcreteAutoencoder,60,60,81,train,0.0485636927187442
Breast,concrete_autoencoder,ConcreteAutoencoder,60,60,82,train,0.0480197444558143
Breast,concrete_autoencoder,ConcreteAutoencoder,60,60,83,train,0.049485120922327
Breast,concrete_autoencoder,ConcreteAutoencoder,60,60,84,train,0.0505129359662532
Breast,concrete_autoencoder,ConcreteAutoencoder,60,60,85,train,0.0485839024186134
Breast,concrete_autoencoder,ConcreteAutoencoder,60,60,86,train,0.0500384271144866
Breast,concrete_autoencoder,ConcreteAutoencoder,60,60,87,train,0.0480081960558891
Breast,concrete_autoencoder,ConcreteAutoencoder,60,60,88,train,0.0487495511770248
Breast,concrete_autoencoder,ConcreteAutoencoder,60,60,89,train,0.0504554659128189
Breast,concrete_autoencoder,ConcreteAutoencoder,60,60,90,train,0.0484538897871971
Breast,concrete_autoencoder,ConcreteAutoencoder,60,60,91,train,0.0498241111636161
Breast,concrete_autoencoder,ConcreteAutoencoder,60,60,92,train,0.0484797023236751
Breast,concrete_autoencoder,ConcreteAutoencoder,60,60,93,train,0.0505779795348644
Breast,concrete_autoencoder,ConcreteAutoencoder,60,60,94,train,0.0489375367760658
Breast,concrete_autoencoder,ConcreteAutoencoder,60,60,95,train,0.0522085800766944
Breast,concrete_autoencoder,ConcreteAutoencoder,60,60,96,train,0.0483652390539646
Breast,concrete_autoencoder,ConcreteAutoencoder,60,60,97,train,0.0474782846868038
Breast,concrete_autoencoder,ConcreteAutoencoder,60,60,98,train,0.0490517802536487
Breast,concrete_autoencoder,ConcreteAutoencoder,60,60,99,train,0.0497696921229362
Breast,concrete_autoencoder,ConcreteAutoencoder,60,60,100,train,0.0474267825484275
Breast,concrete_autoencoder,ConcreteAutoencoder,60,60,1,validation,0.0558572299778461
Breast,concrete_autoencoder,ConcreteAutoencoder,60,60,2,validation,0.0548069700598716
Breast,concrete_autoencoder,ConcreteAutoencoder,60,60,3,validation,0.0539905130863189
Breast,concrete_autoencoder,ConcreteAutoencoder,60,60,4,validation,0.0530318729579448
Breast,concrete_autoencoder,ConcreteAutoencoder,60,60,5,validation,0.0532525368034839
Breast,concrete_autoencoder,ConcreteAutoencoder,60,60,6,validation,0.0540287867188453
Breast,concrete_autoencoder,ConcreteAutoencoder,60,60,7,validation,0.0553224682807922
Breast,concrete_autoencoder,ConcreteAutoencoder,60,60,8,validation,0.0565287843346595
Breast,concrete_autoencoder,ConcreteAutoencoder,60,60,9,validation,0.0569148883223533
Breast,concrete_autoencoder,ConcreteAutoencoder,60,60,10,validation,0.0573996417224407
Breast,concrete_autoencoder,ConcreteAutoencoder,60,60,11,validation,0.0606298930943012
Breast,concrete_autoencoder,ConcreteAutoencoder,60,60,12,validation,0.0651806741952896
Breast,concrete_autoencoder,ConcreteAutoencoder,60,60,13,validation,0.0709926262497901
Breast,concrete_autoencoder,ConcreteAutoencoder,60,60,14,validation,0.077501393854618
Breast,concrete_autoencoder,ConcreteAutoencoder,60,60,15,validation,0.0866932496428489
Breast,concrete_autoencoder,ConcreteAutoencoder,60,60,16,validation,0.0985609591007232
Breast,concrete_autoencoder,ConcreteAutoencoder,60,60,17,validation,0.1176755055785179
Breast,concrete_autoencoder,ConcreteAutoencoder,60,60,18,validation,0.1370735615491867
Breast,concrete_autoencoder,ConcreteAutoencoder,60,60,19,validation,0.1728596985340118
Breast,concrete_autoencoder,ConcreteAutoencoder,60,60,20,validation,0.2064314186573028
Breast,concrete_autoencoder,ConcreteAutoencoder,60,60,21,validation,0.22589211165905
Breast,concrete_autoencoder,ConcreteAutoencoder,60,60,22,validation,0.2409940212965011
Breast,concrete_autoencoder,ConcreteAutoencoder,60,60,23,validation,0.2814527451992035
Breast,concrete_autoencoder,ConcreteAutoencoder,60,60,24,validation,0.2868492603302002
Breast,concrete_autoencoder,ConcreteAutoencoder,60,60,25,validation,0.3162317872047424
Breast,concrete_autoencoder,ConcreteAutoencoder,60,60,26,validation,0.3214848041534424
Breast,concrete_autoencoder,ConcreteAutoencoder,60,60,27,validation,0.3969196677207947
Breast,concrete_autoencoder,ConcreteAutoencoder,60,60,28,validation,0.4049345552921295
Breast,concrete_autoencoder,ConcreteAutoencoder,60,60,29,validation,0.4293881356716156
Breast,concrete_autoencoder,ConcreteAutoencoder,60,60,30,validation,0.4441709518432617
Breast,concrete_autoencoder,ConcreteAutoencoder,60,60,31,validation,0.4635373950004577
Breast,concrete_autoencoder,ConcreteAutoencoder,60,60,32,validation,0.4671764373779297
Breast,concrete_autoencoder,ConcreteAutoencoder,60,60,33,validation,0.5328820943832397
Breast,concrete_autoencoder,ConcreteAutoencoder,60,60,34,validation,0.5419238805770874
Breast,concrete_autoencoder,ConcreteAutoencoder,60,60,35,validation,0.5573351979255676
Breast,concrete_autoencoder,ConcreteAutoencoder,60,60,36,validation,0.5771819353103638
Breast,concrete_autoencoder,ConcreteAutoencoder,60,60,37,validation,0.5661946535110474
Breast,concrete_autoencoder,ConcreteAutoencoder,60,60,38,validation,0.5623093843460083
Breast,concrete_autoencoder,ConcreteAutoencoder,60,60,39,validation,0.5828102231025696
Breast,concrete_autoencoder,ConcreteAutoencoder,60,60,40,validation,0.5844038724899292
Breast,concrete_autoencoder,ConcreteAutoencoder,60,60,41,validation,0.545522928237915
Breast,concrete_autoencoder,ConcreteAutoencoder,60,60,42,validation,0.5199740529060364
Breast,concrete_autoencoder,ConcreteAutoencoder,60,60,43,validation,0.5470203161239624
Breast,concrete_autoencoder,ConcreteAutoencoder,60,60,44,validation,0.5553610920906067
Breast,concrete_autoencoder,ConcreteAutoencoder,60,60,45,validation,0.5415695905685425
Breast,concrete_autoencoder,ConcreteAutoencoder,60,60,46,validation,0.5449783205986023
Breast,concrete_autoencoder,ConcreteAutoencoder,60,60,47,validation,0.5349319577217102
Breast,concrete_autoencoder,ConcreteAutoencoder,60,60,48,validation,0.5172027945518494
Breast,concrete_autoencoder,ConcreteAutoencoder,60,60,49,validation,0.5261161923408508
Breast,concrete_autoencoder,ConcreteAutoencoder,60,60,50,validation,0.5286632776260376
Breast,concrete_autoencoder,ConcreteAutoencoder,60,60,51,validation,0.4844134449958801
Breast,concrete_autoencoder,ConcreteAutoencoder,60,60,52,validation,0.4835042953491211
Breast,concrete_autoencoder,ConcreteAutoencoder,60,60,53,validation,0.4949253499507904
Breast,concrete_autoencoder,ConcreteAutoencoder,60,60,54,validation,0.5145615935325623
Breast,concrete_autoencoder,ConcreteAutoencoder,60,60,55,validation,0.5109902620315552
Breast,concrete_autoencoder,ConcreteAutoencoder,60,60,56,validation,0.5156763792037964
Breast,concrete_autoencoder,ConcreteAutoencoder,60,60,57,validation,0.4991725981235504
Breast,concrete_autoencoder,ConcreteAutoencoder,60,60,58,validation,0.4962600767612457
Breast,concrete_autoencoder,ConcreteAutoencoder,60,60,59,validation,0.4882374703884125
Breast,concrete_autoencoder,ConcreteAutoencoder,60,60,60,validation,0.4735325872898102
Breast,concrete_autoencoder,ConcreteAutoencoder,60,60,61,validation,0.4873195588588714
Breast,concrete_autoencoder,ConcreteAutoencoder,60,60,62,validation,0.4721778035163879
Breast,concrete_autoencoder,ConcreteAutoencoder,60,60,63,validation,0.4499646127223968
Breast,concrete_autoencoder,ConcreteAutoencoder,60,60,64,validation,0.4447378516197204
Breast,concrete_autoencoder,ConcreteAutoencoder,60,60,65,validation,0.4024316370487213
Breast,concrete_autoencoder,ConcreteAutoencoder,60,60,66,validation,0.3837246894836426
Breast,concrete_autoencoder,ConcreteAutoencoder,60,60,67,validation,0.3816842138767242
Breast,concrete_autoencoder,ConcreteAutoencoder,60,60,68,validation,0.3737455308437347
Breast,concrete_autoencoder,ConcreteAutoencoder,60,60,69,validation,0.3662649691104889
Breast,concrete_autoencoder,ConcreteAutoencoder,60,60,70,validation,0.3646149039268493
Breast,concrete_autoencoder,ConcreteAutoencoder,60,60,71,validation,0.3607022166252136
Breast,concrete_autoencoder,ConcreteAutoencoder,60,60,72,validation,0.3280414044857025
Breast,concrete_autoencoder,ConcreteAutoencoder,60,60,73,validation,0.3204871118068695
Breast,concrete_autoencoder,ConcreteAutoencoder,60,60,74,validation,0.3150774538516998
Breast,concrete_autoencoder,ConcreteAutoencoder,60,60,75,validation,0.3180326521396637
Breast,concrete_autoencoder,ConcreteAutoencoder,60,60,76,validation,0.3164784610271454
Breast,concrete_autoencoder,ConcreteAutoencoder,60,60,77,validation,0.313117504119873
Breast,concrete_autoencoder,ConcreteAutoencoder,60,60,78,validation,0.311459481716156
Breast,concrete_autoencoder,ConcreteAutoencoder,60,60,79,validation,0.3086660802364349
Breast,concrete_autoencoder,ConcreteAutoencoder,60,60,80,validation,0.307033360004425
Breast,concrete_autoencoder,ConcreteAutoencoder,60,60,81,validation,0.3060906529426574
Breast,concrete_autoencoder,ConcreteAutoencoder,60,60,82,validation,0.2982404828071594
Breast,concrete_autoencoder,ConcreteAutoencoder,60,60,83,validation,0.3118332028388977
Breast,concrete_autoencoder,ConcreteAutoencoder,60,60,84,validation,0.3185743689537048
Breast,concrete_autoencoder,ConcreteAutoencoder,60,60,85,validation,0.317990243434906
Breast,concrete_autoencoder,ConcreteAutoencoder,60,60,86,validation,0.3156037926673889
Breast,concrete_autoencoder,ConcreteAutoencoder,60,60,87,validation,0.3153273463249206
Breast,concrete_autoencoder,ConcreteAutoencoder,60,60,88,validation,0.3146585524082184
Breast,concrete_autoencoder,ConcreteAutoencoder,60,60,89,validation,0.3078072369098663
Breast,concrete_autoencoder,ConcreteAutoencoder,60,60,90,validation,0.3060990869998932
Breast,concrete_autoencoder,ConcreteAutoencoder,60,60,91,validation,0.3199073672294616
Breast,concrete_autoencoder,ConcreteAutoencoder,60,60,92,validation,0.3182569146156311
Breast,concrete_autoencoder,ConcreteAutoencoder,60,60,93,validation,0.3078978955745697
Breast,concrete_autoencoder,ConcreteAutoencoder,60,60,94,validation,0.3050339818000793
Breast,concrete_autoencoder,ConcreteAutoencoder,60,60,95,validation,0.302724152803421
Breast,concrete_autoencoder,ConcreteAutoencoder,60,60,96,validation,0.3002151250839233
Breast,concrete_autoencoder,ConcreteAutoencoder,60,60,97,validation,0.2976721823215484
Breast,concrete_autoencoder,ConcreteAutoencoder,60,60,98,validation,0.296041190624237
Breast,concrete_autoencoder,ConcreteAutoencoder,60,60,99,validation,0.2949273586273193
Breast,concrete_autoencoder,ConcreteAutoencoder,60,60,100,validation,0.2924796938896179
Breast,concrete_autoencoder,ConcreteAutoencoder,30,30,1,train,0.0562734864652156
Breast,concrete_autoencoder,ConcreteAutoencoder,30,30,2,train,0.0555926747620105
Breast,concrete_autoencoder,ConcreteAutoencoder,30,30,3,train,0.0549108944833278
Breast,concrete_autoencoder,ConcreteAutoencoder,30,30,4,train,0.0543486289680004
Breast,concrete_autoencoder,ConcreteAutoencoder,30,30,5,train,0.0538158044219017
Breast,concrete_autoencoder,ConcreteAutoencoder,30,30,6,train,0.0533730536699295
Breast,concrete_autoencoder,ConcreteAutoencoder,30,30,7,train,0.0529063567519187
Breast,concrete_autoencoder,ConcreteAutoencoder,30,30,8,train,0.0525588728487491
Breast,concrete_autoencoder,ConcreteAutoencoder,30,30,9,train,0.0521892085671424
Breast,concrete_autoencoder,ConcreteAutoencoder,30,30,10,train,0.0518488325178623
Breast,concrete_autoencoder,ConcreteAutoencoder,30,30,11,train,0.0515558794140815
Breast,concrete_autoencoder,ConcreteAutoencoder,30,30,12,train,0.0512535721063613
Breast,concrete_autoencoder,ConcreteAutoencoder,30,30,13,train,0.0510019250214099
Breast,concrete_autoencoder,ConcreteAutoencoder,30,30,14,train,0.0507609397172927
Breast,concrete_autoencoder,ConcreteAutoencoder,30,30,15,train,0.050543051213026
Breast,concrete_autoencoder,ConcreteAutoencoder,30,30,16,train,0.0503218248486518
Breast,concrete_autoencoder,ConcreteAutoencoder,30,30,17,train,0.0501348823308944
Breast,concrete_autoencoder,ConcreteAutoencoder,30,30,18,train,0.0499282330274581
Breast,concrete_autoencoder,ConcreteAutoencoder,30,30,19,train,0.0497518740594387
Breast,concrete_autoencoder,ConcreteAutoencoder,30,30,20,train,0.0495645180344581
Breast,concrete_autoencoder,ConcreteAutoencoder,30,30,21,train,0.0494373179972171
Breast,concrete_autoencoder,ConcreteAutoencoder,30,30,22,train,0.0492432974278926
Breast,concrete_autoencoder,ConcreteAutoencoder,30,30,23,train,0.0491138882935047
Breast,concrete_autoencoder,ConcreteAutoencoder,30,30,24,train,0.0489983819425106
Breast,concrete_autoencoder,ConcreteAutoencoder,30,30,25,train,0.048860814422369
Breast,concrete_autoencoder,ConcreteAutoencoder,30,30,26,train,0.0488888770341873
Breast,concrete_autoencoder,ConcreteAutoencoder,30,30,27,train,0.0486192665994167
Breast,concrete_autoencoder,ConcreteAutoencoder,30,30,28,train,0.048437163233757
Breast,concrete_autoencoder,ConcreteAutoencoder,30,30,29,train,0.0484509281814098
Breast,concrete_autoencoder,ConcreteAutoencoder,30,30,30,train,0.0482644587755203
Breast,concrete_autoencoder,ConcreteAutoencoder,30,30,31,train,0.0487026907503604
Breast,concrete_autoencoder,ConcreteAutoencoder,30,30,32,train,0.0483815856277942
Breast,concrete_autoencoder,ConcreteAutoencoder,30,30,33,train,0.0483984313905239
Breast,concrete_autoencoder,ConcreteAutoencoder,30,30,34,train,0.0483415722846984
Breast,concrete_autoencoder,ConcreteAutoencoder,30,30,35,train,0.0480624698102474
Breast,concrete_autoencoder,ConcreteAutoencoder,30,30,36,train,0.0484320037066936
Breast,concrete_autoencoder,ConcreteAutoencoder,30,30,37,train,0.0479903556406497
Breast,concrete_autoencoder,ConcreteAutoencoder,30,30,38,train,0.0483620949089527
Breast,concrete_autoencoder,ConcreteAutoencoder,30,30,39,train,0.0487410686910152
Breast,concrete_autoencoder,ConcreteAutoencoder,30,30,40,train,0.0483842194080352
Breast,concrete_autoencoder,ConcreteAutoencoder,30,30,41,train,0.0481800958514213
Breast,concrete_autoencoder,ConcreteAutoencoder,30,30,42,train,0.0493461638689041
Breast,concrete_autoencoder,ConcreteAutoencoder,30,30,43,train,0.0482513606548309
Breast,concrete_autoencoder,ConcreteAutoencoder,30,30,44,train,0.0490509048104286
Breast,concrete_autoencoder,ConcreteAutoencoder,30,30,45,train,0.0494510531425476
Breast,concrete_autoencoder,ConcreteAutoencoder,30,30,46,train,0.049018383026123
Breast,concrete_autoencoder,ConcreteAutoencoder,30,30,47,train,0.0494487956166267
Breast,concrete_autoencoder,ConcreteAutoencoder,30,30,48,train,0.0494199804961681
Breast,concrete_autoencoder,ConcreteAutoencoder,30,30,49,train,0.051426064223051
Breast,concrete_autoencoder,ConcreteAutoencoder,30,30,50,train,0.0489179901778698
Breast,concrete_autoencoder,ConcreteAutoencoder,30,30,51,train,0.0496919713914394
Breast,concrete_autoencoder,ConcreteAutoencoder,30,30,52,train,0.0502576380968093
Breast,concrete_autoencoder,ConcreteAutoencoder,30,30,53,train,0.04835170134902
Breast,concrete_autoencoder,ConcreteAutoencoder,30,30,54,train,0.0506123192608356
Breast,concrete_autoencoder,ConcreteAutoencoder,30,30,55,train,0.0500913523137569
Breast,concrete_autoencoder,ConcreteAutoencoder,30,30,56,train,0.0509172230958938
Breast,concrete_autoencoder,ConcreteAutoencoder,30,30,57,train,0.0491908900439739
Breast,concrete_autoencoder,ConcreteAutoencoder,30,30,58,train,0.0487881302833557
Breast,concrete_autoencoder,ConcreteAutoencoder,30,30,59,train,0.0504032894968986
Breast,concrete_autoencoder,ConcreteAutoencoder,30,30,60,train,0.0499615482985973
Breast,concrete_autoencoder,ConcreteAutoencoder,30,30,61,train,0.0502431727945804
Breast,concrete_autoencoder,ConcreteAutoencoder,30,30,62,train,0.0518101006746292
Breast,concrete_autoencoder,ConcreteAutoencoder,30,30,63,train,0.0490050204098224
Breast,concrete_autoencoder,ConcreteAutoencoder,30,30,64,train,0.0485507808625698
Breast,concrete_autoencoder,ConcreteAutoencoder,30,30,65,train,0.0511408112943172
Breast,concrete_autoencoder,ConcreteAutoencoder,30,30,66,train,0.0502240397036075
Breast,concrete_autoencoder,ConcreteAutoencoder,30,30,67,train,0.0493705160915851
Breast,concrete_autoencoder,ConcreteAutoencoder,30,30,68,train,0.049764908850193
Breast,concrete_autoencoder,ConcreteAutoencoder,30,30,69,train,0.0494191497564315
Breast,concrete_autoencoder,ConcreteAutoencoder,30,30,70,train,0.0486350730061531
Breast,concrete_autoencoder,ConcreteAutoencoder,30,30,71,train,0.0473969392478466
Breast,concrete_autoencoder,ConcreteAutoencoder,30,30,72,train,0.0483095347881317
Breast,concrete_autoencoder,ConcreteAutoencoder,30,30,73,train,0.0497797913849353
Breast,concrete_autoencoder,ConcreteAutoencoder,30,30,74,train,0.0488514900207519
Breast,concrete_autoencoder,ConcreteAutoencoder,30,30,75,train,0.0503351129591465
Breast,concrete_autoencoder,ConcreteAutoencoder,30,30,76,train,0.0510156787931919
Breast,concrete_autoencoder,ConcreteAutoencoder,30,30,77,train,0.0500626489520072
Breast,concrete_autoencoder,ConcreteAutoencoder,30,30,78,train,0.0492404587566852
Breast,concrete_autoencoder,ConcreteAutoencoder,30,30,79,train,0.0512981712818145
Breast,concrete_autoencoder,ConcreteAutoencoder,30,30,80,train,0.0511596947908401
Breast,concrete_autoencoder,ConcreteAutoencoder,30,30,81,train,0.0477255694568157
Breast,concrete_autoencoder,ConcreteAutoencoder,30,30,82,train,0.0490366369485855
Breast,concrete_autoencoder,ConcreteAutoencoder,30,30,83,train,0.0470110513269901
Breast,concrete_autoencoder,ConcreteAutoencoder,30,30,84,train,0.0484711416065692
Breast,concrete_autoencoder,ConcreteAutoencoder,30,30,85,train,0.0473161377012729
Breast,concrete_autoencoder,ConcreteAutoencoder,30,30,86,train,0.048370111733675
Breast,concrete_autoencoder,ConcreteAutoencoder,30,30,87,train,0.0466161035001277
Breast,concrete_autoencoder,ConcreteAutoencoder,30,30,88,train,0.0489185713231563
Breast,concrete_autoencoder,ConcreteAutoencoder,30,30,89,train,0.0484985671937465
Breast,concrete_autoencoder,ConcreteAutoencoder,30,30,90,train,0.047341376543045
Breast,concrete_autoencoder,ConcreteAutoencoder,30,30,91,train,0.0484141297638416
Breast,concrete_autoencoder,ConcreteAutoencoder,30,30,92,train,0.0493048205971717
Breast,concrete_autoencoder,ConcreteAutoencoder,30,30,93,train,0.0477622337639331
Breast,concrete_autoencoder,ConcreteAutoencoder,30,30,94,train,0.0477352477610111
Breast,concrete_autoencoder,ConcreteAutoencoder,30,30,95,train,0.0450801588594913
Breast,concrete_autoencoder,ConcreteAutoencoder,30,30,96,train,0.0480559691786766
Breast,concrete_autoencoder,ConcreteAutoencoder,30,30,97,train,0.047354158014059
Breast,concrete_autoencoder,ConcreteAutoencoder,30,30,98,train,0.0483728013932704
Breast,concrete_autoencoder,ConcreteAutoencoder,30,30,99,train,0.049836840480566
Breast,concrete_autoencoder,ConcreteAutoencoder,30,30,100,train,0.0510029904544353
Breast,concrete_autoencoder,ConcreteAutoencoder,30,30,1,validation,0.0526083707809448
Breast,concrete_autoencoder,ConcreteAutoencoder,30,30,2,validation,0.0521209463477134
Breast,concrete_autoencoder,ConcreteAutoencoder,30,30,3,validation,0.0516134612262249
Breast,concrete_autoencoder,ConcreteAutoencoder,30,30,4,validation,0.0513018853962421
Breast,concrete_autoencoder,ConcreteAutoencoder,30,30,5,validation,0.0510556809604167
Breast,concrete_autoencoder,ConcreteAutoencoder,30,30,6,validation,0.0507675409317016
Breast,concrete_autoencoder,ConcreteAutoencoder,30,30,7,validation,0.0504534468054771
Breast,concrete_autoencoder,ConcreteAutoencoder,30,30,8,validation,0.0509372726082801
Breast,concrete_autoencoder,ConcreteAutoencoder,30,30,9,validation,0.0512792877852916
Breast,concrete_autoencoder,ConcreteAutoencoder,30,30,10,validation,0.051171850413084
Breast,concrete_autoencoder,ConcreteAutoencoder,30,30,11,validation,0.053429752588272
Breast,concrete_autoencoder,ConcreteAutoencoder,30,30,12,validation,0.0569680519402027
Breast,concrete_autoencoder,ConcreteAutoencoder,30,30,13,validation,0.0583475343883037
Breast,concrete_autoencoder,ConcreteAutoencoder,30,30,14,validation,0.059916716068983
Breast,concrete_autoencoder,ConcreteAutoencoder,30,30,15,validation,0.0648217722773552
Breast,concrete_autoencoder,ConcreteAutoencoder,30,30,16,validation,0.0685335323214531
Breast,concrete_autoencoder,ConcreteAutoencoder,30,30,17,validation,0.0838227719068527
Breast,concrete_autoencoder,ConcreteAutoencoder,30,30,18,validation,0.0893557071685791
Breast,concrete_autoencoder,ConcreteAutoencoder,30,30,19,validation,0.0961951836943626
Breast,concrete_autoencoder,ConcreteAutoencoder,30,30,20,validation,0.1253167688846588
Breast,concrete_autoencoder,ConcreteAutoencoder,30,30,21,validation,0.1368112117052078
Breast,concrete_autoencoder,ConcreteAutoencoder,30,30,22,validation,0.1880801618099212
Breast,concrete_autoencoder,ConcreteAutoencoder,30,30,23,validation,0.2258477658033371
Breast,concrete_autoencoder,ConcreteAutoencoder,30,30,24,validation,0.2610391676425934
Breast,concrete_autoencoder,ConcreteAutoencoder,30,30,25,validation,0.2711038589477539
Breast,concrete_autoencoder,ConcreteAutoencoder,30,30,26,validation,0.2870461046695709
Breast,concrete_autoencoder,ConcreteAutoencoder,30,30,27,validation,0.2938153743743896
Breast,concrete_autoencoder,ConcreteAutoencoder,30,30,28,validation,0.3306983411312103
Breast,concrete_autoencoder,ConcreteAutoencoder,30,30,29,validation,0.3417440056800842
Breast,concrete_autoencoder,ConcreteAutoencoder,30,30,30,validation,0.3507913053035736
Breast,concrete_autoencoder,ConcreteAutoencoder,30,30,31,validation,0.3742572069168091
Breast,concrete_autoencoder,ConcreteAutoencoder,30,30,32,validation,0.3896341025829315
Breast,concrete_autoencoder,ConcreteAutoencoder,30,30,33,validation,0.4346166253089905
Breast,concrete_autoencoder,ConcreteAutoencoder,30,30,34,validation,0.4486637711524963
Breast,concrete_autoencoder,ConcreteAutoencoder,30,30,35,validation,0.4688211977481842
Breast,concrete_autoencoder,ConcreteAutoencoder,30,30,36,validation,0.4652594625949859
Breast,concrete_autoencoder,ConcreteAutoencoder,30,30,37,validation,0.4711469709873199
Breast,concrete_autoencoder,ConcreteAutoencoder,30,30,38,validation,0.4722375273704529
Breast,concrete_autoencoder,ConcreteAutoencoder,30,30,39,validation,0.4779905378818512
Breast,concrete_autoencoder,ConcreteAutoencoder,30,30,40,validation,0.4634085595607757
Breast,concrete_autoencoder,ConcreteAutoencoder,30,30,41,validation,0.4627246856689453
Breast,concrete_autoencoder,ConcreteAutoencoder,30,30,42,validation,0.4599751830101013
Breast,concrete_autoencoder,ConcreteAutoencoder,30,30,43,validation,0.4542805552482605
Breast,concrete_autoencoder,ConcreteAutoencoder,30,30,44,validation,0.442903459072113
Breast,concrete_autoencoder,ConcreteAutoencoder,30,30,45,validation,0.4309775233268738
Breast,concrete_autoencoder,ConcreteAutoencoder,30,30,46,validation,0.3994664251804352
Breast,concrete_autoencoder,ConcreteAutoencoder,30,30,47,validation,0.4507589340209961
Breast,concrete_autoencoder,ConcreteAutoencoder,30,30,48,validation,0.4706369042396545
Breast,concrete_autoencoder,ConcreteAutoencoder,30,30,49,validation,0.4652462601661682
Breast,concrete_autoencoder,ConcreteAutoencoder,30,30,50,validation,0.4399866461753845
Breast,concrete_autoencoder,ConcreteAutoencoder,30,30,51,validation,0.4089188575744629
Breast,concrete_autoencoder,ConcreteAutoencoder,30,30,52,validation,0.385612428188324
Breast,concrete_autoencoder,ConcreteAutoencoder,30,30,53,validation,0.3828128278255462
Breast,concrete_autoencoder,ConcreteAutoencoder,30,30,54,validation,0.379607617855072
Breast,concrete_autoencoder,ConcreteAutoencoder,30,30,55,validation,0.3738767504692077
Breast,concrete_autoencoder,ConcreteAutoencoder,30,30,56,validation,0.3584222197532654
Breast,concrete_autoencoder,ConcreteAutoencoder,30,30,57,validation,0.3518729209899902
Breast,concrete_autoencoder,ConcreteAutoencoder,30,30,58,validation,0.3571255207061767
Breast,concrete_autoencoder,ConcreteAutoencoder,30,30,59,validation,0.3538379669189453
Breast,concrete_autoencoder,ConcreteAutoencoder,30,30,60,validation,0.3330892622470855
Breast,concrete_autoencoder,ConcreteAutoencoder,30,30,61,validation,0.3278275728225708
Breast,concrete_autoencoder,ConcreteAutoencoder,30,30,62,validation,0.320865124464035
Breast,concrete_autoencoder,ConcreteAutoencoder,30,30,63,validation,0.2899352610111236
Breast,concrete_autoencoder,ConcreteAutoencoder,30,30,64,validation,0.2927843928337097
Breast,concrete_autoencoder,ConcreteAutoencoder,30,30,65,validation,0.2847660481929779
Breast,concrete_autoencoder,ConcreteAutoencoder,30,30,66,validation,0.2804420590400696
Breast,concrete_autoencoder,ConcreteAutoencoder,30,30,67,validation,0.2653897106647491
Breast,concrete_autoencoder,ConcreteAutoencoder,30,30,68,validation,0.2660071849822998
Breast,concrete_autoencoder,ConcreteAutoencoder,30,30,69,validation,0.2633940577507019
Breast,concrete_autoencoder,ConcreteAutoencoder,30,30,70,validation,0.2949853539466858
Breast,concrete_autoencoder,ConcreteAutoencoder,30,30,71,validation,0.2931765615940094
Breast,concrete_autoencoder,ConcreteAutoencoder,30,30,72,validation,0.2911242544651031
Breast,concrete_autoencoder,ConcreteAutoencoder,30,30,73,validation,0.2880892157554626
Breast,concrete_autoencoder,ConcreteAutoencoder,30,30,74,validation,0.2843534350395202
Breast,concrete_autoencoder,ConcreteAutoencoder,30,30,75,validation,0.3001738786697387
Breast,concrete_autoencoder,ConcreteAutoencoder,30,30,76,validation,0.2949263453483581
Breast,concrete_autoencoder,ConcreteAutoencoder,30,30,77,validation,0.2910894155502319
Breast,concrete_autoencoder,ConcreteAutoencoder,30,30,78,validation,0.3087149262428283
Breast,concrete_autoencoder,ConcreteAutoencoder,30,30,79,validation,0.2993152141571045
Breast,concrete_autoencoder,ConcreteAutoencoder,30,30,80,validation,0.2934801578521728
Breast,concrete_autoencoder,ConcreteAutoencoder,30,30,81,validation,0.2877910137176513
Breast,concrete_autoencoder,ConcreteAutoencoder,30,30,82,validation,0.2888604998588562
Breast,concrete_autoencoder,ConcreteAutoencoder,30,30,83,validation,0.2868679761886596
Breast,concrete_autoencoder,ConcreteAutoencoder,30,30,84,validation,0.2856287956237793
Breast,concrete_autoencoder,ConcreteAutoencoder,30,30,85,validation,0.2839809656143188
Breast,concrete_autoencoder,ConcreteAutoencoder,30,30,86,validation,0.2820635735988617
Breast,concrete_autoencoder,ConcreteAutoencoder,30,30,87,validation,0.2811846435070038
Breast,concrete_autoencoder,ConcreteAutoencoder,30,30,88,validation,0.2774827778339386
Breast,concrete_autoencoder,ConcreteAutoencoder,30,30,89,validation,0.2768318951129913
Breast,concrete_autoencoder,ConcreteAutoencoder,30,30,90,validation,0.2761139869689941
Breast,concrete_autoencoder,ConcreteAutoencoder,30,30,91,validation,0.2748686373233795
Breast,concrete_autoencoder,ConcreteAutoencoder,30,30,92,validation,0.2730481028556824
Breast,concrete_autoencoder,ConcreteAutoencoder,30,30,93,validation,0.271470695734024
Breast,concrete_autoencoder,ConcreteAutoencoder,30,30,94,validation,0.2703219056129455
Breast,concrete_autoencoder,ConcreteAutoencoder,30,30,95,validation,0.2689261436462402
Breast,concrete_autoencoder,ConcreteAutoencoder,30,30,96,validation,0.2705085277557373
Breast,concrete_autoencoder,ConcreteAutoencoder,30,30,97,validation,0.2687282264232635
Breast,concrete_autoencoder,ConcreteAutoencoder,30,30,98,validation,0.2667412161827087
Breast,concrete_autoencoder,ConcreteAutoencoder,30,30,99,validation,0.2647542655467987
Breast,concrete_autoencoder,ConcreteAutoencoder,30,30,100,validation,0.2633167803287506
Breast,concrete_autoencoder,ConcreteAutoencoder,10,10,1,train,0.0562281422317028
Breast,concrete_autoencoder,ConcreteAutoencoder,10,10,2,train,0.0557397417724132
Breast,concrete_autoencoder,ConcreteAutoencoder,10,10,3,train,0.055288802832365
Breast,concrete_autoencoder,ConcreteAutoencoder,10,10,4,train,0.0548665970563888
Breast,concrete_autoencoder,ConcreteAutoencoder,10,10,5,train,0.0544669553637504
Breast,concrete_autoencoder,ConcreteAutoencoder,10,10,6,train,0.0541200712323188
Breast,concrete_autoencoder,ConcreteAutoencoder,10,10,7,train,0.0537800714373588
Breast,concrete_autoencoder,ConcreteAutoencoder,10,10,8,train,0.0534730963408947
Breast,concrete_autoencoder,ConcreteAutoencoder,10,10,9,train,0.0531894527375698
Breast,concrete_autoencoder,ConcreteAutoencoder,10,10,10,train,0.0529215075075626
Breast,concrete_autoencoder,ConcreteAutoencoder,10,10,11,train,0.0526721142232418
Breast,concrete_autoencoder,ConcreteAutoencoder,10,10,12,train,0.0524350591003894
Breast,concrete_autoencoder,ConcreteAutoencoder,10,10,13,train,0.0522215217351913
Breast,concrete_autoencoder,ConcreteAutoencoder,10,10,14,train,0.0520055368542671
Breast,concrete_autoencoder,ConcreteAutoencoder,10,10,15,train,0.0518120527267456
Breast,concrete_autoencoder,ConcreteAutoencoder,10,10,16,train,0.0516011975705623
Breast,concrete_autoencoder,ConcreteAutoencoder,10,10,17,train,0.0514317564666271
Breast,concrete_autoencoder,ConcreteAutoencoder,10,10,18,train,0.0512658767402172
Breast,concrete_autoencoder,ConcreteAutoencoder,10,10,19,train,0.0510909520089626
Breast,concrete_autoencoder,ConcreteAutoencoder,10,10,20,train,0.0509335398674011
Breast,concrete_autoencoder,ConcreteAutoencoder,10,10,21,train,0.050781100988388
Breast,concrete_autoencoder,ConcreteAutoencoder,10,10,22,train,0.0506533980369567
Breast,concrete_autoencoder,ConcreteAutoencoder,10,10,23,train,0.0504863373935222
Breast,concrete_autoencoder,ConcreteAutoencoder,10,10,24,train,0.0503685288131237
Breast,concrete_autoencoder,ConcreteAutoencoder,10,10,25,train,0.0502294525504112
Breast,concrete_autoencoder,ConcreteAutoencoder,10,10,26,train,0.0501200295984745
Breast,concrete_autoencoder,ConcreteAutoencoder,10,10,27,train,0.0499407909810543
Breast,concrete_autoencoder,ConcreteAutoencoder,10,10,28,train,0.0499305874109268
Breast,concrete_autoencoder,ConcreteAutoencoder,10,10,29,train,0.0495952926576137
Breast,concrete_autoencoder,ConcreteAutoencoder,10,10,30,train,0.0496023893356323
Breast,concrete_autoencoder,ConcreteAutoencoder,10,10,31,train,0.0494999513030052
Breast,concrete_autoencoder,ConcreteAutoencoder,10,10,32,train,0.0494952686131
Breast,concrete_autoencoder,ConcreteAutoencoder,10,10,33,train,0.049602136015892
Breast,concrete_autoencoder,ConcreteAutoencoder,10,10,34,train,0.0495463609695434
Breast,concrete_autoencoder,ConcreteAutoencoder,10,10,35,train,0.0494896210730075
Breast,concrete_autoencoder,ConcreteAutoencoder,10,10,36,train,0.049343068152666
Breast,concrete_autoencoder,ConcreteAutoencoder,10,10,37,train,0.0497486665844917
Breast,concrete_autoencoder,ConcreteAutoencoder,10,10,38,train,0.0486660674214363
Breast,concrete_autoencoder,ConcreteAutoencoder,10,10,39,train,0.0491009950637817
Breast,concrete_autoencoder,ConcreteAutoencoder,10,10,40,train,0.0495523810386657
Breast,concrete_autoencoder,ConcreteAutoencoder,10,10,41,train,0.0488908812403678
Breast,concrete_autoencoder,ConcreteAutoencoder,10,10,42,train,0.0497302263975143
Breast,concrete_autoencoder,ConcreteAutoencoder,10,10,43,train,0.0490692369639873
Breast,concrete_autoencoder,ConcreteAutoencoder,10,10,44,train,0.0498772375285625
Breast,concrete_autoencoder,ConcreteAutoencoder,10,10,45,train,0.0497730560600757
Breast,concrete_autoencoder,ConcreteAutoencoder,10,10,46,train,0.0500545650720596
Breast,concrete_autoencoder,ConcreteAutoencoder,10,10,47,train,0.0496318116784095
Breast,concrete_autoencoder,ConcreteAutoencoder,10,10,48,train,0.0481823794543743
Breast,concrete_autoencoder,ConcreteAutoencoder,10,10,49,train,0.049550887197256
Breast,concrete_autoencoder,ConcreteAutoencoder,10,10,50,train,0.0496131889522075
Breast,concrete_autoencoder,ConcreteAutoencoder,10,10,51,train,0.0484543517231941
Breast,concrete_autoencoder,ConcreteAutoencoder,10,10,52,train,0.0494278445839881
Breast,concrete_autoencoder,ConcreteAutoencoder,10,10,53,train,0.0498215556144714
Breast,concrete_autoencoder,ConcreteAutoencoder,10,10,54,train,0.047845397144556
Breast,concrete_autoencoder,ConcreteAutoencoder,10,10,55,train,0.0503526516258716
Breast,concrete_autoencoder,ConcreteAutoencoder,10,10,56,train,0.0482587292790412
Breast,concrete_autoencoder,ConcreteAutoencoder,10,10,57,train,0.0493528544902801
Breast,concrete_autoencoder,ConcreteAutoencoder,10,10,58,train,0.05046296864748
Breast,concrete_autoencoder,ConcreteAutoencoder,10,10,59,train,0.0489453822374343
Breast,concrete_autoencoder,ConcreteAutoencoder,10,10,60,train,0.0482705682516098
Breast,concrete_autoencoder,ConcreteAutoencoder,10,10,61,train,0.0507013648748397
Breast,concrete_autoencoder,ConcreteAutoencoder,10,10,62,train,0.0500966310501098
Breast,concrete_autoencoder,ConcreteAutoencoder,10,10,63,train,0.0495233461260795
Breast,concrete_autoencoder,ConcreteAutoencoder,10,10,64,train,0.0504061691462993
Breast,concrete_autoencoder,ConcreteAutoencoder,10,10,65,train,0.0490393675863742
Breast,concrete_autoencoder,ConcreteAutoencoder,10,10,66,train,0.0503947101533412
Breast,concrete_autoencoder,ConcreteAutoencoder,10,10,67,train,0.0487586557865142
Breast,concrete_autoencoder,ConcreteAutoencoder,10,10,68,train,0.0489668473601341
Breast,concrete_autoencoder,ConcreteAutoencoder,10,10,69,train,0.0485071167349815
Breast,concrete_autoencoder,ConcreteAutoencoder,10,10,70,train,0.0489784739911556
Breast,concrete_autoencoder,ConcreteAutoencoder,10,10,71,train,0.0499030277132988
Breast,concrete_autoencoder,ConcreteAutoencoder,10,10,72,train,0.0476036742329597
Breast,concrete_autoencoder,ConcreteAutoencoder,10,10,73,train,0.0495001822710037
Breast,concrete_autoencoder,ConcreteAutoencoder,10,10,74,train,0.0489675961434841
Breast,concrete_autoencoder,ConcreteAutoencoder,10,10,75,train,0.0473272241652011
Breast,concrete_autoencoder,ConcreteAutoencoder,10,10,76,train,0.0486213192343711
Breast,concrete_autoencoder,ConcreteAutoencoder,10,10,77,train,0.047949343919754
Breast,concrete_autoencoder,ConcreteAutoencoder,10,10,78,train,0.048086978495121
Breast,concrete_autoencoder,ConcreteAutoencoder,10,10,79,train,0.0493474379181861
Breast,concrete_autoencoder,ConcreteAutoencoder,10,10,80,train,0.0485421270132064
Breast,concrete_autoencoder,ConcreteAutoencoder,10,10,81,train,0.0478257350623607
Breast,concrete_autoencoder,ConcreteAutoencoder,10,10,82,train,0.0481528937816619
Breast,concrete_autoencoder,ConcreteAutoencoder,10,10,83,train,0.0484427586197853
Breast,concrete_autoencoder,ConcreteAutoencoder,10,10,84,train,0.0480203181505203
Breast,concrete_autoencoder,ConcreteAutoencoder,10,10,85,train,0.0485807284712791
Breast,concrete_autoencoder,ConcreteAutoencoder,10,10,86,train,0.0487703159451484
Breast,concrete_autoencoder,ConcreteAutoencoder,10,10,87,train,0.0474263727664947
Breast,concrete_autoencoder,ConcreteAutoencoder,10,10,88,train,0.0479766018688678
Breast,concrete_autoencoder,ConcreteAutoencoder,10,10,89,train,0.0478714853525161
Breast,concrete_autoencoder,ConcreteAutoencoder,10,10,90,train,0.0493726432323455
Breast,concrete_autoencoder,ConcreteAutoencoder,10,10,91,train,0.047331303358078
Breast,concrete_autoencoder,ConcreteAutoencoder,10,10,92,train,0.0479433499276638
Breast,concrete_autoencoder,ConcreteAutoencoder,10,10,93,train,0.0477586835622787
Breast,concrete_autoencoder,ConcreteAutoencoder,10,10,94,train,0.0481747612357139
Breast,concrete_autoencoder,ConcreteAutoencoder,10,10,95,train,0.047491155564785
Breast,concrete_autoencoder,ConcreteAutoencoder,10,10,96,train,0.0483071953058242
Breast,concrete_autoencoder,ConcreteAutoencoder,10,10,97,train,0.0496887899935245
Breast,concrete_autoencoder,ConcreteAutoencoder,10,10,98,train,0.0491665974259376
Breast,concrete_autoencoder,ConcreteAutoencoder,10,10,99,train,0.047559455037117
Breast,concrete_autoencoder,ConcreteAutoencoder,10,10,100,train,0.0475461818277835
Breast,concrete_autoencoder,ConcreteAutoencoder,10,10,1,validation,0.053643561899662
Breast,concrete_autoencoder,ConcreteAutoencoder,10,10,2,validation,0.0526732690632343
Breast,concrete_autoencoder,ConcreteAutoencoder,10,10,3,validation,0.0521808974444866
Breast,concrete_autoencoder,ConcreteAutoencoder,10,10,4,validation,0.0517252683639526
Breast,concrete_autoencoder,ConcreteAutoencoder,10,10,5,validation,0.0513219833374023
Breast,concrete_autoencoder,ConcreteAutoencoder,10,10,6,validation,0.0513482578098773
Breast,concrete_autoencoder,ConcreteAutoencoder,10,10,7,validation,0.0510057136416435
Breast,concrete_autoencoder,ConcreteAutoencoder,10,10,8,validation,0.0506848208606243
Breast,concrete_autoencoder,ConcreteAutoencoder,10,10,9,validation,0.0501563437283039
Breast,concrete_autoencoder,ConcreteAutoencoder,10,10,10,validation,0.0498118288815021
Breast,concrete_autoencoder,ConcreteAutoencoder,10,10,11,validation,0.0492759644985199
Breast,concrete_autoencoder,ConcreteAutoencoder,10,10,12,validation,0.0486515872180461
Breast,concrete_autoencoder,ConcreteAutoencoder,10,10,13,validation,0.048137504607439
Breast,concrete_autoencoder,ConcreteAutoencoder,10,10,14,validation,0.0479809269309043
Breast,concrete_autoencoder,ConcreteAutoencoder,10,10,15,validation,0.0501812286674976
Breast,concrete_autoencoder,ConcreteAutoencoder,10,10,16,validation,0.0511726327240467
Breast,concrete_autoencoder,ConcreteAutoencoder,10,10,17,validation,0.0563368685543537
Breast,concrete_autoencoder,ConcreteAutoencoder,10,10,18,validation,0.0569971278309822
Breast,concrete_autoencoder,ConcreteAutoencoder,10,10,19,validation,0.0576371029019355
Breast,concrete_autoencoder,ConcreteAutoencoder,10,10,20,validation,0.0585525855422019
Breast,concrete_autoencoder,ConcreteAutoencoder,10,10,21,validation,0.0720455273985862
Breast,concrete_autoencoder,ConcreteAutoencoder,10,10,22,validation,0.0792280584573745
Breast,concrete_autoencoder,ConcreteAutoencoder,10,10,23,validation,0.0966963395476341
Breast,concrete_autoencoder,ConcreteAutoencoder,10,10,24,validation,0.0997060909867286
Breast,concrete_autoencoder,ConcreteAutoencoder,10,10,25,validation,0.1033370643854141
Breast,concrete_autoencoder,ConcreteAutoencoder,10,10,26,validation,0.1059087738394737
Breast,concrete_autoencoder,ConcreteAutoencoder,10,10,27,validation,0.1090223640203476
Breast,concrete_autoencoder,ConcreteAutoencoder,10,10,28,validation,0.1120706051588058
Breast,concrete_autoencoder,ConcreteAutoencoder,10,10,29,validation,0.1151701435446739
Breast,concrete_autoencoder,ConcreteAutoencoder,10,10,30,validation,0.1184703558683395
Breast,concrete_autoencoder,ConcreteAutoencoder,10,10,31,validation,0.1213995441794395
Breast,concrete_autoencoder,ConcreteAutoencoder,10,10,32,validation,0.1242935806512832
Breast,concrete_autoencoder,ConcreteAutoencoder,10,10,33,validation,0.1262248009443283
Breast,concrete_autoencoder,ConcreteAutoencoder,10,10,34,validation,0.1278233081102371
Breast,concrete_autoencoder,ConcreteAutoencoder,10,10,35,validation,0.1300050020217895
Breast,concrete_autoencoder,ConcreteAutoencoder,10,10,36,validation,0.1605548858642578
Breast,concrete_autoencoder,ConcreteAutoencoder,10,10,37,validation,0.1642548739910125
Breast,concrete_autoencoder,ConcreteAutoencoder,10,10,38,validation,0.1661073118448257
Breast,concrete_autoencoder,ConcreteAutoencoder,10,10,39,validation,0.1800191700458526
Breast,concrete_autoencoder,ConcreteAutoencoder,10,10,40,validation,0.180737018585205
Breast,concrete_autoencoder,ConcreteAutoencoder,10,10,41,validation,0.1554026752710342
Breast,concrete_autoencoder,ConcreteAutoencoder,10,10,42,validation,0.1547554433345794
Breast,concrete_autoencoder,ConcreteAutoencoder,10,10,43,validation,0.1536611765623092
Breast,concrete_autoencoder,ConcreteAutoencoder,10,10,44,validation,0.1506560891866684
Breast,concrete_autoencoder,ConcreteAutoencoder,10,10,45,validation,0.1496357023715973
Breast,concrete_autoencoder,ConcreteAutoencoder,10,10,46,validation,0.1482983529567718
Breast,concrete_autoencoder,ConcreteAutoencoder,10,10,47,validation,0.1467796862125396
Breast,concrete_autoencoder,ConcreteAutoencoder,10,10,48,validation,0.1452779471874237
Breast,concrete_autoencoder,ConcreteAutoencoder,10,10,49,validation,0.1080677509307861
Breast,concrete_autoencoder,ConcreteAutoencoder,10,10,50,validation,0.107391133904457
Breast,concrete_autoencoder,ConcreteAutoencoder,10,10,51,validation,0.0902481228113174
Breast,concrete_autoencoder,ConcreteAutoencoder,10,10,52,validation,0.0886465907096862
Breast,concrete_autoencoder,ConcreteAutoencoder,10,10,53,validation,0.0998542681336402
Breast,concrete_autoencoder,ConcreteAutoencoder,10,10,54,validation,0.0980353727936744
Breast,concrete_autoencoder,ConcreteAutoencoder,10,10,55,validation,0.0961463823914527
Breast,concrete_autoencoder,ConcreteAutoencoder,10,10,56,validation,0.0941849276423454
Breast,concrete_autoencoder,ConcreteAutoencoder,10,10,57,validation,0.0935035943984985
Breast,concrete_autoencoder,ConcreteAutoencoder,10,10,58,validation,0.0919430181384086
Breast,concrete_autoencoder,ConcreteAutoencoder,10,10,59,validation,0.0904365926980972
Breast,concrete_autoencoder,ConcreteAutoencoder,10,10,60,validation,0.0893472954630851
Breast,concrete_autoencoder,ConcreteAutoencoder,10,10,61,validation,0.0888397544622421
Breast,concrete_autoencoder,ConcreteAutoencoder,10,10,62,validation,0.0850895047187805
Breast,concrete_autoencoder,ConcreteAutoencoder,10,10,63,validation,0.0749469101428985
Breast,concrete_autoencoder,ConcreteAutoencoder,10,10,64,validation,0.0776275619864463
Breast,concrete_autoencoder,ConcreteAutoencoder,10,10,65,validation,0.0771026164293289
Breast,concrete_autoencoder,ConcreteAutoencoder,10,10,66,validation,0.076729878783226
Breast,concrete_autoencoder,ConcreteAutoencoder,10,10,67,validation,0.0758120715618133
Breast,concrete_autoencoder,ConcreteAutoencoder,10,10,68,validation,0.0855152532458305
Breast,concrete_autoencoder,ConcreteAutoencoder,10,10,69,validation,0.0847093909978866
Breast,concrete_autoencoder,ConcreteAutoencoder,10,10,70,validation,0.0837726220488548
Breast,concrete_autoencoder,ConcreteAutoencoder,10,10,71,validation,0.0865786299109458
Breast,concrete_autoencoder,ConcreteAutoencoder,10,10,72,validation,0.0860586240887641
Breast,concrete_autoencoder,ConcreteAutoencoder,10,10,73,validation,0.0857152342796325
Breast,concrete_autoencoder,ConcreteAutoencoder,10,10,74,validation,0.0851344540715217
Breast,concrete_autoencoder,ConcreteAutoencoder,10,10,75,validation,0.0845233350992202
Breast,concrete_autoencoder,ConcreteAutoencoder,10,10,76,validation,0.0840674266219139
Breast,concrete_autoencoder,ConcreteAutoencoder,10,10,77,validation,0.0838262364268302
Breast,concrete_autoencoder,ConcreteAutoencoder,10,10,78,validation,0.083618052303791
Breast,concrete_autoencoder,ConcreteAutoencoder,10,10,79,validation,0.0834313184022903
Breast,concrete_autoencoder,ConcreteAutoencoder,10,10,80,validation,0.083148755133152
Breast,concrete_autoencoder,ConcreteAutoencoder,10,10,81,validation,0.0828900188207626
Breast,concrete_autoencoder,ConcreteAutoencoder,10,10,82,validation,0.0824695602059364
Breast,concrete_autoencoder,ConcreteAutoencoder,10,10,83,validation,0.0821793004870414
Breast,concrete_autoencoder,ConcreteAutoencoder,10,10,84,validation,0.0819031298160553
Breast,concrete_autoencoder,ConcreteAutoencoder,10,10,85,validation,0.0815939903259277
Breast,concrete_autoencoder,ConcreteAutoencoder,10,10,86,validation,0.0810573920607566
Breast,concrete_autoencoder,ConcreteAutoencoder,10,10,87,validation,0.0805955380201339
Breast,concrete_autoencoder,ConcreteAutoencoder,10,10,88,validation,0.0804156884551048
Breast,concrete_autoencoder,ConcreteAutoencoder,10,10,89,validation,0.080326534807682
Breast,concrete_autoencoder,ConcreteAutoencoder,10,10,90,validation,0.0800383016467094
Breast,concrete_autoencoder,ConcreteAutoencoder,10,10,91,validation,0.0796494632959365
Breast,concrete_autoencoder,ConcreteAutoencoder,10,10,92,validation,0.0792348980903625
Breast,concrete_autoencoder,ConcreteAutoencoder,10,10,93,validation,0.0782081559300422
Breast,concrete_autoencoder,ConcreteAutoencoder,10,10,94,validation,0.0776124075055122
Breast,concrete_autoencoder,ConcreteAutoencoder,10,10,95,validation,0.0664128735661506
Breast,concrete_autoencoder,ConcreteAutoencoder,10,10,96,validation,0.0659867078065872
Breast,concrete_autoencoder,ConcreteAutoencoder,10,10,97,validation,0.0746283233165741
Breast,concrete_autoencoder,ConcreteAutoencoder,10,10,98,validation,0.0740919932723045
Breast,concrete_autoencoder,ConcreteAutoencoder,10,10,99,validation,0.0736256092786789
Breast,concrete_autoencoder,ConcreteAutoencoder,10,10,100,validation,0.0735294073820114
Breast,concrete_autoencoder,ConcreteAutoencoder,5,5,1,train,0.056254256516695
Breast,concrete_autoencoder,ConcreteAutoencoder,5,5,2,train,0.0558067001402378
Breast,concrete_autoencoder,ConcreteAutoencoder,5,5,3,train,0.0554180704057216
Breast,concrete_autoencoder,ConcreteAutoencoder,5,5,4,train,0.0550338998436927
Breast,concrete_autoencoder,ConcreteAutoencoder,5,5,5,train,0.0546963661909103
Breast,concrete_autoencoder,ConcreteAutoencoder,5,5,6,train,0.0543748326599597
Breast,concrete_autoencoder,ConcreteAutoencoder,5,5,7,train,0.054068274796009
Breast,concrete_autoencoder,ConcreteAutoencoder,5,5,8,train,0.0538037456572055
Breast,concrete_autoencoder,ConcreteAutoencoder,5,5,9,train,0.0535326637327671
Breast,concrete_autoencoder,ConcreteAutoencoder,5,5,10,train,0.0532922856509685
Breast,concrete_autoencoder,ConcreteAutoencoder,5,5,11,train,0.0530615225434303
Breast,concrete_autoencoder,ConcreteAutoencoder,5,5,12,train,0.0528530031442642
Breast,concrete_autoencoder,ConcreteAutoencoder,5,5,13,train,0.0526470318436622
Breast,concrete_autoencoder,ConcreteAutoencoder,5,5,14,train,0.0524547323584556
Breast,concrete_autoencoder,ConcreteAutoencoder,5,5,15,train,0.0522765107452869
Breast,concrete_autoencoder,ConcreteAutoencoder,5,5,16,train,0.0520924963057041
Breast,concrete_autoencoder,ConcreteAutoencoder,5,5,17,train,0.0519235767424106
Breast,concrete_autoencoder,ConcreteAutoencoder,5,5,18,train,0.051775150001049
Breast,concrete_autoencoder,ConcreteAutoencoder,5,5,19,train,0.0516212023794651
Breast,concrete_autoencoder,ConcreteAutoencoder,5,5,20,train,0.0514862984418869
Breast,concrete_autoencoder,ConcreteAutoencoder,5,5,21,train,0.051330741494894
Breast,concrete_autoencoder,ConcreteAutoencoder,5,5,22,train,0.0511719323694705
Breast,concrete_autoencoder,ConcreteAutoencoder,5,5,23,train,0.0510489046573638
Breast,concrete_autoencoder,ConcreteAutoencoder,5,5,24,train,0.05092703551054
Breast,concrete_autoencoder,ConcreteAutoencoder,5,5,25,train,0.0508469007909297
Breast,concrete_autoencoder,ConcreteAutoencoder,5,5,26,train,0.0507391989231109
Breast,concrete_autoencoder,ConcreteAutoencoder,5,5,27,train,0.0505627207458019
Breast,concrete_autoencoder,ConcreteAutoencoder,5,5,28,train,0.0504811070859432
Breast,concrete_autoencoder,ConcreteAutoencoder,5,5,29,train,0.050296165049076
Breast,concrete_autoencoder,ConcreteAutoencoder,5,5,30,train,0.0501557886600494
Breast,concrete_autoencoder,ConcreteAutoencoder,5,5,31,train,0.0501861982047557
Breast,concrete_autoencoder,ConcreteAutoencoder,5,5,32,train,0.0501093082129955
Breast,concrete_autoencoder,ConcreteAutoencoder,5,5,33,train,0.0500361584126949
Breast,concrete_autoencoder,ConcreteAutoencoder,5,5,34,train,0.0502177439630031
Breast,concrete_autoencoder,ConcreteAutoencoder,5,5,35,train,0.0499384813010692
Breast,concrete_autoencoder,ConcreteAutoencoder,5,5,36,train,0.0500336736440658
Breast,concrete_autoencoder,ConcreteAutoencoder,5,5,37,train,0.0500144697725772
Breast,concrete_autoencoder,ConcreteAutoencoder,5,5,38,train,0.0496745370328426
Breast,concrete_autoencoder,ConcreteAutoencoder,5,5,39,train,0.0496158897876739
Breast,concrete_autoencoder,ConcreteAutoencoder,5,5,40,train,0.0493597611784935
Breast,concrete_autoencoder,ConcreteAutoencoder,5,5,41,train,0.0498754605650901
Breast,concrete_autoencoder,ConcreteAutoencoder,5,5,42,train,0.0497695580124855
Breast,concrete_autoencoder,ConcreteAutoencoder,5,5,43,train,0.0495775751769542
Breast,concrete_autoencoder,ConcreteAutoencoder,5,5,44,train,0.0500249080359935
Breast,concrete_autoencoder,ConcreteAutoencoder,5,5,45,train,0.0497557297348976
Breast,concrete_autoencoder,ConcreteAutoencoder,5,5,46,train,0.0502172373235225
Breast,concrete_autoencoder,ConcreteAutoencoder,5,5,47,train,0.049707818776369
Breast,concrete_autoencoder,ConcreteAutoencoder,5,5,48,train,0.0490526147186756
Breast,concrete_autoencoder,ConcreteAutoencoder,5,5,49,train,0.050705000758171
Breast,concrete_autoencoder,ConcreteAutoencoder,5,5,50,train,0.0496409237384796
Breast,concrete_autoencoder,ConcreteAutoencoder,5,5,51,train,0.0495216511189937
Breast,concrete_autoencoder,ConcreteAutoencoder,5,5,52,train,0.0494813621044158
Breast,concrete_autoencoder,ConcreteAutoencoder,5,5,53,train,0.0492854192852973
Breast,concrete_autoencoder,ConcreteAutoencoder,5,5,54,train,0.0492712259292602
Breast,concrete_autoencoder,ConcreteAutoencoder,5,5,55,train,0.0492286309599876
Breast,concrete_autoencoder,ConcreteAutoencoder,5,5,56,train,0.0488648451864719
Breast,concrete_autoencoder,ConcreteAutoencoder,5,5,57,train,0.0499973185360431
Breast,concrete_autoencoder,ConcreteAutoencoder,5,5,58,train,0.0494218803942203
Breast,concrete_autoencoder,ConcreteAutoencoder,5,5,59,train,0.0512010231614112
Breast,concrete_autoencoder,ConcreteAutoencoder,5,5,60,train,0.0498778894543647
Breast,concrete_autoencoder,ConcreteAutoencoder,5,5,61,train,0.0492808371782302
Breast,concrete_autoencoder,ConcreteAutoencoder,5,5,62,train,0.0483387149870395
Breast,concrete_autoencoder,ConcreteAutoencoder,5,5,63,train,0.0491084195673465
Breast,concrete_autoencoder,ConcreteAutoencoder,5,5,64,train,0.0495535992085933
Breast,concrete_autoencoder,ConcreteAutoencoder,5,5,65,train,0.0488127619028091
Breast,concrete_autoencoder,ConcreteAutoencoder,5,5,66,train,0.0488337464630603
Breast,concrete_autoencoder,ConcreteAutoencoder,5,5,67,train,0.0486723184585571
Breast,concrete_autoencoder,ConcreteAutoencoder,5,5,68,train,0.0482764802873134
Breast,concrete_autoencoder,ConcreteAutoencoder,5,5,69,train,0.0492036156356334
Breast,concrete_autoencoder,ConcreteAutoencoder,5,5,70,train,0.0484365858137607
Breast,concrete_autoencoder,ConcreteAutoencoder,5,5,71,train,0.0484532266855239
Breast,concrete_autoencoder,ConcreteAutoencoder,5,5,72,train,0.0488122925162315
Breast,concrete_autoencoder,ConcreteAutoencoder,5,5,73,train,0.0493803769350051
Breast,concrete_autoencoder,ConcreteAutoencoder,5,5,74,train,0.0476181730628013
Breast,concrete_autoencoder,ConcreteAutoencoder,5,5,75,train,0.0496629104018211
Breast,concrete_autoencoder,ConcreteAutoencoder,5,5,76,train,0.0485460609197616
Breast,concrete_autoencoder,ConcreteAutoencoder,5,5,77,train,0.0501651093363761
Breast,concrete_autoencoder,ConcreteAutoencoder,5,5,78,train,0.0486881770193576
Breast,concrete_autoencoder,ConcreteAutoencoder,5,5,79,train,0.0484231300652027
Breast,concrete_autoencoder,ConcreteAutoencoder,5,5,80,train,0.0492989867925643
Breast,concrete_autoencoder,ConcreteAutoencoder,5,5,81,train,0.0493543818593025
Breast,concrete_autoencoder,ConcreteAutoencoder,5,5,82,train,0.0485710501670837
Breast,concrete_autoencoder,ConcreteAutoencoder,5,5,83,train,0.0479664988815784
Breast,concrete_autoencoder,ConcreteAutoencoder,5,5,84,train,0.049501996487379
Breast,concrete_autoencoder,ConcreteAutoencoder,5,5,85,train,0.048367466777563
Breast,concrete_autoencoder,ConcreteAutoencoder,5,5,86,train,0.0486216321587562
Breast,concrete_autoencoder,ConcreteAutoencoder,5,5,87,train,0.0488510243594646
Breast,concrete_autoencoder,ConcreteAutoencoder,5,5,88,train,0.0483940914273262
Breast,concrete_autoencoder,ConcreteAutoencoder,5,5,89,train,0.0485296733677387
Breast,concrete_autoencoder,ConcreteAutoencoder,5,5,90,train,0.0491309948265552
Breast,concrete_autoencoder,ConcreteAutoencoder,5,5,91,train,0.0489010512828826
Breast,concrete_autoencoder,ConcreteAutoencoder,5,5,92,train,0.0487821511924266
Breast,concrete_autoencoder,ConcreteAutoencoder,5,5,93,train,0.0475636720657348
Breast,concrete_autoencoder,ConcreteAutoencoder,5,5,94,train,0.0483694113790988
Breast,concrete_autoencoder,ConcreteAutoencoder,5,5,95,train,0.048251561820507
Breast,concrete_autoencoder,ConcreteAutoencoder,5,5,96,train,0.0483435057103633
Breast,concrete_autoencoder,ConcreteAutoencoder,5,5,97,train,0.0478452108800411
Breast,concrete_autoencoder,ConcreteAutoencoder,5,5,98,train,0.0484062992036342
Breast,concrete_autoencoder,ConcreteAutoencoder,5,5,99,train,0.0482471510767936
Breast,concrete_autoencoder,ConcreteAutoencoder,5,5,100,train,0.0489409007132053
Breast,concrete_autoencoder,ConcreteAutoencoder,5,5,1,validation,0.0515434630215168
Breast,concrete_autoencoder,ConcreteAutoencoder,5,5,2,validation,0.051028586924076
Breast,concrete_autoencoder,ConcreteAutoencoder,5,5,3,validation,0.0505302064120769
Breast,concrete_autoencoder,ConcreteAutoencoder,5,5,4,validation,0.0500891804695129
Breast,concrete_autoencoder,ConcreteAutoencoder,5,5,5,validation,0.0496616028249263
Breast,concrete_autoencoder,ConcreteAutoencoder,5,5,6,validation,0.0493049398064613
Breast,concrete_autoencoder,ConcreteAutoencoder,5,5,7,validation,0.0489408299326896
Breast,concrete_autoencoder,ConcreteAutoencoder,5,5,8,validation,0.0486170537769794
Breast,concrete_autoencoder,ConcreteAutoencoder,5,5,9,validation,0.0483923330903053
Breast,concrete_autoencoder,ConcreteAutoencoder,5,5,10,validation,0.0481285490095615
Breast,concrete_autoencoder,ConcreteAutoencoder,5,5,11,validation,0.0493554696440696
Breast,concrete_autoencoder,ConcreteAutoencoder,5,5,12,validation,0.0492188110947608
Breast,concrete_autoencoder,ConcreteAutoencoder,5,5,13,validation,0.0491131581366062
Breast,concrete_autoencoder,ConcreteAutoencoder,5,5,14,validation,0.0490231402218341
Breast,concrete_autoencoder,ConcreteAutoencoder,5,5,15,validation,0.0495214648544788
Breast,concrete_autoencoder,ConcreteAutoencoder,5,5,16,validation,0.0496660098433494
Breast,concrete_autoencoder,ConcreteAutoencoder,5,5,17,validation,0.0498200356960296
Breast,concrete_autoencoder,ConcreteAutoencoder,5,5,18,validation,0.0502448379993438
Breast,concrete_autoencoder,ConcreteAutoencoder,5,5,19,validation,0.0504503436386585
Breast,concrete_autoencoder,ConcreteAutoencoder,5,5,20,validation,0.0507642142474651
Breast,concrete_autoencoder,ConcreteAutoencoder,5,5,21,validation,0.0510675609111785
Breast,concrete_autoencoder,ConcreteAutoencoder,5,5,22,validation,0.0513695254921913
Breast,concrete_autoencoder,ConcreteAutoencoder,5,5,23,validation,0.0509390532970428
Breast,concrete_autoencoder,ConcreteAutoencoder,5,5,24,validation,0.0512611791491508
Breast,concrete_autoencoder,ConcreteAutoencoder,5,5,25,validation,0.0611047372221946
Breast,concrete_autoencoder,ConcreteAutoencoder,5,5,26,validation,0.0620162263512611
Breast,concrete_autoencoder,ConcreteAutoencoder,5,5,27,validation,0.0630177035927772
Breast,concrete_autoencoder,ConcreteAutoencoder,5,5,28,validation,0.0637996792793273
Breast,concrete_autoencoder,ConcreteAutoencoder,5,5,29,validation,0.0744988173246383
Breast,concrete_autoencoder,ConcreteAutoencoder,5,5,30,validation,0.075838029384613
Breast,concrete_autoencoder,ConcreteAutoencoder,5,5,31,validation,0.0773029550909996
Breast,concrete_autoencoder,ConcreteAutoencoder,5,5,32,validation,0.0786587223410606
Breast,concrete_autoencoder,ConcreteAutoencoder,5,5,33,validation,0.0803814604878425
Breast,concrete_autoencoder,ConcreteAutoencoder,5,5,34,validation,0.0816777050495147
Breast,concrete_autoencoder,ConcreteAutoencoder,5,5,35,validation,0.0828740373253822
Breast,concrete_autoencoder,ConcreteAutoencoder,5,5,36,validation,0.0839283168315887
Breast,concrete_autoencoder,ConcreteAutoencoder,5,5,37,validation,0.084836721420288
Breast,concrete_autoencoder,ConcreteAutoencoder,5,5,38,validation,0.0859927088022232
Breast,concrete_autoencoder,ConcreteAutoencoder,5,5,39,validation,0.0867028683423996
Breast,concrete_autoencoder,ConcreteAutoencoder,5,5,40,validation,0.0874039307236671
Breast,concrete_autoencoder,ConcreteAutoencoder,5,5,41,validation,0.0876000598073005
Breast,concrete_autoencoder,ConcreteAutoencoder,5,5,42,validation,0.0874835774302482
Breast,concrete_autoencoder,ConcreteAutoencoder,5,5,43,validation,0.0872012972831726
Breast,concrete_autoencoder,ConcreteAutoencoder,5,5,44,validation,0.0863789916038513
Breast,concrete_autoencoder,ConcreteAutoencoder,5,5,45,validation,0.0855705291032791
Breast,concrete_autoencoder,ConcreteAutoencoder,5,5,46,validation,0.0846325308084487
Breast,concrete_autoencoder,ConcreteAutoencoder,5,5,47,validation,0.0840406119823455
Breast,concrete_autoencoder,ConcreteAutoencoder,5,5,48,validation,0.0641834139823913
Breast,concrete_autoencoder,ConcreteAutoencoder,5,5,49,validation,0.083127424120903
Breast,concrete_autoencoder,ConcreteAutoencoder,5,5,50,validation,0.0821542665362358
Breast,concrete_autoencoder,ConcreteAutoencoder,5,5,51,validation,0.0813293009996414
Breast,concrete_autoencoder,ConcreteAutoencoder,5,5,52,validation,0.0809596180915832
Breast,concrete_autoencoder,ConcreteAutoencoder,5,5,53,validation,0.0602029934525489
Breast,concrete_autoencoder,ConcreteAutoencoder,5,5,54,validation,0.0597317703068256
Breast,concrete_autoencoder,ConcreteAutoencoder,5,5,55,validation,0.0595424957573413
Breast,concrete_autoencoder,ConcreteAutoencoder,5,5,56,validation,0.0593736059963703
Breast,concrete_autoencoder,ConcreteAutoencoder,5,5,57,validation,0.0591847188770771
Breast,concrete_autoencoder,ConcreteAutoencoder,5,5,58,validation,0.0585033185780048
Breast,concrete_autoencoder,ConcreteAutoencoder,5,5,59,validation,0.0572966821491718
Breast,concrete_autoencoder,ConcreteAutoencoder,5,5,60,validation,0.0563686266541481
Breast,concrete_autoencoder,ConcreteAutoencoder,5,5,61,validation,0.0557251349091529
Breast,concrete_autoencoder,ConcreteAutoencoder,5,5,62,validation,0.0553500168025493
Breast,concrete_autoencoder,ConcreteAutoencoder,5,5,63,validation,0.054967850446701
Breast,concrete_autoencoder,ConcreteAutoencoder,5,5,64,validation,0.0546795129776001
Breast,concrete_autoencoder,ConcreteAutoencoder,5,5,65,validation,0.0542602129280567
Breast,concrete_autoencoder,ConcreteAutoencoder,5,5,66,validation,0.0539480224251747
Breast,concrete_autoencoder,ConcreteAutoencoder,5,5,67,validation,0.0535900071263313
Breast,concrete_autoencoder,ConcreteAutoencoder,5,5,68,validation,0.0534176640212535
Breast,concrete_autoencoder,ConcreteAutoencoder,5,5,69,validation,0.0532305836677551
Breast,concrete_autoencoder,ConcreteAutoencoder,5,5,70,validation,0.0529448874294757
Breast,concrete_autoencoder,ConcreteAutoencoder,5,5,71,validation,0.0527892000973224
Breast,concrete_autoencoder,ConcreteAutoencoder,5,5,72,validation,0.0527668893337249
Breast,concrete_autoencoder,ConcreteAutoencoder,5,5,73,validation,0.0527473166584968
Breast,concrete_autoencoder,ConcreteAutoencoder,5,5,74,validation,0.0527811050415039
Breast,concrete_autoencoder,ConcreteAutoencoder,5,5,75,validation,0.0526475608348846
Breast,concrete_autoencoder,ConcreteAutoencoder,5,5,76,validation,0.0524925477802753
Breast,concrete_autoencoder,ConcreteAutoencoder,5,5,77,validation,0.052111804485321
Breast,concrete_autoencoder,ConcreteAutoencoder,5,5,78,validation,0.0519220605492591
Breast,concrete_autoencoder,ConcreteAutoencoder,5,5,79,validation,0.0519171059131622
Breast,concrete_autoencoder,ConcreteAutoencoder,5,5,80,validation,0.051891766488552
Breast,concrete_autoencoder,ConcreteAutoencoder,5,5,81,validation,0.0518457181751728
Breast,concrete_autoencoder,ConcreteAutoencoder,5,5,82,validation,0.0517100095748901
Breast,concrete_autoencoder,ConcreteAutoencoder,5,5,83,validation,0.0515919923782348
Breast,concrete_autoencoder,ConcreteAutoencoder,5,5,84,validation,0.0512752719223499
Breast,concrete_autoencoder,ConcreteAutoencoder,5,5,85,validation,0.0510603673756122
Breast,concrete_autoencoder,ConcreteAutoencoder,5,5,86,validation,0.0508692748844623
Breast,concrete_autoencoder,ConcreteAutoencoder,5,5,87,validation,0.0506974272429943
Breast,concrete_autoencoder,ConcreteAutoencoder,5,5,88,validation,0.0506327822804451
Breast,concrete_autoencoder,ConcreteAutoencoder,5,5,89,validation,0.0506026446819305
Breast,concrete_autoencoder,ConcreteAutoencoder,5,5,90,validation,0.050558291375637
Breast,concrete_autoencoder,ConcreteAutoencoder,5,5,91,validation,0.0504404082894325
Breast,concrete_autoencoder,ConcreteAutoencoder,5,5,92,validation,0.0503009334206581
Breast,concrete_autoencoder,ConcreteAutoencoder,5,5,93,validation,0.0502338521182537
Breast,concrete_autoencoder,ConcreteAutoencoder,5,5,94,validation,0.0502828285098075
Breast,concrete_autoencoder,ConcreteAutoencoder,5,5,95,validation,0.0502078123390674
Breast,concrete_autoencoder,ConcreteAutoencoder,5,5,96,validation,0.0501311793923378
Breast,concrete_autoencoder,ConcreteAutoencoder,5,5,97,validation,0.0499717369675636
Breast,concrete_autoencoder,ConcreteAutoencoder,5,5,98,validation,0.049868144094944
Breast,concrete_autoencoder,ConcreteAutoencoder,5,5,99,validation,0.0498097166419029
Breast,concrete_autoencoder,ConcreteAutoencoder,5,5,100,validation,0.0501906983554363
Breast,concrete_autoencoder,ConcreteAutoencoder,1,1,1,train,0.0562212131917476
Breast,concrete_autoencoder,ConcreteAutoencoder,1,1,2,train,0.0558261573314666
Breast,concrete_autoencoder,ConcreteAutoencoder,1,1,3,train,0.0554531589150428
Breast,concrete_autoencoder,ConcreteAutoencoder,1,1,4,train,0.0551426634192466
Breast,concrete_autoencoder,ConcreteAutoencoder,1,1,5,train,0.0548147782683372
Breast,concrete_autoencoder,ConcreteAutoencoder,1,1,6,train,0.0545298978686332
Breast,concrete_autoencoder,ConcreteAutoencoder,1,1,7,train,0.0542692579329013
Breast,concrete_autoencoder,ConcreteAutoencoder,1,1,8,train,0.054020207375288
Breast,concrete_autoencoder,ConcreteAutoencoder,1,1,9,train,0.053783293813467
Breast,concrete_autoencoder,ConcreteAutoencoder,1,1,10,train,0.0535680241882801
Breast,concrete_autoencoder,ConcreteAutoencoder,1,1,11,train,0.053359854966402
Breast,concrete_autoencoder,ConcreteAutoencoder,1,1,12,train,0.0531625747680664
Breast,concrete_autoencoder,ConcreteAutoencoder,1,1,13,train,0.0529779903590679
Breast,concrete_autoencoder,ConcreteAutoencoder,1,1,14,train,0.0528067722916603
Breast,concrete_autoencoder,ConcreteAutoencoder,1,1,15,train,0.0526456572115421
Breast,concrete_autoencoder,ConcreteAutoencoder,1,1,16,train,0.0524736568331718
Breast,concrete_autoencoder,ConcreteAutoencoder,1,1,17,train,0.0523321963846683
Breast,concrete_autoencoder,ConcreteAutoencoder,1,1,18,train,0.0521839372813701
Breast,concrete_autoencoder,ConcreteAutoencoder,1,1,19,train,0.0520522072911262
Breast,concrete_autoencoder,ConcreteAutoencoder,1,1,20,train,0.0519083365797996
Breast,concrete_autoencoder,ConcreteAutoencoder,1,1,21,train,0.0517764836549758
Breast,concrete_autoencoder,ConcreteAutoencoder,1,1,22,train,0.0516601167619228
Breast,concrete_autoencoder,ConcreteAutoencoder,1,1,23,train,0.0515368990600109
Breast,concrete_autoencoder,ConcreteAutoencoder,1,1,24,train,0.051407340914011
Breast,concrete_autoencoder,ConcreteAutoencoder,1,1,25,train,0.0513037554919719
Breast,concrete_autoencoder,ConcreteAutoencoder,1,1,26,train,0.0512114576995372
Breast,concrete_autoencoder,ConcreteAutoencoder,1,1,27,train,0.0510912574827671
Breast,concrete_autoencoder,ConcreteAutoencoder,1,1,28,train,0.0510138347744941
Breast,concrete_autoencoder,ConcreteAutoencoder,1,1,29,train,0.0509327165782451
Breast,concrete_autoencoder,ConcreteAutoencoder,1,1,30,train,0.050815612077713
Breast,concrete_autoencoder,ConcreteAutoencoder,1,1,31,train,0.0507395192980766
Breast,concrete_autoencoder,ConcreteAutoencoder,1,1,32,train,0.050683856010437
Breast,concrete_autoencoder,ConcreteAutoencoder,1,1,33,train,0.0506095960736274
Breast,concrete_autoencoder,ConcreteAutoencoder,1,1,34,train,0.0505583323538303
Breast,concrete_autoencoder,ConcreteAutoencoder,1,1,35,train,0.0506547130644321
Breast,concrete_autoencoder,ConcreteAutoencoder,1,1,36,train,0.0502154268324375
Breast,concrete_autoencoder,ConcreteAutoencoder,1,1,37,train,0.0502845421433448
Breast,concrete_autoencoder,ConcreteAutoencoder,1,1,38,train,0.0502432398498058
Breast,concrete_autoencoder,ConcreteAutoencoder,1,1,39,train,0.0501334704458713
Breast,concrete_autoencoder,ConcreteAutoencoder,1,1,40,train,0.0503448098897933
Breast,concrete_autoencoder,ConcreteAutoencoder,1,1,41,train,0.0498387739062309
Breast,concrete_autoencoder,ConcreteAutoencoder,1,1,42,train,0.050202652812004
Breast,concrete_autoencoder,ConcreteAutoencoder,1,1,43,train,0.0498594380915164
Breast,concrete_autoencoder,ConcreteAutoencoder,1,1,44,train,0.0498549826443195
Breast,concrete_autoencoder,ConcreteAutoencoder,1,1,45,train,0.0498761571943759
Breast,concrete_autoencoder,ConcreteAutoencoder,1,1,46,train,0.050164483487606
Breast,concrete_autoencoder,ConcreteAutoencoder,1,1,47,train,0.0497268624603748
Breast,concrete_autoencoder,ConcreteAutoencoder,1,1,48,train,0.0496383346617221
Breast,concrete_autoencoder,ConcreteAutoencoder,1,1,49,train,0.0498631224036216
Breast,concrete_autoencoder,ConcreteAutoencoder,1,1,50,train,0.0494865626096725
Breast,concrete_autoencoder,ConcreteAutoencoder,1,1,51,train,0.0495322979986667
Breast,concrete_autoencoder,ConcreteAutoencoder,1,1,52,train,0.0494471602141857
Breast,concrete_autoencoder,ConcreteAutoencoder,1,1,53,train,0.0493999160826206
Breast,concrete_autoencoder,ConcreteAutoencoder,1,1,54,train,0.0495588593184948
Breast,concrete_autoencoder,ConcreteAutoencoder,1,1,55,train,0.049216654151678
Breast,concrete_autoencoder,ConcreteAutoencoder,1,1,56,train,0.0498142726719379
Breast,concrete_autoencoder,ConcreteAutoencoder,1,1,57,train,0.0493571087718009
Breast,concrete_autoencoder,ConcreteAutoencoder,1,1,58,train,0.0492770411074161
Breast,concrete_autoencoder,ConcreteAutoencoder,1,1,59,train,0.0485654771327972
Breast,concrete_autoencoder,ConcreteAutoencoder,1,1,60,train,0.0492426268756389
Breast,concrete_autoencoder,ConcreteAutoencoder,1,1,61,train,0.0488980785012245
Breast,concrete_autoencoder,ConcreteAutoencoder,1,1,62,train,0.0493266135454177
Breast,concrete_autoencoder,ConcreteAutoencoder,1,1,63,train,0.0490613803267478
Breast,concrete_autoencoder,ConcreteAutoencoder,1,1,64,train,0.0489374361932277
Breast,concrete_autoencoder,ConcreteAutoencoder,1,1,65,train,0.0493374727666378
Breast,concrete_autoencoder,ConcreteAutoencoder,1,1,66,train,0.0489883124828338
Breast,concrete_autoencoder,ConcreteAutoencoder,1,1,67,train,0.0486111380159854
Breast,concrete_autoencoder,ConcreteAutoencoder,1,1,68,train,0.049171645194292
Breast,concrete_autoencoder,ConcreteAutoencoder,1,1,69,train,0.0488117821514606
Breast,concrete_autoencoder,ConcreteAutoencoder,1,1,70,train,0.0490890927612781
Breast,concrete_autoencoder,ConcreteAutoencoder,1,1,71,train,0.0488374382257461
Breast,concrete_autoencoder,ConcreteAutoencoder,1,1,72,train,0.0497450679540634
Breast,concrete_autoencoder,ConcreteAutoencoder,1,1,73,train,0.0489164032042026
Breast,concrete_autoencoder,ConcreteAutoencoder,1,1,74,train,0.0487361624836921
Breast,concrete_autoencoder,ConcreteAutoencoder,1,1,75,train,0.0491501875221729
Breast,concrete_autoencoder,ConcreteAutoencoder,1,1,76,train,0.0489900819957256
Breast,concrete_autoencoder,ConcreteAutoencoder,1,1,77,train,0.0487580746412277
Breast,concrete_autoencoder,ConcreteAutoencoder,1,1,78,train,0.0487076789140701
Breast,concrete_autoencoder,ConcreteAutoencoder,1,1,79,train,0.0486900694668293
Breast,concrete_autoencoder,ConcreteAutoencoder,1,1,80,train,0.0485743656754493
Breast,concrete_autoencoder,ConcreteAutoencoder,1,1,81,train,0.0485611632466316
Breast,concrete_autoencoder,ConcreteAutoencoder,1,1,82,train,0.0488561578094959
Breast,concrete_autoencoder,ConcreteAutoencoder,1,1,83,train,0.0484858676791191
Breast,concrete_autoencoder,ConcreteAutoencoder,1,1,84,train,0.0487109720706939
Breast,concrete_autoencoder,ConcreteAutoencoder,1,1,85,train,0.0485389679670333
Breast,concrete_autoencoder,ConcreteAutoencoder,1,1,86,train,0.0482982210814952
Breast,concrete_autoencoder,ConcreteAutoencoder,1,1,87,train,0.0486216805875301
Breast,concrete_autoencoder,ConcreteAutoencoder,1,1,88,train,0.0484992265701293
Breast,concrete_autoencoder,ConcreteAutoencoder,1,1,89,train,0.0481943078339099
Breast,concrete_autoencoder,ConcreteAutoencoder,1,1,90,train,0.0483394898474216
Breast,concrete_autoencoder,ConcreteAutoencoder,1,1,91,train,0.0485904589295387
Breast,concrete_autoencoder,ConcreteAutoencoder,1,1,92,train,0.0484999604523181
Breast,concrete_autoencoder,ConcreteAutoencoder,1,1,93,train,0.0490836575627327
Breast,concrete_autoencoder,ConcreteAutoencoder,1,1,94,train,0.0482952557504177
Breast,concrete_autoencoder,ConcreteAutoencoder,1,1,95,train,0.0484995506703853
Breast,concrete_autoencoder,ConcreteAutoencoder,1,1,96,train,0.0477230474352836
Breast,concrete_autoencoder,ConcreteAutoencoder,1,1,97,train,0.0483690313994884
Breast,concrete_autoencoder,ConcreteAutoencoder,1,1,98,train,0.0482562780380249
Breast,concrete_autoencoder,ConcreteAutoencoder,1,1,99,train,0.0482056997716426
Breast,concrete_autoencoder,ConcreteAutoencoder,1,1,100,train,0.0481742620468139
Breast,concrete_autoencoder,ConcreteAutoencoder,1,1,1,validation,0.0511320009827613
Breast,concrete_autoencoder,ConcreteAutoencoder,1,1,2,validation,0.0507743842899799
Breast,concrete_autoencoder,ConcreteAutoencoder,1,1,3,validation,0.050193291157484
Breast,concrete_autoencoder,ConcreteAutoencoder,1,1,4,validation,0.0498375855386257
Breast,concrete_autoencoder,ConcreteAutoencoder,1,1,5,validation,0.0495156124234199
Breast,concrete_autoencoder,ConcreteAutoencoder,1,1,6,validation,0.0492088794708251
Breast,concrete_autoencoder,ConcreteAutoencoder,1,1,7,validation,0.0489232949912548
Breast,concrete_autoencoder,ConcreteAutoencoder,1,1,8,validation,0.048655979335308
Breast,concrete_autoencoder,ConcreteAutoencoder,1,1,9,validation,0.0484099872410297
Breast,concrete_autoencoder,ConcreteAutoencoder,1,1,10,validation,0.0481828078627586
Breast,concrete_autoencoder,ConcreteAutoencoder,1,1,11,validation,0.0479787960648536
Breast,concrete_autoencoder,ConcreteAutoencoder,1,1,12,validation,0.0477843955159187
Breast,concrete_autoencoder,ConcreteAutoencoder,1,1,13,validation,0.0476006641983985
Breast,concrete_autoencoder,ConcreteAutoencoder,1,1,14,validation,0.0474281385540962
Breast,concrete_autoencoder,ConcreteAutoencoder,1,1,15,validation,0.0472669824957847
Breast,concrete_autoencoder,ConcreteAutoencoder,1,1,16,validation,0.0471074655652046
Breast,concrete_autoencoder,ConcreteAutoencoder,1,1,17,validation,0.0468234345316886
Breast,concrete_autoencoder,ConcreteAutoencoder,1,1,18,validation,0.0466747693717479
Breast,concrete_autoencoder,ConcreteAutoencoder,1,1,19,validation,0.0465556234121322
Breast,concrete_autoencoder,ConcreteAutoencoder,1,1,20,validation,0.0464285016059875
Breast,concrete_autoencoder,ConcreteAutoencoder,1,1,21,validation,0.0463097468018531
Breast,concrete_autoencoder,ConcreteAutoencoder,1,1,22,validation,0.0461886450648307
Breast,concrete_autoencoder,ConcreteAutoencoder,1,1,23,validation,0.0480702295899391
Breast,concrete_autoencoder,ConcreteAutoencoder,1,1,24,validation,0.0480701103806495
Breast,concrete_autoencoder,ConcreteAutoencoder,1,1,25,validation,0.048084519803524
Breast,concrete_autoencoder,ConcreteAutoencoder,1,1,26,validation,0.0481222867965698
Breast,concrete_autoencoder,ConcreteAutoencoder,1,1,27,validation,0.0481627210974693
Breast,concrete_autoencoder,ConcreteAutoencoder,1,1,28,validation,0.0482254438102245
Breast,concrete_autoencoder,ConcreteAutoencoder,1,1,29,validation,0.0482754446566104
Breast,concrete_autoencoder,ConcreteAutoencoder,1,1,30,validation,0.0483300015330314
Breast,concrete_autoencoder,ConcreteAutoencoder,1,1,31,validation,0.0484051592648029
Breast,concrete_autoencoder,ConcreteAutoencoder,1,1,32,validation,0.0484530963003635
Breast,concrete_autoencoder,ConcreteAutoencoder,1,1,33,validation,0.0485210716724395
Breast,concrete_autoencoder,ConcreteAutoencoder,1,1,34,validation,0.0486062280833721
Breast,concrete_autoencoder,ConcreteAutoencoder,1,1,35,validation,0.0485308952629566
Breast,concrete_autoencoder,ConcreteAutoencoder,1,1,36,validation,0.0484275668859481
Breast,concrete_autoencoder,ConcreteAutoencoder,1,1,37,validation,0.0484245680272579
Breast,concrete_autoencoder,ConcreteAutoencoder,1,1,38,validation,0.0484805181622505
Breast,concrete_autoencoder,ConcreteAutoencoder,1,1,39,validation,0.0484603233635425
Breast,concrete_autoencoder,ConcreteAutoencoder,1,1,40,validation,0.0483375191688537
Breast,concrete_autoencoder,ConcreteAutoencoder,1,1,41,validation,0.0482146181166172
Breast,concrete_autoencoder,ConcreteAutoencoder,1,1,42,validation,0.0480739697813987
Breast,concrete_autoencoder,ConcreteAutoencoder,1,1,43,validation,0.0479823350906372
Breast,concrete_autoencoder,ConcreteAutoencoder,1,1,44,validation,0.0479964353144168
Breast,concrete_autoencoder,ConcreteAutoencoder,1,1,45,validation,0.0479938238859176
Breast,concrete_autoencoder,ConcreteAutoencoder,1,1,46,validation,0.0478771701455116
Breast,concrete_autoencoder,ConcreteAutoencoder,1,1,47,validation,0.0476712845265865
Breast,concrete_autoencoder,ConcreteAutoencoder,1,1,48,validation,0.0476042069494724
Breast,concrete_autoencoder,ConcreteAutoencoder,1,1,49,validation,0.0475376546382904
Breast,concrete_autoencoder,ConcreteAutoencoder,1,1,50,validation,0.0474245846271514
Breast,concrete_autoencoder,ConcreteAutoencoder,1,1,51,validation,0.0473150797188282
Breast,concrete_autoencoder,ConcreteAutoencoder,1,1,52,validation,0.0472734868526458
Breast,concrete_autoencoder,ConcreteAutoencoder,1,1,53,validation,0.0471897721290588
Breast,concrete_autoencoder,ConcreteAutoencoder,1,1,54,validation,0.0470729954540729
Breast,concrete_autoencoder,ConcreteAutoencoder,1,1,55,validation,0.0469899848103523
Breast,concrete_autoencoder,ConcreteAutoencoder,1,1,56,validation,0.0469607189297676
Breast,concrete_autoencoder,ConcreteAutoencoder,1,1,57,validation,0.0468859896063804
Breast,concrete_autoencoder,ConcreteAutoencoder,1,1,58,validation,0.0468026772141456
Breast,concrete_autoencoder,ConcreteAutoencoder,1,1,59,validation,0.0467745400965213
Breast,concrete_autoencoder,ConcreteAutoencoder,1,1,60,validation,0.0468232408165931
Breast,concrete_autoencoder,ConcreteAutoencoder,1,1,61,validation,0.0468806363642215
Breast,concrete_autoencoder,ConcreteAutoencoder,1,1,62,validation,0.0469041652977466
Breast,concrete_autoencoder,ConcreteAutoencoder,1,1,63,validation,0.0468965135514736
Breast,concrete_autoencoder,ConcreteAutoencoder,1,1,64,validation,0.0468601696193218
Breast,concrete_autoencoder,ConcreteAutoencoder,1,1,65,validation,0.0466544665396213
Breast,concrete_autoencoder,ConcreteAutoencoder,1,1,66,validation,0.0465270951390266
Breast,concrete_autoencoder,ConcreteAutoencoder,1,1,67,validation,0.0464113242924213
Breast,concrete_autoencoder,ConcreteAutoencoder,1,1,68,validation,0.0462188497185707
Breast,concrete_autoencoder,ConcreteAutoencoder,1,1,69,validation,0.0460880808532238
Breast,concrete_autoencoder,ConcreteAutoencoder,1,1,70,validation,0.0459855832159519
Breast,concrete_autoencoder,ConcreteAutoencoder,1,1,71,validation,0.0458942875266075
Breast,concrete_autoencoder,ConcreteAutoencoder,1,1,72,validation,0.0457293801009655
Breast,concrete_autoencoder,ConcreteAutoencoder,1,1,73,validation,0.0455761328339576
Breast,concrete_autoencoder,ConcreteAutoencoder,1,1,74,validation,0.0454820729792118
Breast,concrete_autoencoder,ConcreteAutoencoder,1,1,75,validation,0.0454114973545074
Breast,concrete_autoencoder,ConcreteAutoencoder,1,1,76,validation,0.0453424602746963
Breast,concrete_autoencoder,ConcreteAutoencoder,1,1,77,validation,0.0453021638095378
Breast,concrete_autoencoder,ConcreteAutoencoder,1,1,78,validation,0.0452644228935241
Breast,concrete_autoencoder,ConcreteAutoencoder,1,1,79,validation,0.0452348366379737
Breast,concrete_autoencoder,ConcreteAutoencoder,1,1,80,validation,0.0451971627771854
Breast,concrete_autoencoder,ConcreteAutoencoder,1,1,81,validation,0.0451591052114963
Breast,concrete_autoencoder,ConcreteAutoencoder,1,1,82,validation,0.0451319031417369
Breast,concrete_autoencoder,ConcreteAutoencoder,1,1,83,validation,0.0451217480003833
Breast,concrete_autoencoder,ConcreteAutoencoder,1,1,84,validation,0.0451043769717216
Breast,concrete_autoencoder,ConcreteAutoencoder,1,1,85,validation,0.0450918488204479
Breast,concrete_autoencoder,ConcreteAutoencoder,1,1,86,validation,0.045035608112812
Breast,concrete_autoencoder,ConcreteAutoencoder,1,1,87,validation,0.0449857041239738
Breast,concrete_autoencoder,ConcreteAutoencoder,1,1,88,validation,0.0449517890810966
Breast,concrete_autoencoder,ConcreteAutoencoder,1,1,89,validation,0.0449502542614936
Breast,concrete_autoencoder,ConcreteAutoencoder,1,1,90,validation,0.044935755431652
Breast,concrete_autoencoder,ConcreteAutoencoder,1,1,91,validation,0.044939924031496
Breast,concrete_autoencoder,ConcreteAutoencoder,1,1,92,validation,0.0449524521827697
Breast,concrete_autoencoder,ConcreteAutoencoder,1,1,93,validation,0.0448762215673923
Breast,concrete_autoencoder,ConcreteAutoencoder,1,1,94,validation,0.0448221415281295
Breast,concrete_autoencoder,ConcreteAutoencoder,1,1,95,validation,0.0448100864887237
Breast,concrete_autoencoder,ConcreteAutoencoder,1,1,96,validation,0.0448425449430942
Breast,concrete_autoencoder,ConcreteAutoencoder,1,1,97,validation,0.04486695677042
Breast,concrete_autoencoder,ConcreteAutoencoder,1,1,98,validation,0.0448556803166866
Breast,concrete_autoencoder,ConcreteAutoencoder,1,1,99,validation,0.0448554530739784
Breast,concrete_autoencoder,ConcreteAutoencoder,1,1,100,validation,0.0448915921151638
colon,concrete_autoencoder,ConcreteAutoencoder,60,60,1,train,2.330331325531006
colon,concrete_autoencoder,ConcreteAutoencoder,60,60,2,train,2.0014772415161133
colon,concrete_autoencoder,ConcreteAutoencoder,60,60,3,train,1.7761948108673096
colon,concrete_autoencoder,ConcreteAutoencoder,60,60,4,train,1.614355444908142
colon,concrete_autoencoder,ConcreteAutoencoder,60,60,5,train,1.514866828918457
colon,concrete_autoencoder,ConcreteAutoencoder,60,60,6,train,1.4459573030471802
colon,concrete_autoencoder,ConcreteAutoencoder,60,60,7,train,1.4157202243804932
colon,concrete_autoencoder,ConcreteAutoencoder,60,60,8,train,1.4019893407821655
colon,concrete_autoencoder,ConcreteAutoencoder,60,60,9,train,1.3978315591812134
colon,concrete_autoencoder,ConcreteAutoencoder,60,60,10,train,1.3953558206558228
colon,concrete_autoencoder,ConcreteAutoencoder,60,60,11,train,1.3939696550369265
colon,concrete_autoencoder,ConcreteAutoencoder,60,60,12,train,1.3929040431976318
colon,concrete_autoencoder,ConcreteAutoencoder,60,60,13,train,1.3949393033981323
colon,concrete_autoencoder,ConcreteAutoencoder,60,60,14,train,1.392207145690918
colon,concrete_autoencoder,ConcreteAutoencoder,60,60,15,train,1.3898248672485352
colon,concrete_autoencoder,ConcreteAutoencoder,60,60,16,train,1.3859727382659912
colon,concrete_autoencoder,ConcreteAutoencoder,60,60,17,train,1.3820756673812866
colon,concrete_autoencoder,ConcreteAutoencoder,60,60,18,train,1.378798007965088
colon,concrete_autoencoder,ConcreteAutoencoder,60,60,19,train,1.3837065696716309
colon,concrete_autoencoder,ConcreteAutoencoder,60,60,20,train,1.386082887649536
colon,concrete_autoencoder,ConcreteAutoencoder,60,60,21,train,1.3884227275848389
colon,concrete_autoencoder,ConcreteAutoencoder,60,60,22,train,1.3888565301895142
colon,concrete_autoencoder,ConcreteAutoencoder,60,60,23,train,1.3881819248199463
colon,concrete_autoencoder,ConcreteAutoencoder,60,60,24,train,1.3859992027282717
colon,concrete_autoencoder,ConcreteAutoencoder,60,60,25,train,1.3838874101638794
colon,concrete_autoencoder,ConcreteAutoencoder,60,60,26,train,1.3847432136535645
colon,concrete_autoencoder,ConcreteAutoencoder,60,60,27,train,1.3829431533813477
colon,concrete_autoencoder,ConcreteAutoencoder,60,60,28,train,1.382416844367981
colon,concrete_autoencoder,ConcreteAutoencoder,60,60,29,train,1.3814539909362793
colon,concrete_autoencoder,ConcreteAutoencoder,60,60,30,train,1.379690647125244
colon,concrete_autoencoder,ConcreteAutoencoder,60,60,31,train,1.378718018531799
colon,concrete_autoencoder,ConcreteAutoencoder,60,60,32,train,1.3796494007110596
colon,concrete_autoencoder,ConcreteAutoencoder,60,60,33,train,1.3806225061416626
colon,concrete_autoencoder,ConcreteAutoencoder,60,60,34,train,1.3801811933517456
colon,concrete_autoencoder,ConcreteAutoencoder,60,60,35,train,1.3858424425125122
colon,concrete_autoencoder,ConcreteAutoencoder,60,60,36,train,1.3861289024353027
colon,concrete_autoencoder,ConcreteAutoencoder,60,60,37,train,1.3866336345672607
colon,concrete_autoencoder,ConcreteAutoencoder,60,60,38,train,1.3875772953033447
colon,concrete_autoencoder,ConcreteAutoencoder,60,60,39,train,1.3875123262405396
colon,concrete_autoencoder,ConcreteAutoencoder,60,60,40,train,1.3962229490280151
colon,concrete_autoencoder,ConcreteAutoencoder,60,60,41,train,1.401547074317932
colon,concrete_autoencoder,ConcreteAutoencoder,60,60,42,train,1.4029667377471924
colon,concrete_autoencoder,ConcreteAutoencoder,60,60,43,train,1.4103530645370483
colon,concrete_autoencoder,ConcreteAutoencoder,60,60,44,train,1.4091516733169556
colon,concrete_autoencoder,ConcreteAutoencoder,60,60,45,train,1.412701964378357
colon,concrete_autoencoder,ConcreteAutoencoder,60,60,46,train,1.42327618598938
colon,concrete_autoencoder,ConcreteAutoencoder,60,60,47,train,1.4346100091934204
colon,concrete_autoencoder,ConcreteAutoencoder,60,60,48,train,1.431829810142517
colon,concrete_autoencoder,ConcreteAutoencoder,60,60,49,train,1.4455275535583496
colon,concrete_autoencoder,ConcreteAutoencoder,60,60,50,train,1.4393341541290283
colon,concrete_autoencoder,ConcreteAutoencoder,60,60,51,train,1.4533789157867432
colon,concrete_autoencoder,ConcreteAutoencoder,60,60,52,train,1.4518661499023438
colon,concrete_autoencoder,ConcreteAutoencoder,60,60,53,train,1.4538908004760742
colon,concrete_autoencoder,ConcreteAutoencoder,60,60,54,train,1.4619722366333008
colon,concrete_autoencoder,ConcreteAutoencoder,60,60,55,train,1.456210374832153
colon,concrete_autoencoder,ConcreteAutoencoder,60,60,56,train,1.4703998565673828
colon,concrete_autoencoder,ConcreteAutoencoder,60,60,57,train,1.4738606214523315
colon,concrete_autoencoder,ConcreteAutoencoder,60,60,58,train,1.4797781705856323
colon,concrete_autoencoder,ConcreteAutoencoder,60,60,59,train,1.479094624519348
colon,concrete_autoencoder,ConcreteAutoencoder,60,60,60,train,1.4840137958526611
colon,concrete_autoencoder,ConcreteAutoencoder,60,60,61,train,1.491838455200195
colon,concrete_autoencoder,ConcreteAutoencoder,60,60,62,train,1.4817086458206177
colon,concrete_autoencoder,ConcreteAutoencoder,60,60,63,train,1.4882152080535889
colon,concrete_autoencoder,ConcreteAutoencoder,60,60,64,train,1.4884499311447144
colon,concrete_autoencoder,ConcreteAutoencoder,60,60,65,train,1.4921940565109253
colon,concrete_autoencoder,ConcreteAutoencoder,60,60,66,train,1.4819391965866089
colon,concrete_autoencoder,ConcreteAutoencoder,60,60,67,train,1.499624252319336
colon,concrete_autoencoder,ConcreteAutoencoder,60,60,68,train,1.5182743072509766
colon,concrete_autoencoder,ConcreteAutoencoder,60,60,69,train,1.5056722164154053
colon,concrete_autoencoder,ConcreteAutoencoder,60,60,70,train,1.498288631439209
colon,concrete_autoencoder,ConcreteAutoencoder,60,60,71,train,1.488730788230896
colon,concrete_autoencoder,ConcreteAutoencoder,60,60,72,train,1.5120785236358645
colon,concrete_autoencoder,ConcreteAutoencoder,60,60,73,train,1.485049605369568
colon,concrete_autoencoder,ConcreteAutoencoder,60,60,74,train,1.4978567361831665
colon,concrete_autoencoder,ConcreteAutoencoder,60,60,75,train,1.4657865762710571
colon,concrete_autoencoder,ConcreteAutoencoder,60,60,76,train,1.5073394775390625
colon,concrete_autoencoder,ConcreteAutoencoder,60,60,77,train,1.5011142492294312
colon,concrete_autoencoder,ConcreteAutoencoder,60,60,78,train,1.4937506914138794
colon,concrete_autoencoder,ConcreteAutoencoder,60,60,79,train,1.4910709857940674
colon,concrete_autoencoder,ConcreteAutoencoder,60,60,80,train,1.520102620124817
colon,concrete_autoencoder,ConcreteAutoencoder,60,60,81,train,1.4973293542861938
colon,concrete_autoencoder,ConcreteAutoencoder,60,60,82,train,1.4793416261672974
colon,concrete_autoencoder,ConcreteAutoencoder,60,60,83,train,1.5170888900756836
colon,concrete_autoencoder,ConcreteAutoencoder,60,60,84,train,1.4985601902008057
colon,concrete_autoencoder,ConcreteAutoencoder,60,60,85,train,1.4683946371078491
colon,concrete_autoencoder,ConcreteAutoencoder,60,60,86,train,1.4924579858779907
colon,concrete_autoencoder,ConcreteAutoencoder,60,60,87,train,1.5468080043792725
colon,concrete_autoencoder,ConcreteAutoencoder,60,60,88,train,1.4876598119735718
colon,concrete_autoencoder,ConcreteAutoencoder,60,60,89,train,1.4755488634109497
colon,concrete_autoencoder,ConcreteAutoencoder,60,60,90,train,1.4621376991271973
colon,concrete_autoencoder,ConcreteAutoencoder,60,60,91,train,1.4443037509918213
colon,concrete_autoencoder,ConcreteAutoencoder,60,60,92,train,1.428868293762207
colon,concrete_autoencoder,ConcreteAutoencoder,60,60,93,train,1.481063723564148
colon,concrete_autoencoder,ConcreteAutoencoder,60,60,94,train,1.4903298616409302
colon,concrete_autoencoder,ConcreteAutoencoder,60,60,95,train,1.4740500450134275
colon,concrete_autoencoder,ConcreteAutoencoder,60,60,96,train,1.4845974445343018
colon,concrete_autoencoder,ConcreteAutoencoder,60,60,97,train,1.4518195390701294
colon,concrete_autoencoder,ConcreteAutoencoder,60,60,98,train,1.4590020179748535
colon,concrete_autoencoder,ConcreteAutoencoder,60,60,99,train,1.4769474267959597
colon,concrete_autoencoder,ConcreteAutoencoder,60,60,100,train,1.4607181549072266
colon,concrete_autoencoder,ConcreteAutoencoder,60,60,1,validation,2.2120540142059326
colon,concrete_autoencoder,ConcreteAutoencoder,60,60,2,validation,1.961456060409546
colon,concrete_autoencoder,ConcreteAutoencoder,60,60,3,validation,1.807397961616516
colon,concrete_autoencoder,ConcreteAutoencoder,60,60,4,validation,1.7028720378875732
colon,concrete_autoencoder,ConcreteAutoencoder,60,60,5,validation,1.64165198802948
colon,concrete_autoencoder,ConcreteAutoencoder,60,60,6,validation,1.622816562652588
colon,concrete_autoencoder,ConcreteAutoencoder,60,60,7,validation,1.617930889129639
colon,concrete_autoencoder,ConcreteAutoencoder,60,60,8,validation,1.6233350038528442
colon,concrete_autoencoder,ConcreteAutoencoder,60,60,9,validation,1.6354711055755615
colon,concrete_autoencoder,ConcreteAutoencoder,60,60,10,validation,1.6385706663131714
colon,concrete_autoencoder,ConcreteAutoencoder,60,60,11,validation,1.653524398803711
colon,concrete_autoencoder,ConcreteAutoencoder,60,60,12,validation,1.6550490856170654
colon,concrete_autoencoder,ConcreteAutoencoder,60,60,13,validation,1.6584327220916748
colon,concrete_autoencoder,ConcreteAutoencoder,60,60,14,validation,1.6525391340255735
colon,concrete_autoencoder,ConcreteAutoencoder,60,60,15,validation,1.6555399894714355
colon,concrete_autoencoder,ConcreteAutoencoder,60,60,16,validation,1.6430797576904297
colon,concrete_autoencoder,ConcreteAutoencoder,60,60,17,validation,1.6414166688919067
colon,concrete_autoencoder,ConcreteAutoencoder,60,60,18,validation,1.6538889408111572
colon,concrete_autoencoder,ConcreteAutoencoder,60,60,19,validation,1.659595608711243
colon,concrete_autoencoder,ConcreteAutoencoder,60,60,20,validation,1.6406199932098389
colon,concrete_autoencoder,ConcreteAutoencoder,60,60,21,validation,1.63107430934906
colon,concrete_autoencoder,ConcreteAutoencoder,60,60,22,validation,1.6137211322784424
colon,concrete_autoencoder,ConcreteAutoencoder,60,60,23,validation,1.6099404096603394
colon,concrete_autoencoder,ConcreteAutoencoder,60,60,24,validation,1.6047046184539795
colon,concrete_autoencoder,ConcreteAutoencoder,60,60,25,validation,1.6190968751907349
colon,concrete_autoencoder,ConcreteAutoencoder,60,60,26,validation,1.6255757808685305
colon,concrete_autoencoder,ConcreteAutoencoder,60,60,27,validation,1.625232458114624
colon,concrete_autoencoder,ConcreteAutoencoder,60,60,28,validation,1.65325665473938
colon,concrete_autoencoder,ConcreteAutoencoder,60,60,29,validation,1.648118495941162
colon,concrete_autoencoder,ConcreteAutoencoder,60,60,30,validation,1.6448657512664795
colon,concrete_autoencoder,ConcreteAutoencoder,60,60,31,validation,1.62614905834198
colon,concrete_autoencoder,ConcreteAutoencoder,60,60,32,validation,1.623062014579773
colon,concrete_autoencoder,ConcreteAutoencoder,60,60,33,validation,1.6096757650375366
colon,concrete_autoencoder,ConcreteAutoencoder,60,60,34,validation,1.6193718910217283
colon,concrete_autoencoder,ConcreteAutoencoder,60,60,35,validation,1.6333122253417969
colon,concrete_autoencoder,ConcreteAutoencoder,60,60,36,validation,1.63368022441864
colon,concrete_autoencoder,ConcreteAutoencoder,60,60,37,validation,1.6384718418121338
colon,concrete_autoencoder,ConcreteAutoencoder,60,60,38,validation,1.6285922527313232
colon,concrete_autoencoder,ConcreteAutoencoder,60,60,39,validation,1.6295292377471924
colon,concrete_autoencoder,ConcreteAutoencoder,60,60,40,validation,1.620444655418396
colon,concrete_autoencoder,ConcreteAutoencoder,60,60,41,validation,1.6386353969573977
colon,concrete_autoencoder,ConcreteAutoencoder,60,60,42,validation,1.621160626411438
colon,concrete_autoencoder,ConcreteAutoencoder,60,60,43,validation,1.6228922605514526
colon,concrete_autoencoder,ConcreteAutoencoder,60,60,44,validation,1.615073561668396
colon,concrete_autoencoder,ConcreteAutoencoder,60,60,45,validation,1.6140230894088743
colon,concrete_autoencoder,ConcreteAutoencoder,60,60,46,validation,1.6077569723129272
colon,concrete_autoencoder,ConcreteAutoencoder,60,60,47,validation,1.6052391529083252
colon,concrete_autoencoder,ConcreteAutoencoder,60,60,48,validation,1.6123263835906982
colon,concrete_autoencoder,ConcreteAutoencoder,60,60,49,validation,1.6090202331542969
colon,concrete_autoencoder,ConcreteAutoencoder,60,60,50,validation,1.610196590423584
colon,concrete_autoencoder,ConcreteAutoencoder,60,60,51,validation,1.60431969165802
colon,concrete_autoencoder,ConcreteAutoencoder,60,60,52,validation,1.606935977935791
colon,concrete_autoencoder,ConcreteAutoencoder,60,60,53,validation,1.610970377922058
colon,concrete_autoencoder,ConcreteAutoencoder,60,60,54,validation,1.6157951354980469
colon,concrete_autoencoder,ConcreteAutoencoder,60,60,55,validation,1.6133310794830322
colon,concrete_autoencoder,ConcreteAutoencoder,60,60,56,validation,1.621870756149292
colon,concrete_autoencoder,ConcreteAutoencoder,60,60,57,validation,1.627624750137329
colon,concrete_autoencoder,ConcreteAutoencoder,60,60,58,validation,1.6298094987869265
colon,concrete_autoencoder,ConcreteAutoencoder,60,60,59,validation,1.6265413761138916
colon,concrete_autoencoder,ConcreteAutoencoder,60,60,60,validation,1.6227548122406006
colon,concrete_autoencoder,ConcreteAutoencoder,60,60,61,validation,1.6189932823181152
colon,concrete_autoencoder,ConcreteAutoencoder,60,60,62,validation,1.6196244955062866
colon,concrete_autoencoder,ConcreteAutoencoder,60,60,63,validation,1.6235052347183228
colon,concrete_autoencoder,ConcreteAutoencoder,60,60,64,validation,1.6233150959014893
colon,concrete_autoencoder,ConcreteAutoencoder,60,60,65,validation,1.627899169921875
colon,concrete_autoencoder,ConcreteAutoencoder,60,60,66,validation,1.6421849727630615
colon,concrete_autoencoder,ConcreteAutoencoder,60,60,67,validation,1.6500786542892456
colon,concrete_autoencoder,ConcreteAutoencoder,60,60,68,validation,1.6502344608306885
colon,concrete_autoencoder,ConcreteAutoencoder,60,60,69,validation,1.640235185623169
colon,concrete_autoencoder,ConcreteAutoencoder,60,60,70,validation,1.6277759075164795
colon,concrete_autoencoder,ConcreteAutoencoder,60,60,71,validation,1.6098682880401611
colon,concrete_autoencoder,ConcreteAutoencoder,60,60,72,validation,1.6007015705108645
colon,concrete_autoencoder,ConcreteAutoencoder,60,60,73,validation,1.602566480636597
colon,concrete_autoencoder,ConcreteAutoencoder,60,60,74,validation,1.6111890077590942
colon,concrete_autoencoder,ConcreteAutoencoder,60,60,75,validation,1.6188976764678955
colon,concrete_autoencoder,ConcreteAutoencoder,60,60,76,validation,1.619470477104187
colon,concrete_autoencoder,ConcreteAutoencoder,60,60,77,validation,1.6060841083526611
colon,concrete_autoencoder,ConcreteAutoencoder,60,60,78,validation,1.603701949119568
colon,concrete_autoencoder,ConcreteAutoencoder,60,60,79,validation,1.6013365983963013
colon,concrete_autoencoder,ConcreteAutoencoder,60,60,80,validation,1.5998355150222778
colon,concrete_autoencoder,ConcreteAutoencoder,60,60,81,validation,1.5994292497634888
colon,concrete_autoencoder,ConcreteAutoencoder,60,60,82,validation,1.596047043800354
colon,concrete_autoencoder,ConcreteAutoencoder,60,60,83,validation,1.5926783084869385
colon,concrete_autoencoder,ConcreteAutoencoder,60,60,84,validation,1.5894176959991455
colon,concrete_autoencoder,ConcreteAutoencoder,60,60,85,validation,1.5855774879455566
colon,concrete_autoencoder,ConcreteAutoencoder,60,60,86,validation,1.581392526626587
colon,concrete_autoencoder,ConcreteAutoencoder,60,60,87,validation,1.57666015625
colon,concrete_autoencoder,ConcreteAutoencoder,60,60,88,validation,1.57555890083313
colon,concrete_autoencoder,ConcreteAutoencoder,60,60,89,validation,1.582427740097046
colon,concrete_autoencoder,ConcreteAutoencoder,60,60,90,validation,1.584077000617981
colon,concrete_autoencoder,ConcreteAutoencoder,60,60,91,validation,1.5804715156555176
colon,concrete_autoencoder,ConcreteAutoencoder,60,60,92,validation,1.57942533493042
colon,concrete_autoencoder,ConcreteAutoencoder,60,60,93,validation,1.5772839784622192
colon,concrete_autoencoder,ConcreteAutoencoder,60,60,94,validation,1.583346605300903
colon,concrete_autoencoder,ConcreteAutoencoder,60,60,95,validation,1.583951473236084
colon,concrete_autoencoder,ConcreteAutoencoder,60,60,96,validation,1.5815683603286743
colon,concrete_autoencoder,ConcreteAutoencoder,60,60,97,validation,1.5802720785140991
colon,concrete_autoencoder,ConcreteAutoencoder,60,60,98,validation,1.5767868757247925
colon,concrete_autoencoder,ConcreteAutoencoder,60,60,99,validation,1.576945424079895
colon,concrete_autoencoder,ConcreteAutoencoder,60,60,100,validation,1.554529309272766
colon,concrete_autoencoder,ConcreteAutoencoder,30,30,1,train,2.301520347595215
colon,concrete_autoencoder,ConcreteAutoencoder,30,30,2,train,2.131289005279541
colon,concrete_autoencoder,ConcreteAutoencoder,30,30,3,train,1.9802967309951784
colon,concrete_autoencoder,ConcreteAutoencoder,30,30,4,train,1.862661361694336
colon,concrete_autoencoder,ConcreteAutoencoder,30,30,5,train,1.7703415155410769
colon,concrete_autoencoder,ConcreteAutoencoder,30,30,6,train,1.6898488998413086
colon,concrete_autoencoder,ConcreteAutoencoder,30,30,7,train,1.6258068084716797
colon,concrete_autoencoder,ConcreteAutoencoder,30,30,8,train,1.5725281238555908
colon,concrete_autoencoder,ConcreteAutoencoder,30,30,9,train,1.5295246839523315
colon,concrete_autoencoder,ConcreteAutoencoder,30,30,10,train,1.494383692741394
colon,concrete_autoencoder,ConcreteAutoencoder,30,30,11,train,1.466017723083496
colon,concrete_autoencoder,ConcreteAutoencoder,30,30,12,train,1.4450747966766355
colon,concrete_autoencoder,ConcreteAutoencoder,30,30,13,train,1.4268245697021484
colon,concrete_autoencoder,ConcreteAutoencoder,30,30,14,train,1.4124634265899658
colon,concrete_autoencoder,ConcreteAutoencoder,30,30,15,train,1.4022072553634644
colon,concrete_autoencoder,ConcreteAutoencoder,30,30,16,train,1.3943431377410889
colon,concrete_autoencoder,ConcreteAutoencoder,30,30,17,train,1.3895753622055054
colon,concrete_autoencoder,ConcreteAutoencoder,30,30,18,train,1.386400818824768
colon,concrete_autoencoder,ConcreteAutoencoder,30,30,19,train,1.3837172985076904
colon,concrete_autoencoder,ConcreteAutoencoder,30,30,20,train,1.3818668127059937
colon,concrete_autoencoder,ConcreteAutoencoder,30,30,21,train,1.3800358772277832
colon,concrete_autoencoder,ConcreteAutoencoder,30,30,22,train,1.3786741495132446
colon,concrete_autoencoder,ConcreteAutoencoder,30,30,23,train,1.377707839012146
colon,concrete_autoencoder,ConcreteAutoencoder,30,30,24,train,1.376837134361267
colon,concrete_autoencoder,ConcreteAutoencoder,30,30,25,train,1.3763223886489868
colon,concrete_autoencoder,ConcreteAutoencoder,30,30,26,train,1.3761789798736572
colon,concrete_autoencoder,ConcreteAutoencoder,30,30,27,train,1.3766363859176636
colon,concrete_autoencoder,ConcreteAutoencoder,30,30,28,train,1.3752890825271606
colon,concrete_autoencoder,ConcreteAutoencoder,30,30,29,train,1.3760697841644287
colon,concrete_autoencoder,ConcreteAutoencoder,30,30,30,train,1.3753865957260132
colon,concrete_autoencoder,ConcreteAutoencoder,30,30,31,train,1.3767292499542236
colon,concrete_autoencoder,ConcreteAutoencoder,30,30,32,train,1.375720739364624
colon,concrete_autoencoder,ConcreteAutoencoder,30,30,33,train,1.3771432638168335
colon,concrete_autoencoder,ConcreteAutoencoder,30,30,34,train,1.376347899436951
colon,concrete_autoencoder,ConcreteAutoencoder,30,30,35,train,1.3767343759536743
colon,concrete_autoencoder,ConcreteAutoencoder,30,30,36,train,1.3774830102920532
colon,concrete_autoencoder,ConcreteAutoencoder,30,30,37,train,1.3800451755523682
colon,concrete_autoencoder,ConcreteAutoencoder,30,30,38,train,1.377842664718628
colon,concrete_autoencoder,ConcreteAutoencoder,30,30,39,train,1.3839761018753052
colon,concrete_autoencoder,ConcreteAutoencoder,30,30,40,train,1.3837112188339231
colon,concrete_autoencoder,ConcreteAutoencoder,30,30,41,train,1.3915531635284424
colon,concrete_autoencoder,ConcreteAutoencoder,30,30,42,train,1.391648530960083
colon,concrete_autoencoder,ConcreteAutoencoder,30,30,43,train,1.39922034740448
colon,concrete_autoencoder,ConcreteAutoencoder,30,30,44,train,1.4094833135604858
colon,concrete_autoencoder,ConcreteAutoencoder,30,30,45,train,1.4095230102539062
colon,concrete_autoencoder,ConcreteAutoencoder,30,30,46,train,1.4012935161590576
colon,concrete_autoencoder,ConcreteAutoencoder,30,30,47,train,1.4135247468948364
colon,concrete_autoencoder,ConcreteAutoencoder,30,30,48,train,1.4143437147140503
colon,concrete_autoencoder,ConcreteAutoencoder,30,30,49,train,1.4241456985473633
colon,concrete_autoencoder,ConcreteAutoencoder,30,30,50,train,1.4291789531707764
colon,concrete_autoencoder,ConcreteAutoencoder,30,30,51,train,1.4454927444458008
colon,concrete_autoencoder,ConcreteAutoencoder,30,30,52,train,1.4359726905822754
colon,concrete_autoencoder,ConcreteAutoencoder,30,30,53,train,1.4342666864395142
colon,concrete_autoencoder,ConcreteAutoencoder,30,30,54,train,1.423176646232605
colon,concrete_autoencoder,ConcreteAutoencoder,30,30,55,train,1.4387054443359375
colon,concrete_autoencoder,ConcreteAutoencoder,30,30,56,train,1.448741793632507
colon,concrete_autoencoder,ConcreteAutoencoder,30,30,57,train,1.4568252563476562
colon,concrete_autoencoder,ConcreteAutoencoder,30,30,58,train,1.449161410331726
colon,concrete_autoencoder,ConcreteAutoencoder,30,30,59,train,1.4470031261444092
colon,concrete_autoencoder,ConcreteAutoencoder,30,30,60,train,1.4313644170761108
colon,concrete_autoencoder,ConcreteAutoencoder,30,30,61,train,1.46973717212677
colon,concrete_autoencoder,ConcreteAutoencoder,30,30,62,train,1.4652395248413086
colon,concrete_autoencoder,ConcreteAutoencoder,30,30,63,train,1.4638625383377075
colon,concrete_autoencoder,ConcreteAutoencoder,30,30,64,train,1.4732377529144287
colon,concrete_autoencoder,ConcreteAutoencoder,30,30,65,train,1.477591633796692
colon,concrete_autoencoder,ConcreteAutoencoder,30,30,66,train,1.4782819747924805
colon,concrete_autoencoder,ConcreteAutoencoder,30,30,67,train,1.460555076599121
colon,concrete_autoencoder,ConcreteAutoencoder,30,30,68,train,1.456548094749451
colon,concrete_autoencoder,ConcreteAutoencoder,30,30,69,train,1.4640015363693235
colon,concrete_autoencoder,ConcreteAutoencoder,30,30,70,train,1.468636393547058
colon,concrete_autoencoder,ConcreteAutoencoder,30,30,71,train,1.4657078981399536
colon,concrete_autoencoder,ConcreteAutoencoder,30,30,72,train,1.4817240238189695
colon,concrete_autoencoder,ConcreteAutoencoder,30,30,73,train,1.4588823318481443
colon,concrete_autoencoder,ConcreteAutoencoder,30,30,74,train,1.478609561920166
colon,concrete_autoencoder,ConcreteAutoencoder,30,30,75,train,1.4552733898162842
colon,concrete_autoencoder,ConcreteAutoencoder,30,30,76,train,1.4692254066467283
colon,concrete_autoencoder,ConcreteAutoencoder,30,30,77,train,1.4666789770126345
colon,concrete_autoencoder,ConcreteAutoencoder,30,30,78,train,1.4540467262268066
colon,concrete_autoencoder,ConcreteAutoencoder,30,30,79,train,1.4604345560073853
colon,concrete_autoencoder,ConcreteAutoencoder,30,30,80,train,1.4576106071472168
colon,concrete_autoencoder,ConcreteAutoencoder,30,30,81,train,1.4607069492340088
colon,concrete_autoencoder,ConcreteAutoencoder,30,30,82,train,1.484054684638977
colon,concrete_autoencoder,ConcreteAutoencoder,30,30,83,train,1.4560606479644775
colon,concrete_autoencoder,ConcreteAutoencoder,30,30,84,train,1.4399197101593018
colon,concrete_autoencoder,ConcreteAutoencoder,30,30,85,train,1.4884836673736572
colon,concrete_autoencoder,ConcreteAutoencoder,30,30,86,train,1.4573742151260376
colon,concrete_autoencoder,ConcreteAutoencoder,30,30,87,train,1.4541385173797607
colon,concrete_autoencoder,ConcreteAutoencoder,30,30,88,train,1.462050199508667
colon,concrete_autoencoder,ConcreteAutoencoder,30,30,89,train,1.4735536575317385
colon,concrete_autoencoder,ConcreteAutoencoder,30,30,90,train,1.4649440050125122
colon,concrete_autoencoder,ConcreteAutoencoder,30,30,91,train,1.4509364366531372
colon,concrete_autoencoder,ConcreteAutoencoder,30,30,92,train,1.4760977029800415
colon,concrete_autoencoder,ConcreteAutoencoder,30,30,93,train,1.495542049407959
colon,concrete_autoencoder,ConcreteAutoencoder,30,30,94,train,1.4653050899505615
colon,concrete_autoencoder,ConcreteAutoencoder,30,30,95,train,1.431740403175354
colon,concrete_autoencoder,ConcreteAutoencoder,30,30,96,train,1.440901756286621
colon,concrete_autoencoder,ConcreteAutoencoder,30,30,97,train,1.446079969406128
colon,concrete_autoencoder,ConcreteAutoencoder,30,30,98,train,1.455807328224182
colon,concrete_autoencoder,ConcreteAutoencoder,30,30,99,train,1.4351202249526978
colon,concrete_autoencoder,ConcreteAutoencoder,30,30,100,train,1.4365154504776
colon,concrete_autoencoder,ConcreteAutoencoder,30,30,1,validation,2.2413601875305176
colon,concrete_autoencoder,ConcreteAutoencoder,30,30,2,validation,2.08728575706482
colon,concrete_autoencoder,ConcreteAutoencoder,30,30,3,validation,1.971643686294556
colon,concrete_autoencoder,ConcreteAutoencoder,30,30,4,validation,1.8644553422927856
colon,concrete_autoencoder,ConcreteAutoencoder,30,30,5,validation,1.7900270223617554
colon,concrete_autoencoder,ConcreteAutoencoder,30,30,6,validation,1.7311174869537354
colon,concrete_autoencoder,ConcreteAutoencoder,30,30,7,validation,1.6792571544647217
colon,concrete_autoencoder,ConcreteAutoencoder,30,30,8,validation,1.651840090751648
colon,concrete_autoencoder,ConcreteAutoencoder,30,30,9,validation,1.62732994556427
colon,concrete_autoencoder,ConcreteAutoencoder,30,30,10,validation,1.634350061416626
colon,concrete_autoencoder,ConcreteAutoencoder,30,30,11,validation,1.638624668121338
colon,concrete_autoencoder,ConcreteAutoencoder,30,30,12,validation,1.6400679349899292
colon,concrete_autoencoder,ConcreteAutoencoder,30,30,13,validation,1.6492263078689575
colon,concrete_autoencoder,ConcreteAutoencoder,30,30,14,validation,1.6471201181411743
colon,concrete_autoencoder,ConcreteAutoencoder,30,30,15,validation,1.669783115386963
colon,concrete_autoencoder,ConcreteAutoencoder,30,30,16,validation,1.678061842918396
colon,concrete_autoencoder,ConcreteAutoencoder,30,30,17,validation,1.694249987602234
colon,concrete_autoencoder,ConcreteAutoencoder,30,30,18,validation,1.7319386005401611
colon,concrete_autoencoder,ConcreteAutoencoder,30,30,19,validation,1.7346514463424685
colon,concrete_autoencoder,ConcreteAutoencoder,30,30,20,validation,1.7191141843795776
colon,concrete_autoencoder,ConcreteAutoencoder,30,30,21,validation,1.7255109548568726
colon,concrete_autoencoder,ConcreteAutoencoder,30,30,22,validation,1.734727144241333
colon,concrete_autoencoder,ConcreteAutoencoder,30,30,23,validation,1.7271872758865356
colon,concrete_autoencoder,ConcreteAutoencoder,30,30,24,validation,1.7471765279769895
colon,concrete_autoencoder,ConcreteAutoencoder,30,30,25,validation,1.7735209465026855
colon,concrete_autoencoder,ConcreteAutoencoder,30,30,26,validation,1.774894118309021
colon,concrete_autoencoder,ConcreteAutoencoder,30,30,27,validation,1.7866052389144895
colon,concrete_autoencoder,ConcreteAutoencoder,30,30,28,validation,1.7869828939437866
colon,concrete_autoencoder,ConcreteAutoencoder,30,30,29,validation,1.787314772605896
colon,concrete_autoencoder,ConcreteAutoencoder,30,30,30,validation,1.7896647453308103
colon,concrete_autoencoder,ConcreteAutoencoder,30,30,31,validation,1.8100084066390991
colon,concrete_autoencoder,ConcreteAutoencoder,30,30,32,validation,1.850241780281067
colon,concrete_autoencoder,ConcreteAutoencoder,30,30,33,validation,1.842441439628601
colon,concrete_autoencoder,ConcreteAutoencoder,30,30,34,validation,1.852198362350464
colon,concrete_autoencoder,ConcreteAutoencoder,30,30,35,validation,1.831123113632202
colon,concrete_autoencoder,ConcreteAutoencoder,30,30,36,validation,1.8292711973190308
colon,concrete_autoencoder,ConcreteAutoencoder,30,30,37,validation,1.8506537675857544
colon,concrete_autoencoder,ConcreteAutoencoder,30,30,38,validation,1.847349047660828
colon,concrete_autoencoder,ConcreteAutoencoder,30,30,39,validation,1.781221866607666
colon,concrete_autoencoder,ConcreteAutoencoder,30,30,40,validation,1.7286432981491089
colon,concrete_autoencoder,ConcreteAutoencoder,30,30,41,validation,1.730432391166687
colon,concrete_autoencoder,ConcreteAutoencoder,30,30,42,validation,1.7401045560836792
colon,concrete_autoencoder,ConcreteAutoencoder,30,30,43,validation,1.722353458404541
colon,concrete_autoencoder,ConcreteAutoencoder,30,30,44,validation,1.7209017276763916
colon,concrete_autoencoder,ConcreteAutoencoder,30,30,45,validation,1.695837140083313
colon,concrete_autoencoder,ConcreteAutoencoder,30,30,46,validation,1.6847752332687378
colon,concrete_autoencoder,ConcreteAutoencoder,30,30,47,validation,1.673070788383484
colon,concrete_autoencoder,ConcreteAutoencoder,30,30,48,validation,1.6715028285980225
colon,concrete_autoencoder,ConcreteAutoencoder,30,30,49,validation,1.6661460399627686
colon,concrete_autoencoder,ConcreteAutoencoder,30,30,50,validation,1.6854323148727417
colon,concrete_autoencoder,ConcreteAutoencoder,30,30,51,validation,1.6951730251312256
colon,concrete_autoencoder,ConcreteAutoencoder,30,30,52,validation,1.698100209236145
colon,concrete_autoencoder,ConcreteAutoencoder,30,30,53,validation,1.6957013607025146
colon,concrete_autoencoder,ConcreteAutoencoder,30,30,54,validation,1.665934920310974
colon,concrete_autoencoder,ConcreteAutoencoder,30,30,55,validation,1.6629395484924316
colon,concrete_autoencoder,ConcreteAutoencoder,30,30,56,validation,1.659199357032776
colon,concrete_autoencoder,ConcreteAutoencoder,30,30,57,validation,1.6610066890716553
colon,concrete_autoencoder,ConcreteAutoencoder,30,30,58,validation,1.66158926486969
colon,concrete_autoencoder,ConcreteAutoencoder,30,30,59,validation,1.664947271347046
colon,concrete_autoencoder,ConcreteAutoencoder,30,30,60,validation,1.6300867795944214
colon,concrete_autoencoder,ConcreteAutoencoder,30,30,61,validation,1.6294825077056885
colon,concrete_autoencoder,ConcreteAutoencoder,30,30,62,validation,1.6306138038635254
colon,concrete_autoencoder,ConcreteAutoencoder,30,30,63,validation,1.6307907104492188
colon,concrete_autoencoder,ConcreteAutoencoder,30,30,64,validation,1.6378661394119265
colon,concrete_autoencoder,ConcreteAutoencoder,30,30,65,validation,1.6624929904937744
colon,concrete_autoencoder,ConcreteAutoencoder,30,30,66,validation,1.6609395742416382
colon,concrete_autoencoder,ConcreteAutoencoder,30,30,67,validation,1.6635956764221191
colon,concrete_autoencoder,ConcreteAutoencoder,30,30,68,validation,1.6615192890167236
colon,concrete_autoencoder,ConcreteAutoencoder,30,30,69,validation,1.6612980365753174
colon,concrete_autoencoder,ConcreteAutoencoder,30,30,70,validation,1.6705418825149536
colon,concrete_autoencoder,ConcreteAutoencoder,30,30,71,validation,1.6689904928207395
colon,concrete_autoencoder,ConcreteAutoencoder,30,30,72,validation,1.701030135154724
colon,concrete_autoencoder,ConcreteAutoencoder,30,30,73,validation,1.716680645942688
colon,concrete_autoencoder,ConcreteAutoencoder,30,30,74,validation,1.7150980234146118
colon,concrete_autoencoder,ConcreteAutoencoder,30,30,75,validation,1.7135192155838013
colon,concrete_autoencoder,ConcreteAutoencoder,30,30,76,validation,1.712746262550354
colon,concrete_autoencoder,ConcreteAutoencoder,30,30,77,validation,1.7145657539367676
colon,concrete_autoencoder,ConcreteAutoencoder,30,30,78,validation,1.7144948244094849
colon,concrete_autoencoder,ConcreteAutoencoder,30,30,79,validation,1.7108268737792969
colon,concrete_autoencoder,ConcreteAutoencoder,30,30,80,validation,1.707854986190796
colon,concrete_autoencoder,ConcreteAutoencoder,30,30,81,validation,1.724323034286499
colon,concrete_autoencoder,ConcreteAutoencoder,30,30,82,validation,1.722542405128479
colon,concrete_autoencoder,ConcreteAutoencoder,30,30,83,validation,1.710435390472412
colon,concrete_autoencoder,ConcreteAutoencoder,30,30,84,validation,1.7071105241775513
colon,concrete_autoencoder,ConcreteAutoencoder,30,30,85,validation,1.681121826171875
colon,concrete_autoencoder,ConcreteAutoencoder,30,30,86,validation,1.6818779706954956
colon,concrete_autoencoder,ConcreteAutoencoder,30,30,87,validation,1.6947842836380005
colon,concrete_autoencoder,ConcreteAutoencoder,30,30,88,validation,1.6963576078414917
colon,concrete_autoencoder,ConcreteAutoencoder,30,30,89,validation,1.6958993673324585
colon,concrete_autoencoder,ConcreteAutoencoder,30,30,90,validation,1.6954302787780762
colon,concrete_autoencoder,ConcreteAutoencoder,30,30,91,validation,1.6941698789596558
colon,concrete_autoencoder,ConcreteAutoencoder,30,30,92,validation,1.684342861175537
colon,concrete_autoencoder,ConcreteAutoencoder,30,30,93,validation,1.6845932006835938
colon,concrete_autoencoder,ConcreteAutoencoder,30,30,94,validation,1.6847026348114014
colon,concrete_autoencoder,ConcreteAutoencoder,30,30,95,validation,1.667796015739441
colon,concrete_autoencoder,ConcreteAutoencoder,30,30,96,validation,1.6693952083587646
colon,concrete_autoencoder,ConcreteAutoencoder,30,30,97,validation,1.671479344367981
colon,concrete_autoencoder,ConcreteAutoencoder,30,30,98,validation,1.676352858543396
colon,concrete_autoencoder,ConcreteAutoencoder,30,30,99,validation,1.6721948385238647
colon,concrete_autoencoder,ConcreteAutoencoder,30,30,100,validation,1.6756447553634644
colon,concrete_autoencoder,ConcreteAutoencoder,10,10,1,train,2.3221561908721924
colon,concrete_autoencoder,ConcreteAutoencoder,10,10,2,train,2.2589669227600098
colon,concrete_autoencoder,ConcreteAutoencoder,10,10,3,train,2.202478170394897
colon,concrete_autoencoder,ConcreteAutoencoder,10,10,4,train,2.146851062774658
colon,concrete_autoencoder,ConcreteAutoencoder,10,10,5,train,2.099332332611084
colon,concrete_autoencoder,ConcreteAutoencoder,10,10,6,train,2.051446914672852
colon,concrete_autoencoder,ConcreteAutoencoder,10,10,7,train,2.00486159324646
colon,concrete_autoencoder,ConcreteAutoencoder,10,10,8,train,1.9647470712661743
colon,concrete_autoencoder,ConcreteAutoencoder,10,10,9,train,1.9254283905029297
colon,concrete_autoencoder,ConcreteAutoencoder,10,10,10,train,1.8868579864501955
colon,concrete_autoencoder,ConcreteAutoencoder,10,10,11,train,1.8492966890335083
colon,concrete_autoencoder,ConcreteAutoencoder,10,10,12,train,1.8178343772888184
colon,concrete_autoencoder,ConcreteAutoencoder,10,10,13,train,1.7858086824417114
colon,concrete_autoencoder,ConcreteAutoencoder,10,10,14,train,1.7573553323745728
colon,concrete_autoencoder,ConcreteAutoencoder,10,10,15,train,1.7279917001724243
colon,concrete_autoencoder,ConcreteAutoencoder,10,10,16,train,1.700468897819519
colon,concrete_autoencoder,ConcreteAutoencoder,10,10,17,train,1.6750332117080688
colon,concrete_autoencoder,ConcreteAutoencoder,10,10,18,train,1.652043700218201
colon,concrete_autoencoder,ConcreteAutoencoder,10,10,19,train,1.631405234336853
colon,concrete_autoencoder,ConcreteAutoencoder,10,10,20,train,1.6107478141784668
colon,concrete_autoencoder,ConcreteAutoencoder,10,10,21,train,1.5929330587387085
colon,concrete_autoencoder,ConcreteAutoencoder,10,10,22,train,1.5740493535995483
colon,concrete_autoencoder,ConcreteAutoencoder,10,10,23,train,1.5575770139694214
colon,concrete_autoencoder,ConcreteAutoencoder,10,10,24,train,1.5424431562423706
colon,concrete_autoencoder,ConcreteAutoencoder,10,10,25,train,1.5273810625076294
colon,concrete_autoencoder,ConcreteAutoencoder,10,10,26,train,1.5135051012039185
colon,concrete_autoencoder,ConcreteAutoencoder,10,10,27,train,1.5002400875091553
colon,concrete_autoencoder,ConcreteAutoencoder,10,10,28,train,1.4896469116210938
colon,concrete_autoencoder,ConcreteAutoencoder,10,10,29,train,1.480701565742493
colon,concrete_autoencoder,ConcreteAutoencoder,10,10,30,train,1.4738785028457642
colon,concrete_autoencoder,ConcreteAutoencoder,10,10,31,train,1.4645181894302368
colon,concrete_autoencoder,ConcreteAutoencoder,10,10,32,train,1.456655502319336
colon,concrete_autoencoder,ConcreteAutoencoder,10,10,33,train,1.4596284627914429
colon,concrete_autoencoder,ConcreteAutoencoder,10,10,34,train,1.4412623643875122
colon,concrete_autoencoder,ConcreteAutoencoder,10,10,35,train,1.4333572387695312
colon,concrete_autoencoder,ConcreteAutoencoder,10,10,36,train,1.4318324327468872
colon,concrete_autoencoder,ConcreteAutoencoder,10,10,37,train,1.4339618682861328
colon,concrete_autoencoder,ConcreteAutoencoder,10,10,38,train,1.425052285194397
colon,concrete_autoencoder,ConcreteAutoencoder,10,10,39,train,1.4328715801239014
colon,concrete_autoencoder,ConcreteAutoencoder,10,10,40,train,1.4214380979537964
colon,concrete_autoencoder,ConcreteAutoencoder,10,10,41,train,1.4171125888824463
colon,concrete_autoencoder,ConcreteAutoencoder,10,10,42,train,1.4208673238754272
colon,concrete_autoencoder,ConcreteAutoencoder,10,10,43,train,1.4320895671844482
colon,concrete_autoencoder,ConcreteAutoencoder,10,10,44,train,1.4428136348724363
colon,concrete_autoencoder,ConcreteAutoencoder,10,10,45,train,1.4544739723205566
colon,concrete_autoencoder,ConcreteAutoencoder,10,10,46,train,1.423843502998352
colon,concrete_autoencoder,ConcreteAutoencoder,10,10,47,train,1.4616875648498535
colon,concrete_autoencoder,ConcreteAutoencoder,10,10,48,train,1.421187400817871
colon,concrete_autoencoder,ConcreteAutoencoder,10,10,49,train,1.4359045028686523
colon,concrete_autoencoder,ConcreteAutoencoder,10,10,50,train,1.4402695894241333
colon,concrete_autoencoder,ConcreteAutoencoder,10,10,51,train,1.4643990993499756
colon,concrete_autoencoder,ConcreteAutoencoder,10,10,52,train,1.4601267576217651
colon,concrete_autoencoder,ConcreteAutoencoder,10,10,53,train,1.4154698848724363
colon,concrete_autoencoder,ConcreteAutoencoder,10,10,54,train,1.472987174987793
colon,concrete_autoencoder,ConcreteAutoencoder,10,10,55,train,1.4591655731201172
colon,concrete_autoencoder,ConcreteAutoencoder,10,10,56,train,1.4479843378067017
colon,concrete_autoencoder,ConcreteAutoencoder,10,10,57,train,1.4441791772842407
colon,concrete_autoencoder,ConcreteAutoencoder,10,10,58,train,1.4714462757110596
colon,concrete_autoencoder,ConcreteAutoencoder,10,10,59,train,1.4824204444885254
colon,concrete_autoencoder,ConcreteAutoencoder,10,10,60,train,1.4623874425888062
colon,concrete_autoencoder,ConcreteAutoencoder,10,10,61,train,1.460548758506775
colon,concrete_autoencoder,ConcreteAutoencoder,10,10,62,train,1.448672890663147
colon,concrete_autoencoder,ConcreteAutoencoder,10,10,63,train,1.4485416412353516
colon,concrete_autoencoder,ConcreteAutoencoder,10,10,64,train,1.4673869609832764
colon,concrete_autoencoder,ConcreteAutoencoder,10,10,65,train,1.4735159873962402
colon,concrete_autoencoder,ConcreteAutoencoder,10,10,66,train,1.5141195058822632
colon,concrete_autoencoder,ConcreteAutoencoder,10,10,67,train,1.4849482774734497
colon,concrete_autoencoder,ConcreteAutoencoder,10,10,68,train,1.4717886447906494
colon,concrete_autoencoder,ConcreteAutoencoder,10,10,69,train,1.5067046880722046
colon,concrete_autoencoder,ConcreteAutoencoder,10,10,70,train,1.4951226711273191
colon,concrete_autoencoder,ConcreteAutoencoder,10,10,71,train,1.5036656856536863
colon,concrete_autoencoder,ConcreteAutoencoder,10,10,72,train,1.478150486946106
colon,concrete_autoencoder,ConcreteAutoencoder,10,10,73,train,1.499159812927246
colon,concrete_autoencoder,ConcreteAutoencoder,10,10,74,train,1.4889020919799805
colon,concrete_autoencoder,ConcreteAutoencoder,10,10,75,train,1.5160337686538696
colon,concrete_autoencoder,ConcreteAutoencoder,10,10,76,train,1.507878303527832
colon,concrete_autoencoder,ConcreteAutoencoder,10,10,77,train,1.5234379768371582
colon,concrete_autoencoder,ConcreteAutoencoder,10,10,78,train,1.5258126258850098
colon,concrete_autoencoder,ConcreteAutoencoder,10,10,79,train,1.5815547704696655
colon,concrete_autoencoder,ConcreteAutoencoder,10,10,80,train,1.4974868297576904
colon,concrete_autoencoder,ConcreteAutoencoder,10,10,81,train,1.4761449098587036
colon,concrete_autoencoder,ConcreteAutoencoder,10,10,82,train,1.4904215335845947
colon,concrete_autoencoder,ConcreteAutoencoder,10,10,83,train,1.4955463409423828
colon,concrete_autoencoder,ConcreteAutoencoder,10,10,84,train,1.484490990638733
colon,concrete_autoencoder,ConcreteAutoencoder,10,10,85,train,1.4665073156356812
colon,concrete_autoencoder,ConcreteAutoencoder,10,10,86,train,1.4985889196395874
colon,concrete_autoencoder,ConcreteAutoencoder,10,10,87,train,1.4978851079940796
colon,concrete_autoencoder,ConcreteAutoencoder,10,10,88,train,1.444811463356018
colon,concrete_autoencoder,ConcreteAutoencoder,10,10,89,train,1.5031380653381348
colon,concrete_autoencoder,ConcreteAutoencoder,10,10,90,train,1.5255757570266724
colon,concrete_autoencoder,ConcreteAutoencoder,10,10,91,train,1.4398434162139893
colon,concrete_autoencoder,ConcreteAutoencoder,10,10,92,train,1.488422155380249
colon,concrete_autoencoder,ConcreteAutoencoder,10,10,93,train,1.5287338495254517
colon,concrete_autoencoder,ConcreteAutoencoder,10,10,94,train,1.480130910873413
colon,concrete_autoencoder,ConcreteAutoencoder,10,10,95,train,1.4830414056777954
colon,concrete_autoencoder,ConcreteAutoencoder,10,10,96,train,1.4938024282455444
colon,concrete_autoencoder,ConcreteAutoencoder,10,10,97,train,1.481637954711914
colon,concrete_autoencoder,ConcreteAutoencoder,10,10,98,train,1.4425501823425293
colon,concrete_autoencoder,ConcreteAutoencoder,10,10,99,train,1.5270373821258545
colon,concrete_autoencoder,ConcreteAutoencoder,10,10,100,train,1.4733824729919434
colon,concrete_autoencoder,ConcreteAutoencoder,10,10,1,validation,2.294924020767212
colon,concrete_autoencoder,ConcreteAutoencoder,10,10,2,validation,2.241912603378296
colon,concrete_autoencoder,ConcreteAutoencoder,10,10,3,validation,2.195152521133423
colon,concrete_autoencoder,ConcreteAutoencoder,10,10,4,validation,2.1558682918548584
colon,concrete_autoencoder,ConcreteAutoencoder,10,10,5,validation,2.104593515396118
colon,concrete_autoencoder,ConcreteAutoencoder,10,10,6,validation,2.071678400039673
colon,concrete_autoencoder,ConcreteAutoencoder,10,10,7,validation,2.01779842376709
colon,concrete_autoencoder,ConcreteAutoencoder,10,10,8,validation,1.983237028121948
colon,concrete_autoencoder,ConcreteAutoencoder,10,10,9,validation,1.9700024127960205
colon,concrete_autoencoder,ConcreteAutoencoder,10,10,10,validation,1.9410130977630613
colon,concrete_autoencoder,ConcreteAutoencoder,10,10,11,validation,1.9158704280853271
colon,concrete_autoencoder,ConcreteAutoencoder,10,10,12,validation,1.8850935697555544
colon,concrete_autoencoder,ConcreteAutoencoder,10,10,13,validation,1.864859700202942
colon,concrete_autoencoder,ConcreteAutoencoder,10,10,14,validation,1.8766090869903564
colon,concrete_autoencoder,ConcreteAutoencoder,10,10,15,validation,1.8581926822662356
colon,concrete_autoencoder,ConcreteAutoencoder,10,10,16,validation,1.8420747518539429
colon,concrete_autoencoder,ConcreteAutoencoder,10,10,17,validation,1.828908085823059
colon,concrete_autoencoder,ConcreteAutoencoder,10,10,18,validation,1.817971110343933
colon,concrete_autoencoder,ConcreteAutoencoder,10,10,19,validation,1.771257996559143
colon,concrete_autoencoder,ConcreteAutoencoder,10,10,20,validation,1.7169793844223022
colon,concrete_autoencoder,ConcreteAutoencoder,10,10,21,validation,1.708413004875183
colon,concrete_autoencoder,ConcreteAutoencoder,10,10,22,validation,1.7013999223709106
colon,concrete_autoencoder,ConcreteAutoencoder,10,10,23,validation,1.694071650505066
colon,concrete_autoencoder,ConcreteAutoencoder,10,10,24,validation,1.6876091957092283
colon,concrete_autoencoder,ConcreteAutoencoder,10,10,25,validation,1.6798547506332395
colon,concrete_autoencoder,ConcreteAutoencoder,10,10,26,validation,1.6764030456542969
colon,concrete_autoencoder,ConcreteAutoencoder,10,10,27,validation,1.6741067171096802
colon,concrete_autoencoder,ConcreteAutoencoder,10,10,28,validation,1.6727747917175293
colon,concrete_autoencoder,ConcreteAutoencoder,10,10,29,validation,1.6777842044830322
colon,concrete_autoencoder,ConcreteAutoencoder,10,10,30,validation,1.678430676460266
colon,concrete_autoencoder,ConcreteAutoencoder,10,10,31,validation,1.67953622341156
colon,concrete_autoencoder,ConcreteAutoencoder,10,10,32,validation,1.662134885787964
colon,concrete_autoencoder,ConcreteAutoencoder,10,10,33,validation,1.6946144104003906
colon,concrete_autoencoder,ConcreteAutoencoder,10,10,34,validation,1.6979219913482666
colon,concrete_autoencoder,ConcreteAutoencoder,10,10,35,validation,1.7067865133285522
colon,concrete_autoencoder,ConcreteAutoencoder,10,10,36,validation,1.7325628995895386
colon,concrete_autoencoder,ConcreteAutoencoder,10,10,37,validation,1.7154432535171509
colon,concrete_autoencoder,ConcreteAutoencoder,10,10,38,validation,1.69867205619812
colon,concrete_autoencoder,ConcreteAutoencoder,10,10,39,validation,1.703610062599182
colon,concrete_autoencoder,ConcreteAutoencoder,10,10,40,validation,1.697477102279663
colon,concrete_autoencoder,ConcreteAutoencoder,10,10,41,validation,1.7014752626419067
colon,concrete_autoencoder,ConcreteAutoencoder,10,10,42,validation,1.7051068544387815
colon,concrete_autoencoder,ConcreteAutoencoder,10,10,43,validation,1.7469840049743652
colon,concrete_autoencoder,ConcreteAutoencoder,10,10,44,validation,1.7500882148742676
colon,concrete_autoencoder,ConcreteAutoencoder,10,10,45,validation,1.7524762153625488
colon,concrete_autoencoder,ConcreteAutoencoder,10,10,46,validation,1.7550629377365112
colon,concrete_autoencoder,ConcreteAutoencoder,10,10,47,validation,1.7662218809127808
colon,concrete_autoencoder,ConcreteAutoencoder,10,10,48,validation,1.7688568830490112
colon,concrete_autoencoder,ConcreteAutoencoder,10,10,49,validation,1.7713717222213743
colon,concrete_autoencoder,ConcreteAutoencoder,10,10,50,validation,1.7733585834503174
colon,concrete_autoencoder,ConcreteAutoencoder,10,10,51,validation,1.7742855548858645
colon,concrete_autoencoder,ConcreteAutoencoder,10,10,52,validation,1.7743744850158691
colon,concrete_autoencoder,ConcreteAutoencoder,10,10,53,validation,1.7748935222625732
colon,concrete_autoencoder,ConcreteAutoencoder,10,10,54,validation,1.7753677368164062
colon,concrete_autoencoder,ConcreteAutoencoder,10,10,55,validation,1.7758376598358154
colon,concrete_autoencoder,ConcreteAutoencoder,10,10,56,validation,1.7768094539642334
colon,concrete_autoencoder,ConcreteAutoencoder,10,10,57,validation,1.7776070833206177
colon,concrete_autoencoder,ConcreteAutoencoder,10,10,58,validation,1.7778328657150269
colon,concrete_autoencoder,ConcreteAutoencoder,10,10,59,validation,1.77759850025177
colon,concrete_autoencoder,ConcreteAutoencoder,10,10,60,validation,1.77763032913208
colon,concrete_autoencoder,ConcreteAutoencoder,10,10,61,validation,1.7793707847595217
colon,concrete_autoencoder,ConcreteAutoencoder,10,10,62,validation,1.781349778175354
colon,concrete_autoencoder,ConcreteAutoencoder,10,10,63,validation,1.7363289594650269
colon,concrete_autoencoder,ConcreteAutoencoder,10,10,64,validation,1.737410068511963
colon,concrete_autoencoder,ConcreteAutoencoder,10,10,65,validation,1.7377241849899292
colon,concrete_autoencoder,ConcreteAutoencoder,10,10,66,validation,1.7854875326156616
colon,concrete_autoencoder,ConcreteAutoencoder,10,10,67,validation,1.7861907482147217
colon,concrete_autoencoder,ConcreteAutoencoder,10,10,68,validation,1.787302851676941
colon,concrete_autoencoder,ConcreteAutoencoder,10,10,69,validation,1.7885175943374634
colon,concrete_autoencoder,ConcreteAutoencoder,10,10,70,validation,1.7896931171417236
colon,concrete_autoencoder,ConcreteAutoencoder,10,10,71,validation,1.791029691696167
colon,concrete_autoencoder,ConcreteAutoencoder,10,10,72,validation,1.791766881942749
colon,concrete_autoencoder,ConcreteAutoencoder,10,10,73,validation,1.791646122932434
colon,concrete_autoencoder,ConcreteAutoencoder,10,10,74,validation,1.7926043272018433
colon,concrete_autoencoder,ConcreteAutoencoder,10,10,75,validation,1.7950433492660522
colon,concrete_autoencoder,ConcreteAutoencoder,10,10,76,validation,1.7973573207855225
colon,concrete_autoencoder,ConcreteAutoencoder,10,10,77,validation,1.7977265119552612
colon,concrete_autoencoder,ConcreteAutoencoder,10,10,78,validation,1.797712326049805
colon,concrete_autoencoder,ConcreteAutoencoder,10,10,79,validation,1.796930909156799
colon,concrete_autoencoder,ConcreteAutoencoder,10,10,80,validation,1.79673171043396
colon,concrete_autoencoder,ConcreteAutoencoder,10,10,81,validation,1.7962743043899536
colon,concrete_autoencoder,ConcreteAutoencoder,10,10,82,validation,1.7966082096099854
colon,concrete_autoencoder,ConcreteAutoencoder,10,10,83,validation,1.7958266735076904
colon,concrete_autoencoder,ConcreteAutoencoder,10,10,84,validation,1.7864763736724854
colon,concrete_autoencoder,ConcreteAutoencoder,10,10,85,validation,1.7864859104156494
colon,concrete_autoencoder,ConcreteAutoencoder,10,10,86,validation,1.7870453596115112
colon,concrete_autoencoder,ConcreteAutoencoder,10,10,87,validation,1.78655743598938
colon,concrete_autoencoder,ConcreteAutoencoder,10,10,88,validation,1.7869611978530884
colon,concrete_autoencoder,ConcreteAutoencoder,10,10,89,validation,1.7861745357513428
colon,concrete_autoencoder,ConcreteAutoencoder,10,10,90,validation,1.784149169921875
colon,concrete_autoencoder,ConcreteAutoencoder,10,10,91,validation,1.783630609512329
colon,concrete_autoencoder,ConcreteAutoencoder,10,10,92,validation,1.7835440635681152
colon,concrete_autoencoder,ConcreteAutoencoder,10,10,93,validation,1.7826669216156006
colon,concrete_autoencoder,ConcreteAutoencoder,10,10,94,validation,1.7820212841033936
colon,concrete_autoencoder,ConcreteAutoencoder,10,10,95,validation,1.781394124031067
colon,concrete_autoencoder,ConcreteAutoencoder,10,10,96,validation,1.7826188802719116
colon,concrete_autoencoder,ConcreteAutoencoder,10,10,97,validation,1.782523512840271
colon,concrete_autoencoder,ConcreteAutoencoder,10,10,98,validation,1.7817789316177368
colon,concrete_autoencoder,ConcreteAutoencoder,10,10,99,validation,1.780775785446167
colon,concrete_autoencoder,ConcreteAutoencoder,10,10,100,validation,1.7796707153320312
colon,concrete_autoencoder,ConcreteAutoencoder,5,5,1,train,2.3095452785491943
colon,concrete_autoencoder,ConcreteAutoencoder,5,5,2,train,2.277286529541016
colon,concrete_autoencoder,ConcreteAutoencoder,5,5,3,train,2.25030779838562
colon,concrete_autoencoder,ConcreteAutoencoder,5,5,4,train,2.2236006259918213
colon,concrete_autoencoder,ConcreteAutoencoder,5,5,5,train,2.199846029281616
colon,concrete_autoencoder,ConcreteAutoencoder,5,5,6,train,2.1738171577453613
colon,concrete_autoencoder,ConcreteAutoencoder,5,5,7,train,2.149433135986328
colon,concrete_autoencoder,ConcreteAutoencoder,5,5,8,train,2.1260430812835693
colon,concrete_autoencoder,ConcreteAutoencoder,5,5,9,train,2.103187561035156
colon,concrete_autoencoder,ConcreteAutoencoder,5,5,10,train,2.081422805786133
colon,concrete_autoencoder,ConcreteAutoencoder,5,5,11,train,2.060607671737671
colon,concrete_autoencoder,ConcreteAutoencoder,5,5,12,train,2.038641929626465
colon,concrete_autoencoder,ConcreteAutoencoder,5,5,13,train,2.0192465782165527
colon,concrete_autoencoder,ConcreteAutoencoder,5,5,14,train,1.996709227561951
colon,concrete_autoencoder,ConcreteAutoencoder,5,5,15,train,1.9762592315673828
colon,concrete_autoencoder,ConcreteAutoencoder,5,5,16,train,1.956316590309143
colon,concrete_autoencoder,ConcreteAutoencoder,5,5,17,train,1.9354854822158811
colon,concrete_autoencoder,ConcreteAutoencoder,5,5,18,train,1.917501449584961
colon,concrete_autoencoder,ConcreteAutoencoder,5,5,19,train,1.9005990028381348
colon,concrete_autoencoder,ConcreteAutoencoder,5,5,20,train,1.882554531097412
colon,concrete_autoencoder,ConcreteAutoencoder,5,5,21,train,1.8633581399917605
colon,concrete_autoencoder,ConcreteAutoencoder,5,5,22,train,1.8443732261657717
colon,concrete_autoencoder,ConcreteAutoencoder,5,5,23,train,1.8281455039978027
colon,concrete_autoencoder,ConcreteAutoencoder,5,5,24,train,1.80833637714386
colon,concrete_autoencoder,ConcreteAutoencoder,5,5,25,train,1.7942745685577393
colon,concrete_autoencoder,ConcreteAutoencoder,5,5,26,train,1.7781926393508911
colon,concrete_autoencoder,ConcreteAutoencoder,5,5,27,train,1.76164972782135
colon,concrete_autoencoder,ConcreteAutoencoder,5,5,28,train,1.7463241815567017
colon,concrete_autoencoder,ConcreteAutoencoder,5,5,29,train,1.7330902814865112
colon,concrete_autoencoder,ConcreteAutoencoder,5,5,30,train,1.7233784198760986
colon,concrete_autoencoder,ConcreteAutoencoder,5,5,31,train,1.7189574241638184
colon,concrete_autoencoder,ConcreteAutoencoder,5,5,32,train,1.6977663040161133
colon,concrete_autoencoder,ConcreteAutoencoder,5,5,33,train,1.68620502948761
colon,concrete_autoencoder,ConcreteAutoencoder,5,5,34,train,1.6737895011901855
colon,concrete_autoencoder,ConcreteAutoencoder,5,5,35,train,1.6648274660110474
colon,concrete_autoencoder,ConcreteAutoencoder,5,5,36,train,1.6493998765945437
colon,concrete_autoencoder,ConcreteAutoencoder,5,5,37,train,1.6486021280288696
colon,concrete_autoencoder,ConcreteAutoencoder,5,5,38,train,1.6299978494644165
colon,concrete_autoencoder,ConcreteAutoencoder,5,5,39,train,1.6127954721450806
colon,concrete_autoencoder,ConcreteAutoencoder,5,5,40,train,1.601436972618103
colon,concrete_autoencoder,ConcreteAutoencoder,5,5,41,train,1.6302337646484375
colon,concrete_autoencoder,ConcreteAutoencoder,5,5,42,train,1.599766492843628
colon,concrete_autoencoder,ConcreteAutoencoder,5,5,43,train,1.6108049154281616
colon,concrete_autoencoder,ConcreteAutoencoder,5,5,44,train,1.568886637687683
colon,concrete_autoencoder,ConcreteAutoencoder,5,5,45,train,1.6130870580673218
colon,concrete_autoencoder,ConcreteAutoencoder,5,5,46,train,1.5637496709823608
colon,concrete_autoencoder,ConcreteAutoencoder,5,5,47,train,1.662115454673767
colon,concrete_autoencoder,ConcreteAutoencoder,5,5,48,train,1.5307916402816772
colon,concrete_autoencoder,ConcreteAutoencoder,5,5,49,train,1.601335048675537
colon,concrete_autoencoder,ConcreteAutoencoder,5,5,50,train,1.5862135887145996
colon,concrete_autoencoder,ConcreteAutoencoder,5,5,51,train,1.556980013847351
colon,concrete_autoencoder,ConcreteAutoencoder,5,5,52,train,1.5630220174789429
colon,concrete_autoencoder,ConcreteAutoencoder,5,5,53,train,1.5931540727615356
colon,concrete_autoencoder,ConcreteAutoencoder,5,5,54,train,1.5963633060455322
colon,concrete_autoencoder,ConcreteAutoencoder,5,5,55,train,1.5729910135269165
colon,concrete_autoencoder,ConcreteAutoencoder,5,5,56,train,1.7217580080032349
colon,concrete_autoencoder,ConcreteAutoencoder,5,5,57,train,1.546658992767334
colon,concrete_autoencoder,ConcreteAutoencoder,5,5,58,train,1.6057469844818115
colon,concrete_autoencoder,ConcreteAutoencoder,5,5,59,train,1.6395522356033323
colon,concrete_autoencoder,ConcreteAutoencoder,5,5,60,train,1.624173879623413
colon,concrete_autoencoder,ConcreteAutoencoder,5,5,61,train,1.5136661529541016
colon,concrete_autoencoder,ConcreteAutoencoder,5,5,62,train,1.519345760345459
colon,concrete_autoencoder,ConcreteAutoencoder,5,5,63,train,1.539648413658142
colon,concrete_autoencoder,ConcreteAutoencoder,5,5,64,train,1.547537088394165
colon,concrete_autoencoder,ConcreteAutoencoder,5,5,65,train,1.6074751615524292
colon,concrete_autoencoder,ConcreteAutoencoder,5,5,66,train,1.6354234218597412
colon,concrete_autoencoder,ConcreteAutoencoder,5,5,67,train,1.590336561203003
colon,concrete_autoencoder,ConcreteAutoencoder,5,5,68,train,1.549572229385376
colon,concrete_autoencoder,ConcreteAutoencoder,5,5,69,train,1.5468329191207886
colon,concrete_autoencoder,ConcreteAutoencoder,5,5,70,train,1.5506709814071655
colon,concrete_autoencoder,ConcreteAutoencoder,5,5,71,train,1.5265624523162842
colon,concrete_autoencoder,ConcreteAutoencoder,5,5,72,train,1.5974452495574951
colon,concrete_autoencoder,ConcreteAutoencoder,5,5,73,train,1.6053895950317385
colon,concrete_autoencoder,ConcreteAutoencoder,5,5,74,train,1.6733345985412598
colon,concrete_autoencoder,ConcreteAutoencoder,5,5,75,train,1.5449708700180054
colon,concrete_autoencoder,ConcreteAutoencoder,5,5,76,train,1.6286464929580688
colon,concrete_autoencoder,ConcreteAutoencoder,5,5,77,train,1.5510640144348145
colon,concrete_autoencoder,ConcreteAutoencoder,5,5,78,train,1.66844379901886
colon,concrete_autoencoder,ConcreteAutoencoder,5,5,79,train,1.630396842956543
colon,concrete_autoencoder,ConcreteAutoencoder,5,5,80,train,1.5209609270095823
colon,concrete_autoencoder,ConcreteAutoencoder,5,5,81,train,1.5753703117370603
colon,concrete_autoencoder,ConcreteAutoencoder,5,5,82,train,1.618682861328125
colon,concrete_autoencoder,ConcreteAutoencoder,5,5,83,train,1.5665695667266846
colon,concrete_autoencoder,ConcreteAutoencoder,5,5,84,train,1.5357341766357422
colon,concrete_autoencoder,ConcreteAutoencoder,5,5,85,train,1.5044289827346802
colon,concrete_autoencoder,ConcreteAutoencoder,5,5,86,train,1.5147297382354736
colon,concrete_autoencoder,ConcreteAutoencoder,5,5,87,train,1.7030495405197144
colon,concrete_autoencoder,ConcreteAutoencoder,5,5,88,train,1.6011033058166504
colon,concrete_autoencoder,ConcreteAutoencoder,5,5,89,train,1.575797200202942
colon,concrete_autoencoder,ConcreteAutoencoder,5,5,90,train,1.5607537031173706
colon,concrete_autoencoder,ConcreteAutoencoder,5,5,91,train,1.546962022781372
colon,concrete_autoencoder,ConcreteAutoencoder,5,5,92,train,1.546152114868164
colon,concrete_autoencoder,ConcreteAutoencoder,5,5,93,train,1.550548791885376
colon,concrete_autoencoder,ConcreteAutoencoder,5,5,94,train,1.4968903064727783
colon,concrete_autoencoder,ConcreteAutoencoder,5,5,95,train,1.5441371202468872
colon,concrete_autoencoder,ConcreteAutoencoder,5,5,96,train,1.5207672119140625
colon,concrete_autoencoder,ConcreteAutoencoder,5,5,97,train,1.6415613889694214
colon,concrete_autoencoder,ConcreteAutoencoder,5,5,98,train,1.6655406951904297
colon,concrete_autoencoder,ConcreteAutoencoder,5,5,99,train,1.5994600057601929
colon,concrete_autoencoder,ConcreteAutoencoder,5,5,100,train,1.5468521118164062
colon,concrete_autoencoder,ConcreteAutoencoder,5,5,1,validation,2.28650450706482
colon,concrete_autoencoder,ConcreteAutoencoder,5,5,2,validation,2.257237195968628
colon,concrete_autoencoder,ConcreteAutoencoder,5,5,3,validation,2.225583791732788
colon,concrete_autoencoder,ConcreteAutoencoder,5,5,4,validation,2.19993257522583
colon,concrete_autoencoder,ConcreteAutoencoder,5,5,5,validation,2.17531681060791
colon,concrete_autoencoder,ConcreteAutoencoder,5,5,6,validation,2.139474868774414
colon,concrete_autoencoder,ConcreteAutoencoder,5,5,7,validation,2.1211419105529785
colon,concrete_autoencoder,ConcreteAutoencoder,5,5,8,validation,2.096327781677246
colon,concrete_autoencoder,ConcreteAutoencoder,5,5,9,validation,2.073378562927246
colon,concrete_autoencoder,ConcreteAutoencoder,5,5,10,validation,2.027726411819458
colon,concrete_autoencoder,ConcreteAutoencoder,5,5,11,validation,2.005574941635132
colon,concrete_autoencoder,ConcreteAutoencoder,5,5,12,validation,1.9839518070220947
colon,concrete_autoencoder,ConcreteAutoencoder,5,5,13,validation,1.96155309677124
colon,concrete_autoencoder,ConcreteAutoencoder,5,5,14,validation,1.9404672384262085
colon,concrete_autoencoder,ConcreteAutoencoder,5,5,15,validation,1.909529447555542
colon,concrete_autoencoder,ConcreteAutoencoder,5,5,16,validation,1.8889708518981931
colon,concrete_autoencoder,ConcreteAutoencoder,5,5,17,validation,1.8704813718795776
colon,concrete_autoencoder,ConcreteAutoencoder,5,5,18,validation,1.8426457643508911
colon,concrete_autoencoder,ConcreteAutoencoder,5,5,19,validation,1.824989318847656
colon,concrete_autoencoder,ConcreteAutoencoder,5,5,20,validation,1.8056063652038572
colon,concrete_autoencoder,ConcreteAutoencoder,5,5,21,validation,1.7979716062545776
colon,concrete_autoencoder,ConcreteAutoencoder,5,5,22,validation,1.8316962718963623
colon,concrete_autoencoder,ConcreteAutoencoder,5,5,23,validation,1.8176395893096924
colon,concrete_autoencoder,ConcreteAutoencoder,5,5,24,validation,1.804821848869324
colon,concrete_autoencoder,ConcreteAutoencoder,5,5,25,validation,1.793418288230896
colon,concrete_autoencoder,ConcreteAutoencoder,5,5,26,validation,1.7801162004470823
colon,concrete_autoencoder,ConcreteAutoencoder,5,5,27,validation,1.7693266868591309
colon,concrete_autoencoder,ConcreteAutoencoder,5,5,28,validation,1.7594287395477295
colon,concrete_autoencoder,ConcreteAutoencoder,5,5,29,validation,1.7511141300201416
colon,concrete_autoencoder,ConcreteAutoencoder,5,5,30,validation,1.7435214519500732
colon,concrete_autoencoder,ConcreteAutoencoder,5,5,31,validation,1.735464572906494
colon,concrete_autoencoder,ConcreteAutoencoder,5,5,32,validation,1.7279502153396606
colon,concrete_autoencoder,ConcreteAutoencoder,5,5,33,validation,1.7212644815444946
colon,concrete_autoencoder,ConcreteAutoencoder,5,5,34,validation,1.728925108909607
colon,concrete_autoencoder,ConcreteAutoencoder,5,5,35,validation,1.7232015132904053
colon,concrete_autoencoder,ConcreteAutoencoder,5,5,36,validation,1.7171988487243652
colon,concrete_autoencoder,ConcreteAutoencoder,5,5,37,validation,1.7105319499969482
colon,concrete_autoencoder,ConcreteAutoencoder,5,5,38,validation,1.7047169208526611
colon,concrete_autoencoder,ConcreteAutoencoder,5,5,39,validation,1.6999056339263916
colon,concrete_autoencoder,ConcreteAutoencoder,5,5,40,validation,1.7109099626541138
colon,concrete_autoencoder,ConcreteAutoencoder,5,5,41,validation,1.7061139345169067
colon,concrete_autoencoder,ConcreteAutoencoder,5,5,42,validation,1.7018418312072754
colon,concrete_autoencoder,ConcreteAutoencoder,5,5,43,validation,1.6979942321777344
colon,concrete_autoencoder,ConcreteAutoencoder,5,5,44,validation,1.6944353580474854
colon,concrete_autoencoder,ConcreteAutoencoder,5,5,45,validation,1.6910439729690552
colon,concrete_autoencoder,ConcreteAutoencoder,5,5,46,validation,1.687389612197876
colon,concrete_autoencoder,ConcreteAutoencoder,5,5,47,validation,1.6842272281646729
colon,concrete_autoencoder,ConcreteAutoencoder,5,5,48,validation,1.681549906730652
colon,concrete_autoencoder,ConcreteAutoencoder,5,5,49,validation,1.679009199142456
colon,concrete_autoencoder,ConcreteAutoencoder,5,5,50,validation,1.676173448562622
colon,concrete_autoencoder,ConcreteAutoencoder,5,5,51,validation,1.6730364561080933
colon,concrete_autoencoder,ConcreteAutoencoder,5,5,52,validation,1.6705060005187988
colon,concrete_autoencoder,ConcreteAutoencoder,5,5,53,validation,1.6683602333068848
colon,concrete_autoencoder,ConcreteAutoencoder,5,5,54,validation,1.6663763523101809
colon,concrete_autoencoder,ConcreteAutoencoder,5,5,55,validation,1.630021333694458
colon,concrete_autoencoder,ConcreteAutoencoder,5,5,56,validation,1.6255888938903809
colon,concrete_autoencoder,ConcreteAutoencoder,5,5,57,validation,1.6231842041015625
colon,concrete_autoencoder,ConcreteAutoencoder,5,5,58,validation,1.6209264993667605
colon,concrete_autoencoder,ConcreteAutoencoder,5,5,59,validation,1.6190390586853027
colon,concrete_autoencoder,ConcreteAutoencoder,5,5,60,validation,1.6190775632858276
colon,concrete_autoencoder,ConcreteAutoencoder,5,5,61,validation,1.618066668510437
colon,concrete_autoencoder,ConcreteAutoencoder,5,5,62,validation,1.61705482006073
colon,concrete_autoencoder,ConcreteAutoencoder,5,5,63,validation,1.6790391206741333
colon,concrete_autoencoder,ConcreteAutoencoder,5,5,64,validation,1.6781651973724363
colon,concrete_autoencoder,ConcreteAutoencoder,5,5,65,validation,1.677664279937744
colon,concrete_autoencoder,ConcreteAutoencoder,5,5,66,validation,1.6770247220993042
colon,concrete_autoencoder,ConcreteAutoencoder,5,5,67,validation,1.6765493154525757
colon,concrete_autoencoder,ConcreteAutoencoder,5,5,68,validation,1.6761332750320437
colon,concrete_autoencoder,ConcreteAutoencoder,5,5,69,validation,1.675939440727234
colon,concrete_autoencoder,ConcreteAutoencoder,5,5,70,validation,1.6759071350097656
colon,concrete_autoencoder,ConcreteAutoencoder,5,5,71,validation,1.6764191389083862
colon,concrete_autoencoder,ConcreteAutoencoder,5,5,72,validation,1.6770974397659302
colon,concrete_autoencoder,ConcreteAutoencoder,5,5,73,validation,1.6774523258209229
colon,concrete_autoencoder,ConcreteAutoencoder,5,5,74,validation,1.6775225400924685
colon,concrete_autoencoder,ConcreteAutoencoder,5,5,75,validation,1.6775565147399902
colon,concrete_autoencoder,ConcreteAutoencoder,5,5,76,validation,1.6775437593460083
colon,concrete_autoencoder,ConcreteAutoencoder,5,5,77,validation,1.6771671772003174
colon,concrete_autoencoder,ConcreteAutoencoder,5,5,78,validation,1.6765542030334473
colon,concrete_autoencoder,ConcreteAutoencoder,5,5,79,validation,1.675830960273743
colon,concrete_autoencoder,ConcreteAutoencoder,5,5,80,validation,1.6755142211914062
colon,concrete_autoencoder,ConcreteAutoencoder,5,5,81,validation,1.6751829385757446
colon,concrete_autoencoder,ConcreteAutoencoder,5,5,82,validation,1.674055576324463
colon,concrete_autoencoder,ConcreteAutoencoder,5,5,83,validation,1.6728063821792605
colon,concrete_autoencoder,ConcreteAutoencoder,5,5,84,validation,1.671761393547058
colon,concrete_autoencoder,ConcreteAutoencoder,5,5,85,validation,1.671257257461548
colon,concrete_autoencoder,ConcreteAutoencoder,5,5,86,validation,1.6707732677459717
colon,concrete_autoencoder,ConcreteAutoencoder,5,5,87,validation,1.6703264713287354
colon,concrete_autoencoder,ConcreteAutoencoder,5,5,88,validation,1.6700090169906616
colon,concrete_autoencoder,ConcreteAutoencoder,5,5,89,validation,1.6700955629348757
colon,concrete_autoencoder,ConcreteAutoencoder,5,5,90,validation,1.6706706285476685
colon,concrete_autoencoder,ConcreteAutoencoder,5,5,91,validation,1.675367832183838
colon,concrete_autoencoder,ConcreteAutoencoder,5,5,92,validation,1.67634379863739
colon,concrete_autoencoder,ConcreteAutoencoder,5,5,93,validation,1.677294373512268
colon,concrete_autoencoder,ConcreteAutoencoder,5,5,94,validation,1.677871823310852
colon,concrete_autoencoder,ConcreteAutoencoder,5,5,95,validation,1.6782362461090088
colon,concrete_autoencoder,ConcreteAutoencoder,5,5,96,validation,1.6787872314453125
colon,concrete_autoencoder,ConcreteAutoencoder,5,5,97,validation,1.679120421409607
colon,concrete_autoencoder,ConcreteAutoencoder,5,5,98,validation,1.6791484355926514
colon,concrete_autoencoder,ConcreteAutoencoder,5,5,99,validation,1.6789038181304932
colon,concrete_autoencoder,ConcreteAutoencoder,5,5,100,validation,1.6790528297424316
colon,concrete_autoencoder,ConcreteAutoencoder,1,1,1,train,2.315809965133667
colon,concrete_autoencoder,ConcreteAutoencoder,1,1,2,train,2.308840274810791
colon,concrete_autoencoder,ConcreteAutoencoder,1,1,3,train,2.301963329315185
colon,concrete_autoencoder,ConcreteAutoencoder,1,1,4,train,2.2957260608673096
colon,concrete_autoencoder,ConcreteAutoencoder,1,1,5,train,2.289883613586426
colon,concrete_autoencoder,ConcreteAutoencoder,1,1,6,train,2.283774375915528
colon,concrete_autoencoder,ConcreteAutoencoder,1,1,7,train,2.2782113552093506
colon,concrete_autoencoder,ConcreteAutoencoder,1,1,8,train,2.271880626678467
colon,concrete_autoencoder,ConcreteAutoencoder,1,1,9,train,2.265925407409668
colon,concrete_autoencoder,ConcreteAutoencoder,1,1,10,train,2.260233163833618
colon,concrete_autoencoder,ConcreteAutoencoder,1,1,11,train,2.25449800491333
colon,concrete_autoencoder,ConcreteAutoencoder,1,1,12,train,2.2488014698028564
colon,concrete_autoencoder,ConcreteAutoencoder,1,1,13,train,2.2429561614990234
colon,concrete_autoencoder,ConcreteAutoencoder,1,1,14,train,2.236908197402954
colon,concrete_autoencoder,ConcreteAutoencoder,1,1,15,train,2.2316343784332275
colon,concrete_autoencoder,ConcreteAutoencoder,1,1,16,train,2.2265357971191406
colon,concrete_autoencoder,ConcreteAutoencoder,1,1,17,train,2.2205629348754883
colon,concrete_autoencoder,ConcreteAutoencoder,1,1,18,train,2.2146360874176025
colon,concrete_autoencoder,ConcreteAutoencoder,1,1,19,train,2.2085180282592773
colon,concrete_autoencoder,ConcreteAutoencoder,1,1,20,train,2.202218532562256
colon,concrete_autoencoder,ConcreteAutoencoder,1,1,21,train,2.195502519607544
colon,concrete_autoencoder,ConcreteAutoencoder,1,1,22,train,2.18843674659729
colon,concrete_autoencoder,ConcreteAutoencoder,1,1,23,train,2.184028625488281
colon,concrete_autoencoder,ConcreteAutoencoder,1,1,24,train,2.178107738494873
colon,concrete_autoencoder,ConcreteAutoencoder,1,1,25,train,2.1717183589935303
colon,concrete_autoencoder,ConcreteAutoencoder,1,1,26,train,2.165048122406006
colon,concrete_autoencoder,ConcreteAutoencoder,1,1,27,train,2.1589412689208984
colon,concrete_autoencoder,ConcreteAutoencoder,1,1,28,train,2.15506362915039
colon,concrete_autoencoder,ConcreteAutoencoder,1,1,29,train,2.148073673248291
colon,concrete_autoencoder,ConcreteAutoencoder,1,1,30,train,2.13660192489624
colon,concrete_autoencoder,ConcreteAutoencoder,1,1,31,train,2.1392598152160645
colon,concrete_autoencoder,ConcreteAutoencoder,1,1,32,train,2.129091024398804
colon,concrete_autoencoder,ConcreteAutoencoder,1,1,33,train,2.124562740325928
colon,concrete_autoencoder,ConcreteAutoencoder,1,1,34,train,2.1213488578796387
colon,concrete_autoencoder,ConcreteAutoencoder,1,1,35,train,2.116077184677124
colon,concrete_autoencoder,ConcreteAutoencoder,1,1,36,train,2.121747732162476
colon,concrete_autoencoder,ConcreteAutoencoder,1,1,37,train,2.093486785888672
colon,concrete_autoencoder,ConcreteAutoencoder,1,1,38,train,2.103041887283325
colon,concrete_autoencoder,ConcreteAutoencoder,1,1,39,train,2.087170124053955
colon,concrete_autoencoder,ConcreteAutoencoder,1,1,40,train,2.090395927429199
colon,concrete_autoencoder,ConcreteAutoencoder,1,1,41,train,2.076191663742065
colon,concrete_autoencoder,ConcreteAutoencoder,1,1,42,train,2.074993133544922
colon,concrete_autoencoder,ConcreteAutoencoder,1,1,43,train,2.0601346492767334
colon,concrete_autoencoder,ConcreteAutoencoder,1,1,44,train,2.056680917739868
colon,concrete_autoencoder,ConcreteAutoencoder,1,1,45,train,2.0799381732940674
colon,concrete_autoencoder,ConcreteAutoencoder,1,1,46,train,2.0635409355163574
colon,concrete_autoencoder,ConcreteAutoencoder,1,1,47,train,2.083885908126831
colon,concrete_autoencoder,ConcreteAutoencoder,1,1,48,train,2.047328472137451
colon,concrete_autoencoder,ConcreteAutoencoder,1,1,49,train,2.058476448059082
colon,concrete_autoencoder,ConcreteAutoencoder,1,1,50,train,2.080575942993164
colon,concrete_autoencoder,ConcreteAutoencoder,1,1,51,train,2.071919679641724
colon,concrete_autoencoder,ConcreteAutoencoder,1,1,52,train,2.0426387786865234
colon,concrete_autoencoder,ConcreteAutoencoder,1,1,53,train,2.068817377090454
colon,concrete_autoencoder,ConcreteAutoencoder,1,1,54,train,2.10273814201355
colon,concrete_autoencoder,ConcreteAutoencoder,1,1,55,train,2.07771897315979
colon,concrete_autoencoder,ConcreteAutoencoder,1,1,56,train,2.0242457389831543
colon,concrete_autoencoder,ConcreteAutoencoder,1,1,57,train,2.074018955230713
colon,concrete_autoencoder,ConcreteAutoencoder,1,1,58,train,2.0218982696533203
colon,concrete_autoencoder,ConcreteAutoencoder,1,1,59,train,2.0744216442108154
colon,concrete_autoencoder,ConcreteAutoencoder,1,1,60,train,2.005290985107422
colon,concrete_autoencoder,ConcreteAutoencoder,1,1,61,train,1.997215747833252
colon,concrete_autoencoder,ConcreteAutoencoder,1,1,62,train,2.019371271133423
colon,concrete_autoencoder,ConcreteAutoencoder,1,1,63,train,2.079152107238769
colon,concrete_autoencoder,ConcreteAutoencoder,1,1,64,train,1.9983972311019895
colon,concrete_autoencoder,ConcreteAutoencoder,1,1,65,train,2.016210556030273
colon,concrete_autoencoder,ConcreteAutoencoder,1,1,66,train,2.043691396713257
colon,concrete_autoencoder,ConcreteAutoencoder,1,1,67,train,2.012623071670532
colon,concrete_autoencoder,ConcreteAutoencoder,1,1,68,train,1.9914292097091677
colon,concrete_autoencoder,ConcreteAutoencoder,1,1,69,train,2.06823205947876
colon,concrete_autoencoder,ConcreteAutoencoder,1,1,70,train,1.973395109176636
colon,concrete_autoencoder,ConcreteAutoencoder,1,1,71,train,2.0489606857299805
colon,concrete_autoencoder,ConcreteAutoencoder,1,1,72,train,1.9721968173980715
colon,concrete_autoencoder,ConcreteAutoencoder,1,1,73,train,1.9859871864318848
colon,concrete_autoencoder,ConcreteAutoencoder,1,1,74,train,2.0090363025665283
colon,concrete_autoencoder,ConcreteAutoencoder,1,1,75,train,1.9563226699829104
colon,concrete_autoencoder,ConcreteAutoencoder,1,1,76,train,2.012557983398437
colon,concrete_autoencoder,ConcreteAutoencoder,1,1,77,train,1.9658159017562864
colon,concrete_autoencoder,ConcreteAutoencoder,1,1,78,train,1.9670313596725464
colon,concrete_autoencoder,ConcreteAutoencoder,1,1,79,train,2.129626750946045
colon,concrete_autoencoder,ConcreteAutoencoder,1,1,80,train,2.008938789367676
colon,concrete_autoencoder,ConcreteAutoencoder,1,1,81,train,1.948575496673584
colon,concrete_autoencoder,ConcreteAutoencoder,1,1,82,train,1.986960530281067
colon,concrete_autoencoder,ConcreteAutoencoder,1,1,83,train,1.9335490465164185
colon,concrete_autoencoder,ConcreteAutoencoder,1,1,84,train,1.9421508312225344
colon,concrete_autoencoder,ConcreteAutoencoder,1,1,85,train,1.9979294538497925
colon,concrete_autoencoder,ConcreteAutoencoder,1,1,86,train,2.0263795852661133
colon,concrete_autoencoder,ConcreteAutoencoder,1,1,87,train,2.0682082176208496
colon,concrete_autoencoder,ConcreteAutoencoder,1,1,88,train,1.939825415611267
colon,concrete_autoencoder,ConcreteAutoencoder,1,1,89,train,1.925877332687378
colon,concrete_autoencoder,ConcreteAutoencoder,1,1,90,train,1.8847519159317017
colon,concrete_autoencoder,ConcreteAutoencoder,1,1,91,train,1.8997986316680908
colon,concrete_autoencoder,ConcreteAutoencoder,1,1,92,train,1.912520170211792
colon,concrete_autoencoder,ConcreteAutoencoder,1,1,93,train,2.1536567211151123
colon,concrete_autoencoder,ConcreteAutoencoder,1,1,94,train,1.9759684801101685
colon,concrete_autoencoder,ConcreteAutoencoder,1,1,95,train,2.072702407836914
colon,concrete_autoencoder,ConcreteAutoencoder,1,1,96,train,1.9939199686050413
colon,concrete_autoencoder,ConcreteAutoencoder,1,1,97,train,2.3035566806793213
colon,concrete_autoencoder,ConcreteAutoencoder,1,1,98,train,2.200488567352295
colon,concrete_autoencoder,ConcreteAutoencoder,1,1,99,train,1.9629405736923216
colon,concrete_autoencoder,ConcreteAutoencoder,1,1,100,train,1.973024606704712
colon,concrete_autoencoder,ConcreteAutoencoder,1,1,1,validation,2.299173593521118
colon,concrete_autoencoder,ConcreteAutoencoder,1,1,2,validation,2.29249906539917
colon,concrete_autoencoder,ConcreteAutoencoder,1,1,3,validation,2.286490201950073
colon,concrete_autoencoder,ConcreteAutoencoder,1,1,4,validation,2.280411720275879
colon,concrete_autoencoder,ConcreteAutoencoder,1,1,5,validation,2.274932861328125
colon,concrete_autoencoder,ConcreteAutoencoder,1,1,6,validation,2.2692911624908447
colon,concrete_autoencoder,ConcreteAutoencoder,1,1,7,validation,2.263640880584717
colon,concrete_autoencoder,ConcreteAutoencoder,1,1,8,validation,2.258748769760132
colon,concrete_autoencoder,ConcreteAutoencoder,1,1,9,validation,2.2539937496185303
colon,concrete_autoencoder,ConcreteAutoencoder,1,1,10,validation,2.2496280670166016
colon,concrete_autoencoder,ConcreteAutoencoder,1,1,11,validation,2.245205879211426
colon,concrete_autoencoder,ConcreteAutoencoder,1,1,12,validation,2.2405502796173096
colon,concrete_autoencoder,ConcreteAutoencoder,1,1,13,validation,2.2352845668792725
colon,concrete_autoencoder,ConcreteAutoencoder,1,1,14,validation,2.230257749557495
colon,concrete_autoencoder,ConcreteAutoencoder,1,1,15,validation,2.2252206802368164
colon,concrete_autoencoder,ConcreteAutoencoder,1,1,16,validation,2.2204461097717285
colon,concrete_autoencoder,ConcreteAutoencoder,1,1,17,validation,2.1874773502349854
colon,concrete_autoencoder,ConcreteAutoencoder,1,1,18,validation,2.180635690689087
colon,concrete_autoencoder,ConcreteAutoencoder,1,1,19,validation,2.1724188327789307
colon,concrete_autoencoder,ConcreteAutoencoder,1,1,20,validation,2.164320230484009
colon,concrete_autoencoder,ConcreteAutoencoder,1,1,21,validation,2.1569881439208984
colon,concrete_autoencoder,ConcreteAutoencoder,1,1,22,validation,2.1504018306732178
colon,concrete_autoencoder,ConcreteAutoencoder,1,1,23,validation,2.1445212364196777
colon,concrete_autoencoder,ConcreteAutoencoder,1,1,24,validation,2.1391520500183105
colon,concrete_autoencoder,ConcreteAutoencoder,1,1,25,validation,2.133422613143921
colon,concrete_autoencoder,ConcreteAutoencoder,1,1,26,validation,2.1273062229156494
colon,concrete_autoencoder,ConcreteAutoencoder,1,1,27,validation,2.1208016872406006
colon,concrete_autoencoder,ConcreteAutoencoder,1,1,28,validation,2.1151742935180664
colon,concrete_autoencoder,ConcreteAutoencoder,1,1,29,validation,2.109971761703491
colon,concrete_autoencoder,ConcreteAutoencoder,1,1,30,validation,2.104478120803833
colon,concrete_autoencoder,ConcreteAutoencoder,1,1,31,validation,2.097654104232788
colon,concrete_autoencoder,ConcreteAutoencoder,1,1,32,validation,2.09126091003418
colon,concrete_autoencoder,ConcreteAutoencoder,1,1,33,validation,2.0856974124908447
colon,concrete_autoencoder,ConcreteAutoencoder,1,1,34,validation,2.0804829597473145
colon,concrete_autoencoder,ConcreteAutoencoder,1,1,35,validation,2.07505464553833
colon,concrete_autoencoder,ConcreteAutoencoder,1,1,36,validation,2.070152759552002
colon,concrete_autoencoder,ConcreteAutoencoder,1,1,37,validation,2.0648818016052246
colon,concrete_autoencoder,ConcreteAutoencoder,1,1,38,validation,2.059607982635498
colon,concrete_autoencoder,ConcreteAutoencoder,1,1,39,validation,2.0542585849761963
colon,concrete_autoencoder,ConcreteAutoencoder,1,1,40,validation,2.04822325706482
colon,concrete_autoencoder,ConcreteAutoencoder,1,1,41,validation,2.043039560317993
colon,concrete_autoencoder,ConcreteAutoencoder,1,1,42,validation,2.038251638412476
colon,concrete_autoencoder,ConcreteAutoencoder,1,1,43,validation,2.033156156539917
colon,concrete_autoencoder,ConcreteAutoencoder,1,1,44,validation,2.0283474922180176
colon,concrete_autoencoder,ConcreteAutoencoder,1,1,45,validation,2.0236988067626958
colon,concrete_autoencoder,ConcreteAutoencoder,1,1,46,validation,2.01967191696167
colon,concrete_autoencoder,ConcreteAutoencoder,1,1,47,validation,2.0163111686706543
colon,concrete_autoencoder,ConcreteAutoencoder,1,1,48,validation,2.0128581523895264
colon,concrete_autoencoder,ConcreteAutoencoder,1,1,49,validation,2.009995937347412
colon,concrete_autoencoder,ConcreteAutoencoder,1,1,50,validation,2.007129907608032
colon,concrete_autoencoder,ConcreteAutoencoder,1,1,51,validation,2.004218578338623
colon,concrete_autoencoder,ConcreteAutoencoder,1,1,52,validation,2.0011703968048096
colon,concrete_autoencoder,ConcreteAutoencoder,1,1,53,validation,1.998218655586243
colon,concrete_autoencoder,ConcreteAutoencoder,1,1,54,validation,1.995270609855652
colon,concrete_autoencoder,ConcreteAutoencoder,1,1,55,validation,1.991737365722656
colon,concrete_autoencoder,ConcreteAutoencoder,1,1,56,validation,1.9880602359771729
colon,concrete_autoencoder,ConcreteAutoencoder,1,1,57,validation,1.98468279838562
colon,concrete_autoencoder,ConcreteAutoencoder,1,1,58,validation,1.9816926717758176
colon,concrete_autoencoder,ConcreteAutoencoder,1,1,59,validation,1.979087233543396
colon,concrete_autoencoder,ConcreteAutoencoder,1,1,60,validation,1.9762858152389529
colon,concrete_autoencoder,ConcreteAutoencoder,1,1,61,validation,1.9729602336883545
colon,concrete_autoencoder,ConcreteAutoencoder,1,1,62,validation,1.9686508178710935
colon,concrete_autoencoder,ConcreteAutoencoder,1,1,63,validation,1.964835524559021
colon,concrete_autoencoder,ConcreteAutoencoder,1,1,64,validation,1.9615249633789065
colon,concrete_autoencoder,ConcreteAutoencoder,1,1,65,validation,1.9581116437911987
colon,concrete_autoencoder,ConcreteAutoencoder,1,1,66,validation,1.9552252292633057
colon,concrete_autoencoder,ConcreteAutoencoder,1,1,67,validation,1.9526132345199585
colon,concrete_autoencoder,ConcreteAutoencoder,1,1,68,validation,1.949714422225952
colon,concrete_autoencoder,ConcreteAutoencoder,1,1,69,validation,1.9470010995864868
colon,concrete_autoencoder,ConcreteAutoencoder,1,1,70,validation,1.9440815448760984
colon,concrete_autoencoder,ConcreteAutoencoder,1,1,71,validation,1.941112756729126
colon,concrete_autoencoder,ConcreteAutoencoder,1,1,72,validation,1.9383665323257449
colon,concrete_autoencoder,ConcreteAutoencoder,1,1,73,validation,1.9358124732971191
colon,concrete_autoencoder,ConcreteAutoencoder,1,1,74,validation,1.9335764646530151
colon,concrete_autoencoder,ConcreteAutoencoder,1,1,75,validation,1.931144118309021
colon,concrete_autoencoder,ConcreteAutoencoder,1,1,76,validation,1.92851996421814
colon,concrete_autoencoder,ConcreteAutoencoder,1,1,77,validation,1.9253255128860476
colon,concrete_autoencoder,ConcreteAutoencoder,1,1,78,validation,1.922667145729065
colon,concrete_autoencoder,ConcreteAutoencoder,1,1,79,validation,1.9204480648040767
colon,concrete_autoencoder,ConcreteAutoencoder,1,1,80,validation,1.9180928468704224
colon,concrete_autoencoder,ConcreteAutoencoder,1,1,81,validation,1.9150575399398804
colon,concrete_autoencoder,ConcreteAutoencoder,1,1,82,validation,1.91272234916687
colon,concrete_autoencoder,ConcreteAutoencoder,1,1,83,validation,1.910569667816162
colon,concrete_autoencoder,ConcreteAutoencoder,1,1,84,validation,1.9087289571762085
colon,concrete_autoencoder,ConcreteAutoencoder,1,1,85,validation,1.9071004390716555
colon,concrete_autoencoder,ConcreteAutoencoder,1,1,86,validation,1.9056718349456787
colon,concrete_autoencoder,ConcreteAutoencoder,1,1,87,validation,1.9040457010269165
colon,concrete_autoencoder,ConcreteAutoencoder,1,1,88,validation,1.9025870561599727
colon,concrete_autoencoder,ConcreteAutoencoder,1,1,89,validation,1.9007352590560915
colon,concrete_autoencoder,ConcreteAutoencoder,1,1,90,validation,1.89893901348114
colon,concrete_autoencoder,ConcreteAutoencoder,1,1,91,validation,1.8974591493606567
colon,concrete_autoencoder,ConcreteAutoencoder,1,1,92,validation,1.895196318626404
colon,concrete_autoencoder,ConcreteAutoencoder,1,1,93,validation,1.8934972286224363
colon,concrete_autoencoder,ConcreteAutoencoder,1,1,94,validation,1.891719937324524
colon,concrete_autoencoder,ConcreteAutoencoder,1,1,95,validation,1.8898214101791384
colon,concrete_autoencoder,ConcreteAutoencoder,1,1,96,validation,1.888135313987732
colon,concrete_autoencoder,ConcreteAutoencoder,1,1,97,validation,1.887260913848877
colon,concrete_autoencoder,ConcreteAutoencoder,1,1,98,validation,1.8866926431655884
colon,concrete_autoencoder,ConcreteAutoencoder,1,1,99,validation,1.8857052326202397
colon,concrete_autoencoder,ConcreteAutoencoder,1,1,100,validation,1.8847256898880005
SMK-CAN-187,concrete_autoencoder,ConcreteAutoencoder,60,60,1,train,26.451295852661133
SMK-CAN-187,concrete_autoencoder,ConcreteAutoencoder,60,60,2,train,6.654849052429199
SMK-CAN-187,concrete_autoencoder,ConcreteAutoencoder,60,60,3,train,1.5483441352844238
SMK-CAN-187,concrete_autoencoder,ConcreteAutoencoder,60,60,4,train,0.7038142681121826
SMK-CAN-187,concrete_autoencoder,ConcreteAutoencoder,60,60,5,train,0.4367437064647674
SMK-CAN-187,concrete_autoencoder,ConcreteAutoencoder,60,60,6,train,0.2896738648414612
SMK-CAN-187,concrete_autoencoder,ConcreteAutoencoder,60,60,7,train,0.2382989674806594
SMK-CAN-187,concrete_autoencoder,ConcreteAutoencoder,60,60,8,train,0.2225281149148941
SMK-CAN-187,concrete_autoencoder,ConcreteAutoencoder,60,60,9,train,0.2158809453248977
SMK-CAN-187,concrete_autoencoder,ConcreteAutoencoder,60,60,10,train,0.2139577716588974
SMK-CAN-187,concrete_autoencoder,ConcreteAutoencoder,60,60,11,train,0.2128365337848663
SMK-CAN-187,concrete_autoencoder,ConcreteAutoencoder,60,60,12,train,0.2122064679861068
SMK-CAN-187,concrete_autoencoder,ConcreteAutoencoder,60,60,13,train,0.2134287506341934
SMK-CAN-187,concrete_autoencoder,ConcreteAutoencoder,60,60,14,train,0.2136432528495788
SMK-CAN-187,concrete_autoencoder,ConcreteAutoencoder,60,60,15,train,0.2134493738412857
SMK-CAN-187,concrete_autoencoder,ConcreteAutoencoder,60,60,16,train,0.213324949145317
SMK-CAN-187,concrete_autoencoder,ConcreteAutoencoder,60,60,17,train,0.2134712487459182
SMK-CAN-187,concrete_autoencoder,ConcreteAutoencoder,60,60,18,train,0.2127567678689956
SMK-CAN-187,concrete_autoencoder,ConcreteAutoencoder,60,60,19,train,0.214008942246437
SMK-CAN-187,concrete_autoencoder,ConcreteAutoencoder,60,60,20,train,0.2131190299987793
SMK-CAN-187,concrete_autoencoder,ConcreteAutoencoder,60,60,21,train,0.2131436765193939
SMK-CAN-187,concrete_autoencoder,ConcreteAutoencoder,60,60,22,train,0.2130626887083053
SMK-CAN-187,concrete_autoencoder,ConcreteAutoencoder,60,60,23,train,0.2136821150779724
SMK-CAN-187,concrete_autoencoder,ConcreteAutoencoder,60,60,24,train,0.2135224789381027
SMK-CAN-187,concrete_autoencoder,ConcreteAutoencoder,60,60,25,train,0.213328018784523
SMK-CAN-187,concrete_autoencoder,ConcreteAutoencoder,60,60,26,train,0.2138529419898986
SMK-CAN-187,concrete_autoencoder,ConcreteAutoencoder,60,60,27,train,0.2141167372465133
SMK-CAN-187,concrete_autoencoder,ConcreteAutoencoder,60,60,28,train,0.214326336979866
SMK-CAN-187,concrete_autoencoder,ConcreteAutoencoder,60,60,29,train,0.2166659533977508
SMK-CAN-187,concrete_autoencoder,ConcreteAutoencoder,60,60,30,train,0.2168827503919601
SMK-CAN-187,concrete_autoencoder,ConcreteAutoencoder,60,60,31,train,0.2175490409135818
SMK-CAN-187,concrete_autoencoder,ConcreteAutoencoder,60,60,32,train,0.2215971201658249
SMK-CAN-187,concrete_autoencoder,ConcreteAutoencoder,60,60,33,train,0.221156969666481
SMK-CAN-187,concrete_autoencoder,ConcreteAutoencoder,60,60,34,train,0.224729374051094
SMK-CAN-187,concrete_autoencoder,ConcreteAutoencoder,60,60,35,train,0.2267476022243499
SMK-CAN-187,concrete_autoencoder,ConcreteAutoencoder,60,60,36,train,0.2296971380710601
SMK-CAN-187,concrete_autoencoder,ConcreteAutoencoder,60,60,37,train,0.2454661428928375
SMK-CAN-187,concrete_autoencoder,ConcreteAutoencoder,60,60,38,train,0.2432887703180313
SMK-CAN-187,concrete_autoencoder,ConcreteAutoencoder,60,60,39,train,0.2512271702289581
SMK-CAN-187,concrete_autoencoder,ConcreteAutoencoder,60,60,40,train,0.2700208723545074
SMK-CAN-187,concrete_autoencoder,ConcreteAutoencoder,60,60,41,train,0.2735641598701477
SMK-CAN-187,concrete_autoencoder,ConcreteAutoencoder,60,60,42,train,0.305524468421936
SMK-CAN-187,concrete_autoencoder,ConcreteAutoencoder,60,60,43,train,0.3099275231361389
SMK-CAN-187,concrete_autoencoder,ConcreteAutoencoder,60,60,44,train,0.3395286798477173
SMK-CAN-187,concrete_autoencoder,ConcreteAutoencoder,60,60,45,train,0.3047634363174438
SMK-CAN-187,concrete_autoencoder,ConcreteAutoencoder,60,60,46,train,0.3264160454273224
SMK-CAN-187,concrete_autoencoder,ConcreteAutoencoder,60,60,47,train,0.3474241495132446
SMK-CAN-187,concrete_autoencoder,ConcreteAutoencoder,60,60,48,train,0.3900968432426452
SMK-CAN-187,concrete_autoencoder,ConcreteAutoencoder,60,60,49,train,0.3864399194717407
SMK-CAN-187,concrete_autoencoder,ConcreteAutoencoder,60,60,50,train,0.3804926872253418
SMK-CAN-187,concrete_autoencoder,ConcreteAutoencoder,60,60,51,train,0.4233260154724121
SMK-CAN-187,concrete_autoencoder,ConcreteAutoencoder,60,60,52,train,0.4175270795822143
SMK-CAN-187,concrete_autoencoder,ConcreteAutoencoder,60,60,53,train,0.4139360189437866
SMK-CAN-187,concrete_autoencoder,ConcreteAutoencoder,60,60,54,train,0.4568813741207123
SMK-CAN-187,concrete_autoencoder,ConcreteAutoencoder,60,60,55,train,0.4753984212875366
SMK-CAN-187,concrete_autoencoder,ConcreteAutoencoder,60,60,56,train,0.4451426565647125
SMK-CAN-187,concrete_autoencoder,ConcreteAutoencoder,60,60,57,train,0.4524008631706238
SMK-CAN-187,concrete_autoencoder,ConcreteAutoencoder,60,60,58,train,0.4603942632675171
SMK-CAN-187,concrete_autoencoder,ConcreteAutoencoder,60,60,59,train,0.4329554438591003
SMK-CAN-187,concrete_autoencoder,ConcreteAutoencoder,60,60,60,train,0.4546959996223449
SMK-CAN-187,concrete_autoencoder,ConcreteAutoencoder,60,60,61,train,0.4682239890098572
SMK-CAN-187,concrete_autoencoder,ConcreteAutoencoder,60,60,62,train,0.4212634563446045
SMK-CAN-187,concrete_autoencoder,ConcreteAutoencoder,60,60,63,train,0.4461785554885864
SMK-CAN-187,concrete_autoencoder,ConcreteAutoencoder,60,60,64,train,0.4472624063491821
SMK-CAN-187,concrete_autoencoder,ConcreteAutoencoder,60,60,65,train,0.4343572556972503
SMK-CAN-187,concrete_autoencoder,ConcreteAutoencoder,60,60,66,train,0.4667269289493561
SMK-CAN-187,concrete_autoencoder,ConcreteAutoencoder,60,60,67,train,0.4864246547222137
SMK-CAN-187,concrete_autoencoder,ConcreteAutoencoder,60,60,68,train,0.4847044944763183
SMK-CAN-187,concrete_autoencoder,ConcreteAutoencoder,60,60,69,train,0.515679121017456
SMK-CAN-187,concrete_autoencoder,ConcreteAutoencoder,60,60,70,train,0.5015360116958618
SMK-CAN-187,concrete_autoencoder,ConcreteAutoencoder,60,60,71,train,0.4771886765956878
SMK-CAN-187,concrete_autoencoder,ConcreteAutoencoder,60,60,72,train,0.4449267387390136
SMK-CAN-187,concrete_autoencoder,ConcreteAutoencoder,60,60,73,train,0.4642472863197326
SMK-CAN-187,concrete_autoencoder,ConcreteAutoencoder,60,60,74,train,0.447531521320343
SMK-CAN-187,concrete_autoencoder,ConcreteAutoencoder,60,60,75,train,0.4718977212905884
SMK-CAN-187,concrete_autoencoder,ConcreteAutoencoder,60,60,76,train,0.4775228798389435
SMK-CAN-187,concrete_autoencoder,ConcreteAutoencoder,60,60,77,train,0.4945261776447296
SMK-CAN-187,concrete_autoencoder,ConcreteAutoencoder,60,60,78,train,0.4235938191413879
SMK-CAN-187,concrete_autoencoder,ConcreteAutoencoder,60,60,79,train,0.4505262374877929
SMK-CAN-187,concrete_autoencoder,ConcreteAutoencoder,60,60,80,train,0.4861567914485931
SMK-CAN-187,concrete_autoencoder,ConcreteAutoencoder,60,60,81,train,0.4735254347324371
SMK-CAN-187,concrete_autoencoder,ConcreteAutoencoder,60,60,82,train,0.5100170969963074
SMK-CAN-187,concrete_autoencoder,ConcreteAutoencoder,60,60,83,train,0.453767865896225
SMK-CAN-187,concrete_autoencoder,ConcreteAutoencoder,60,60,84,train,0.433174580335617
SMK-CAN-187,concrete_autoencoder,ConcreteAutoencoder,60,60,85,train,0.4313220977783203
SMK-CAN-187,concrete_autoencoder,ConcreteAutoencoder,60,60,86,train,0.4940006732940674
SMK-CAN-187,concrete_autoencoder,ConcreteAutoencoder,60,60,87,train,0.5001716017723083
SMK-CAN-187,concrete_autoencoder,ConcreteAutoencoder,60,60,88,train,0.4843247830867767
SMK-CAN-187,concrete_autoencoder,ConcreteAutoencoder,60,60,89,train,0.5279595255851746
SMK-CAN-187,concrete_autoencoder,ConcreteAutoencoder,60,60,90,train,0.4671424627304077
SMK-CAN-187,concrete_autoencoder,ConcreteAutoencoder,60,60,91,train,0.4527525901794433
SMK-CAN-187,concrete_autoencoder,ConcreteAutoencoder,60,60,92,train,0.4217150509357452
SMK-CAN-187,concrete_autoencoder,ConcreteAutoencoder,60,60,93,train,0.4370584785938263
SMK-CAN-187,concrete_autoencoder,ConcreteAutoencoder,60,60,94,train,0.4724158346652984
SMK-CAN-187,concrete_autoencoder,ConcreteAutoencoder,60,60,95,train,0.445687472820282
SMK-CAN-187,concrete_autoencoder,ConcreteAutoencoder,60,60,96,train,0.4342454671859741
SMK-CAN-187,concrete_autoencoder,ConcreteAutoencoder,60,60,97,train,0.3903629183769226
SMK-CAN-187,concrete_autoencoder,ConcreteAutoencoder,60,60,98,train,0.4225077927112579
SMK-CAN-187,concrete_autoencoder,ConcreteAutoencoder,60,60,99,train,0.42975914478302
SMK-CAN-187,concrete_autoencoder,ConcreteAutoencoder,60,60,100,train,0.4032958149909973
SMK-CAN-187,concrete_autoencoder,ConcreteAutoencoder,60,60,1,validation,10.54841423034668
SMK-CAN-187,concrete_autoencoder,ConcreteAutoencoder,60,60,2,validation,3.960306167602539
SMK-CAN-187,concrete_autoencoder,ConcreteAutoencoder,60,60,3,validation,6.578791618347168
SMK-CAN-187,concrete_autoencoder,ConcreteAutoencoder,60,60,4,validation,4.39471435546875
SMK-CAN-187,concrete_autoencoder,ConcreteAutoencoder,60,60,5,validation,2.2725253105163574
SMK-CAN-187,concrete_autoencoder,ConcreteAutoencoder,60,60,6,validation,1.1245471239089966
SMK-CAN-187,concrete_autoencoder,ConcreteAutoencoder,60,60,7,validation,0.8417544364929199
SMK-CAN-187,concrete_autoencoder,ConcreteAutoencoder,60,60,8,validation,0.8096476197242737
SMK-CAN-187,concrete_autoencoder,ConcreteAutoencoder,60,60,9,validation,0.7744826078414917
SMK-CAN-187,concrete_autoencoder,ConcreteAutoencoder,60,60,10,validation,0.7683154940605164
SMK-CAN-187,concrete_autoencoder,ConcreteAutoencoder,60,60,11,validation,0.7348790168762207
SMK-CAN-187,concrete_autoencoder,ConcreteAutoencoder,60,60,12,validation,0.7644758224487305
SMK-CAN-187,concrete_autoencoder,ConcreteAutoencoder,60,60,13,validation,0.7579730749130249
SMK-CAN-187,concrete_autoencoder,ConcreteAutoencoder,60,60,14,validation,0.7604556083679199
SMK-CAN-187,concrete_autoencoder,ConcreteAutoencoder,60,60,15,validation,0.7217395901679993
SMK-CAN-187,concrete_autoencoder,ConcreteAutoencoder,60,60,16,validation,0.7137134671211243
SMK-CAN-187,concrete_autoencoder,ConcreteAutoencoder,60,60,17,validation,0.6911901831626892
SMK-CAN-187,concrete_autoencoder,ConcreteAutoencoder,60,60,18,validation,0.5702542066574097
SMK-CAN-187,concrete_autoencoder,ConcreteAutoencoder,60,60,19,validation,0.5504704117774963
SMK-CAN-187,concrete_autoencoder,ConcreteAutoencoder,60,60,20,validation,0.5526089668273926
SMK-CAN-187,concrete_autoencoder,ConcreteAutoencoder,60,60,21,validation,0.543171226978302
SMK-CAN-187,concrete_autoencoder,ConcreteAutoencoder,60,60,22,validation,0.5457964539527893
SMK-CAN-187,concrete_autoencoder,ConcreteAutoencoder,60,60,23,validation,0.5219073295593262
SMK-CAN-187,concrete_autoencoder,ConcreteAutoencoder,60,60,24,validation,0.5297653079032898
SMK-CAN-187,concrete_autoencoder,ConcreteAutoencoder,60,60,25,validation,0.4958357512950897
SMK-CAN-187,concrete_autoencoder,ConcreteAutoencoder,60,60,26,validation,0.5329362750053406
SMK-CAN-187,concrete_autoencoder,ConcreteAutoencoder,60,60,27,validation,0.4190532267093658
SMK-CAN-187,concrete_autoencoder,ConcreteAutoencoder,60,60,28,validation,0.4181395173072815
SMK-CAN-187,concrete_autoencoder,ConcreteAutoencoder,60,60,29,validation,0.3276103734970093
SMK-CAN-187,concrete_autoencoder,ConcreteAutoencoder,60,60,30,validation,0.3257898986339569
SMK-CAN-187,concrete_autoencoder,ConcreteAutoencoder,60,60,31,validation,0.327166199684143
SMK-CAN-187,concrete_autoencoder,ConcreteAutoencoder,60,60,32,validation,0.3296230137348175
SMK-CAN-187,concrete_autoencoder,ConcreteAutoencoder,60,60,33,validation,0.3319471776485443
SMK-CAN-187,concrete_autoencoder,ConcreteAutoencoder,60,60,34,validation,0.3205398321151733
SMK-CAN-187,concrete_autoencoder,ConcreteAutoencoder,60,60,35,validation,0.3222602903842926
SMK-CAN-187,concrete_autoencoder,ConcreteAutoencoder,60,60,36,validation,0.3261114060878753
SMK-CAN-187,concrete_autoencoder,ConcreteAutoencoder,60,60,37,validation,0.2976028621196747
SMK-CAN-187,concrete_autoencoder,ConcreteAutoencoder,60,60,38,validation,0.2999459505081177
SMK-CAN-187,concrete_autoencoder,ConcreteAutoencoder,60,60,39,validation,0.2972777485847473
SMK-CAN-187,concrete_autoencoder,ConcreteAutoencoder,60,60,40,validation,0.2841628789901733
SMK-CAN-187,concrete_autoencoder,ConcreteAutoencoder,60,60,41,validation,0.3025999963283539
SMK-CAN-187,concrete_autoencoder,ConcreteAutoencoder,60,60,42,validation,0.3024293184280395
SMK-CAN-187,concrete_autoencoder,ConcreteAutoencoder,60,60,43,validation,0.3039749264717102
SMK-CAN-187,concrete_autoencoder,ConcreteAutoencoder,60,60,44,validation,0.3156706392765045
SMK-CAN-187,concrete_autoencoder,ConcreteAutoencoder,60,60,45,validation,0.3063807189464569
SMK-CAN-187,concrete_autoencoder,ConcreteAutoencoder,60,60,46,validation,0.3116229474544525
SMK-CAN-187,concrete_autoencoder,ConcreteAutoencoder,60,60,47,validation,0.3162399232387543
SMK-CAN-187,concrete_autoencoder,ConcreteAutoencoder,60,60,48,validation,0.3073828518390655
SMK-CAN-187,concrete_autoencoder,ConcreteAutoencoder,60,60,49,validation,0.3042283058166504
SMK-CAN-187,concrete_autoencoder,ConcreteAutoencoder,60,60,50,validation,0.3265785276889801
SMK-CAN-187,concrete_autoencoder,ConcreteAutoencoder,60,60,51,validation,0.3093853592872619
SMK-CAN-187,concrete_autoencoder,ConcreteAutoencoder,60,60,52,validation,0.3259229958057403
SMK-CAN-187,concrete_autoencoder,ConcreteAutoencoder,60,60,53,validation,0.3590735495090484
SMK-CAN-187,concrete_autoencoder,ConcreteAutoencoder,60,60,54,validation,0.347935676574707
SMK-CAN-187,concrete_autoencoder,ConcreteAutoencoder,60,60,55,validation,0.3299351334571838
SMK-CAN-187,concrete_autoencoder,ConcreteAutoencoder,60,60,56,validation,0.3292464017868042
SMK-CAN-187,concrete_autoencoder,ConcreteAutoencoder,60,60,57,validation,0.3229053318500519
SMK-CAN-187,concrete_autoencoder,ConcreteAutoencoder,60,60,58,validation,0.307145357131958
SMK-CAN-187,concrete_autoencoder,ConcreteAutoencoder,60,60,59,validation,0.3016009330749511
SMK-CAN-187,concrete_autoencoder,ConcreteAutoencoder,60,60,60,validation,0.3160744607448578
SMK-CAN-187,concrete_autoencoder,ConcreteAutoencoder,60,60,61,validation,0.3134688436985016
SMK-CAN-187,concrete_autoencoder,ConcreteAutoencoder,60,60,62,validation,0.2959438264369964
SMK-CAN-187,concrete_autoencoder,ConcreteAutoencoder,60,60,63,validation,0.2926333248615265
SMK-CAN-187,concrete_autoencoder,ConcreteAutoencoder,60,60,64,validation,0.312847226858139
SMK-CAN-187,concrete_autoencoder,ConcreteAutoencoder,60,60,65,validation,0.3211580216884613
SMK-CAN-187,concrete_autoencoder,ConcreteAutoencoder,60,60,66,validation,0.3084898591041565
SMK-CAN-187,concrete_autoencoder,ConcreteAutoencoder,60,60,67,validation,0.3146088123321533
SMK-CAN-187,concrete_autoencoder,ConcreteAutoencoder,60,60,68,validation,0.3113935589790344
SMK-CAN-187,concrete_autoencoder,ConcreteAutoencoder,60,60,69,validation,0.2924194931983948
SMK-CAN-187,concrete_autoencoder,ConcreteAutoencoder,60,60,70,validation,0.3006314039230346
SMK-CAN-187,concrete_autoencoder,ConcreteAutoencoder,60,60,71,validation,0.2967908382415771
SMK-CAN-187,concrete_autoencoder,ConcreteAutoencoder,60,60,72,validation,0.2956593930721283
SMK-CAN-187,concrete_autoencoder,ConcreteAutoencoder,60,60,73,validation,0.2999503910541534
SMK-CAN-187,concrete_autoencoder,ConcreteAutoencoder,60,60,74,validation,0.294262170791626
SMK-CAN-187,concrete_autoencoder,ConcreteAutoencoder,60,60,75,validation,0.2966224253177643
SMK-CAN-187,concrete_autoencoder,ConcreteAutoencoder,60,60,76,validation,0.3301362991333008
SMK-CAN-187,concrete_autoencoder,ConcreteAutoencoder,60,60,77,validation,0.2956844270229339
SMK-CAN-187,concrete_autoencoder,ConcreteAutoencoder,60,60,78,validation,0.3000076115131378
SMK-CAN-187,concrete_autoencoder,ConcreteAutoencoder,60,60,79,validation,0.3113039135932922
SMK-CAN-187,concrete_autoencoder,ConcreteAutoencoder,60,60,80,validation,0.3097436428070068
SMK-CAN-187,concrete_autoencoder,ConcreteAutoencoder,60,60,81,validation,0.3182039558887481
SMK-CAN-187,concrete_autoencoder,ConcreteAutoencoder,60,60,82,validation,0.3019684255123138
SMK-CAN-187,concrete_autoencoder,ConcreteAutoencoder,60,60,83,validation,0.2952642440795898
SMK-CAN-187,concrete_autoencoder,ConcreteAutoencoder,60,60,84,validation,0.2748320698738098
SMK-CAN-187,concrete_autoencoder,ConcreteAutoencoder,60,60,85,validation,0.3391621112823486
SMK-CAN-187,concrete_autoencoder,ConcreteAutoencoder,60,60,86,validation,0.3068702220916748
SMK-CAN-187,concrete_autoencoder,ConcreteAutoencoder,60,60,87,validation,0.2962594032287597
SMK-CAN-187,concrete_autoencoder,ConcreteAutoencoder,60,60,88,validation,0.3049765229225158
SMK-CAN-187,concrete_autoencoder,ConcreteAutoencoder,60,60,89,validation,0.3117989599704742
SMK-CAN-187,concrete_autoencoder,ConcreteAutoencoder,60,60,90,validation,0.3221117854118347
SMK-CAN-187,concrete_autoencoder,ConcreteAutoencoder,60,60,91,validation,0.2942482829093933
SMK-CAN-187,concrete_autoencoder,ConcreteAutoencoder,60,60,92,validation,0.2945654392242431
SMK-CAN-187,concrete_autoencoder,ConcreteAutoencoder,60,60,93,validation,0.2748932540416717
SMK-CAN-187,concrete_autoencoder,ConcreteAutoencoder,60,60,94,validation,0.2695829570293426
SMK-CAN-187,concrete_autoencoder,ConcreteAutoencoder,60,60,95,validation,0.2708910703659057
SMK-CAN-187,concrete_autoencoder,ConcreteAutoencoder,60,60,96,validation,0.2764910161495209
SMK-CAN-187,concrete_autoencoder,ConcreteAutoencoder,60,60,97,validation,0.3209242820739746
SMK-CAN-187,concrete_autoencoder,ConcreteAutoencoder,60,60,98,validation,0.2987408936023712
SMK-CAN-187,concrete_autoencoder,ConcreteAutoencoder,60,60,99,validation,0.2993427217006683
SMK-CAN-187,concrete_autoencoder,ConcreteAutoencoder,60,60,100,validation,0.2833592891693115
SMK-CAN-187,concrete_autoencoder,ConcreteAutoencoder,30,30,1,train,31.462804794311523
SMK-CAN-187,concrete_autoencoder,ConcreteAutoencoder,30,30,2,train,16.383644104003906
SMK-CAN-187,concrete_autoencoder,ConcreteAutoencoder,30,30,3,train,7.630334854125977
SMK-CAN-187,concrete_autoencoder,ConcreteAutoencoder,30,30,4,train,3.3408124446868896
SMK-CAN-187,concrete_autoencoder,ConcreteAutoencoder,30,30,5,train,1.4965488910675049
SMK-CAN-187,concrete_autoencoder,ConcreteAutoencoder,30,30,6,train,0.7472594976425171
SMK-CAN-187,concrete_autoencoder,ConcreteAutoencoder,30,30,7,train,0.4397980272769928
SMK-CAN-187,concrete_autoencoder,ConcreteAutoencoder,30,30,8,train,0.3092247247695923
SMK-CAN-187,concrete_autoencoder,ConcreteAutoencoder,30,30,9,train,0.2532492876052856
SMK-CAN-187,concrete_autoencoder,ConcreteAutoencoder,30,30,10,train,0.229614570736885
SMK-CAN-187,concrete_autoencoder,ConcreteAutoencoder,30,30,11,train,0.2191371470689773
SMK-CAN-187,concrete_autoencoder,ConcreteAutoencoder,30,30,12,train,0.2145448923110962
SMK-CAN-187,concrete_autoencoder,ConcreteAutoencoder,30,30,13,train,0.2130652666091919
SMK-CAN-187,concrete_autoencoder,ConcreteAutoencoder,30,30,14,train,0.212012842297554
SMK-CAN-187,concrete_autoencoder,ConcreteAutoencoder,30,30,15,train,0.211614117026329
SMK-CAN-187,concrete_autoencoder,ConcreteAutoencoder,30,30,16,train,0.2116190195083618
SMK-CAN-187,concrete_autoencoder,ConcreteAutoencoder,30,30,17,train,0.2111303806304931
SMK-CAN-187,concrete_autoencoder,ConcreteAutoencoder,30,30,18,train,0.2113261073827743
SMK-CAN-187,concrete_autoencoder,ConcreteAutoencoder,30,30,19,train,0.2113385647535324
SMK-CAN-187,concrete_autoencoder,ConcreteAutoencoder,30,30,20,train,0.2114884406328201
SMK-CAN-187,concrete_autoencoder,ConcreteAutoencoder,30,30,21,train,0.212002158164978
SMK-CAN-187,concrete_autoencoder,ConcreteAutoencoder,30,30,22,train,0.2115651816129684
SMK-CAN-187,concrete_autoencoder,ConcreteAutoencoder,30,30,23,train,0.2116447240114212
SMK-CAN-187,concrete_autoencoder,ConcreteAutoencoder,30,30,24,train,0.2115141004323959
SMK-CAN-187,concrete_autoencoder,ConcreteAutoencoder,30,30,25,train,0.2115014046430587
SMK-CAN-187,concrete_autoencoder,ConcreteAutoencoder,30,30,26,train,0.2117974162101745
SMK-CAN-187,concrete_autoencoder,ConcreteAutoencoder,30,30,27,train,0.2119168639183044
SMK-CAN-187,concrete_autoencoder,ConcreteAutoencoder,30,30,28,train,0.2123757749795913
SMK-CAN-187,concrete_autoencoder,ConcreteAutoencoder,30,30,29,train,0.2126714140176773
SMK-CAN-187,concrete_autoencoder,ConcreteAutoencoder,30,30,30,train,0.2141562402248382
SMK-CAN-187,concrete_autoencoder,ConcreteAutoencoder,30,30,31,train,0.2136103957891464
SMK-CAN-187,concrete_autoencoder,ConcreteAutoencoder,30,30,32,train,0.2134896665811538
SMK-CAN-187,concrete_autoencoder,ConcreteAutoencoder,30,30,33,train,0.2147165387868881
SMK-CAN-187,concrete_autoencoder,ConcreteAutoencoder,30,30,34,train,0.2165888100862503
SMK-CAN-187,concrete_autoencoder,ConcreteAutoencoder,30,30,35,train,0.2182562351226806
SMK-CAN-187,concrete_autoencoder,ConcreteAutoencoder,30,30,36,train,0.2259541898965835
SMK-CAN-187,concrete_autoencoder,ConcreteAutoencoder,30,30,37,train,0.2237929254770279
SMK-CAN-187,concrete_autoencoder,ConcreteAutoencoder,30,30,38,train,0.2274927943944931
SMK-CAN-187,concrete_autoencoder,ConcreteAutoencoder,30,30,39,train,0.2315471619367599
SMK-CAN-187,concrete_autoencoder,ConcreteAutoencoder,30,30,40,train,0.242850974202156
SMK-CAN-187,concrete_autoencoder,ConcreteAutoencoder,30,30,41,train,0.2697905302047729
SMK-CAN-187,concrete_autoencoder,ConcreteAutoencoder,30,30,42,train,0.2968462109565735
SMK-CAN-187,concrete_autoencoder,ConcreteAutoencoder,30,30,43,train,0.2893542945384979
SMK-CAN-187,concrete_autoencoder,ConcreteAutoencoder,30,30,44,train,0.2649427950382232
SMK-CAN-187,concrete_autoencoder,ConcreteAutoencoder,30,30,45,train,0.2805959284305572
SMK-CAN-187,concrete_autoencoder,ConcreteAutoencoder,30,30,46,train,0.2966857850551605
SMK-CAN-187,concrete_autoencoder,ConcreteAutoencoder,30,30,47,train,0.2922455072402954
SMK-CAN-187,concrete_autoencoder,ConcreteAutoencoder,30,30,48,train,0.3009775280952453
SMK-CAN-187,concrete_autoencoder,ConcreteAutoencoder,30,30,49,train,0.3343996107578277
SMK-CAN-187,concrete_autoencoder,ConcreteAutoencoder,30,30,50,train,0.3056937754154205
SMK-CAN-187,concrete_autoencoder,ConcreteAutoencoder,30,30,51,train,0.3536317050457001
SMK-CAN-187,concrete_autoencoder,ConcreteAutoencoder,30,30,52,train,0.3401870131492615
SMK-CAN-187,concrete_autoencoder,ConcreteAutoencoder,30,30,53,train,0.3611954152584076
SMK-CAN-187,concrete_autoencoder,ConcreteAutoencoder,30,30,54,train,0.3738510608673095
SMK-CAN-187,concrete_autoencoder,ConcreteAutoencoder,30,30,55,train,0.3807694911956787
SMK-CAN-187,concrete_autoencoder,ConcreteAutoencoder,30,30,56,train,0.3605368137359619
SMK-CAN-187,concrete_autoencoder,ConcreteAutoencoder,30,30,57,train,0.3531620800495147
SMK-CAN-187,concrete_autoencoder,ConcreteAutoencoder,30,30,58,train,0.4084633290767669
SMK-CAN-187,concrete_autoencoder,ConcreteAutoencoder,30,30,59,train,0.3561040163040161
SMK-CAN-187,concrete_autoencoder,ConcreteAutoencoder,30,30,60,train,0.3897857367992401
SMK-CAN-187,concrete_autoencoder,ConcreteAutoencoder,30,30,61,train,0.3627756237983703
SMK-CAN-187,concrete_autoencoder,ConcreteAutoencoder,30,30,62,train,0.3408373892307281
SMK-CAN-187,concrete_autoencoder,ConcreteAutoencoder,30,30,63,train,0.3545444309711456
SMK-CAN-187,concrete_autoencoder,ConcreteAutoencoder,30,30,64,train,0.4013292789459228
SMK-CAN-187,concrete_autoencoder,ConcreteAutoencoder,30,30,65,train,0.3702751100063324
SMK-CAN-187,concrete_autoencoder,ConcreteAutoencoder,30,30,66,train,0.3815115988254547
SMK-CAN-187,concrete_autoencoder,ConcreteAutoencoder,30,30,67,train,0.366183191537857
SMK-CAN-187,concrete_autoencoder,ConcreteAutoencoder,30,30,68,train,0.3582827746868133
SMK-CAN-187,concrete_autoencoder,ConcreteAutoencoder,30,30,69,train,0.3749232292175293
SMK-CAN-187,concrete_autoencoder,ConcreteAutoencoder,30,30,70,train,0.3748885989189148
SMK-CAN-187,concrete_autoencoder,ConcreteAutoencoder,30,30,71,train,0.3884153366088867
SMK-CAN-187,concrete_autoencoder,ConcreteAutoencoder,30,30,72,train,0.436139315366745
SMK-CAN-187,concrete_autoencoder,ConcreteAutoencoder,30,30,73,train,0.3547178208827972
SMK-CAN-187,concrete_autoencoder,ConcreteAutoencoder,30,30,74,train,0.3689922392368316
SMK-CAN-187,concrete_autoencoder,ConcreteAutoencoder,30,30,75,train,0.3581644892692566
SMK-CAN-187,concrete_autoencoder,ConcreteAutoencoder,30,30,76,train,0.387399673461914
SMK-CAN-187,concrete_autoencoder,ConcreteAutoencoder,30,30,77,train,0.3782243728637695
SMK-CAN-187,concrete_autoencoder,ConcreteAutoencoder,30,30,78,train,0.4125712811946869
SMK-CAN-187,concrete_autoencoder,ConcreteAutoencoder,30,30,79,train,0.4343493580818176
SMK-CAN-187,concrete_autoencoder,ConcreteAutoencoder,30,30,80,train,0.3575696647167206
SMK-CAN-187,concrete_autoencoder,ConcreteAutoencoder,30,30,81,train,0.3309434354305267
SMK-CAN-187,concrete_autoencoder,ConcreteAutoencoder,30,30,82,train,0.3906870186328888
SMK-CAN-187,concrete_autoencoder,ConcreteAutoencoder,30,30,83,train,0.3678509294986725
SMK-CAN-187,concrete_autoencoder,ConcreteAutoencoder,30,30,84,train,0.3765100836753845
SMK-CAN-187,concrete_autoencoder,ConcreteAutoencoder,30,30,85,train,0.404787540435791
SMK-CAN-187,concrete_autoencoder,ConcreteAutoencoder,30,30,86,train,0.3877878487110138
SMK-CAN-187,concrete_autoencoder,ConcreteAutoencoder,30,30,87,train,0.398608386516571
SMK-CAN-187,concrete_autoencoder,ConcreteAutoencoder,30,30,88,train,0.3717565834522247
SMK-CAN-187,concrete_autoencoder,ConcreteAutoencoder,30,30,89,train,0.3644689917564392
SMK-CAN-187,concrete_autoencoder,ConcreteAutoencoder,30,30,90,train,0.3905737400054931
SMK-CAN-187,concrete_autoencoder,ConcreteAutoencoder,30,30,91,train,0.3820595443248749
SMK-CAN-187,concrete_autoencoder,ConcreteAutoencoder,30,30,92,train,0.3495379984378814
SMK-CAN-187,concrete_autoencoder,ConcreteAutoencoder,30,30,93,train,0.3508263826370239
SMK-CAN-187,concrete_autoencoder,ConcreteAutoencoder,30,30,94,train,0.3538183569908142
SMK-CAN-187,concrete_autoencoder,ConcreteAutoencoder,30,30,95,train,0.3349368274211883
SMK-CAN-187,concrete_autoencoder,ConcreteAutoencoder,30,30,96,train,0.3620559871196747
SMK-CAN-187,concrete_autoencoder,ConcreteAutoencoder,30,30,97,train,0.3853052258491516
SMK-CAN-187,concrete_autoencoder,ConcreteAutoencoder,30,30,98,train,0.4479405879974365
SMK-CAN-187,concrete_autoencoder,ConcreteAutoencoder,30,30,99,train,0.4229871034622192
SMK-CAN-187,concrete_autoencoder,ConcreteAutoencoder,30,30,100,train,0.4128914773464203
SMK-CAN-187,concrete_autoencoder,ConcreteAutoencoder,30,30,1,validation,20.19739532470703
SMK-CAN-187,concrete_autoencoder,ConcreteAutoencoder,30,30,2,validation,7.587741374969482
SMK-CAN-187,concrete_autoencoder,ConcreteAutoencoder,30,30,3,validation,3.2866992950439453
SMK-CAN-187,concrete_autoencoder,ConcreteAutoencoder,30,30,4,validation,3.0355539321899414
SMK-CAN-187,concrete_autoencoder,ConcreteAutoencoder,30,30,5,validation,4.278851509094238
SMK-CAN-187,concrete_autoencoder,ConcreteAutoencoder,30,30,6,validation,6.06058931350708
SMK-CAN-187,concrete_autoencoder,ConcreteAutoencoder,30,30,7,validation,6.315077304840088
SMK-CAN-187,concrete_autoencoder,ConcreteAutoencoder,30,30,8,validation,6.354819297790527
SMK-CAN-187,concrete_autoencoder,ConcreteAutoencoder,30,30,9,validation,6.334599494934082
SMK-CAN-187,concrete_autoencoder,ConcreteAutoencoder,30,30,10,validation,6.3269572257995605
SMK-CAN-187,concrete_autoencoder,ConcreteAutoencoder,30,30,11,validation,6.333844184875488
SMK-CAN-187,concrete_autoencoder,ConcreteAutoencoder,30,30,12,validation,6.3400702476501465
SMK-CAN-187,concrete_autoencoder,ConcreteAutoencoder,30,30,13,validation,6.188600540161133
SMK-CAN-187,concrete_autoencoder,ConcreteAutoencoder,30,30,14,validation,6.1995134353637695
SMK-CAN-187,concrete_autoencoder,ConcreteAutoencoder,30,30,15,validation,5.970594882965088
SMK-CAN-187,concrete_autoencoder,ConcreteAutoencoder,30,30,16,validation,5.131834506988525
SMK-CAN-187,concrete_autoencoder,ConcreteAutoencoder,30,30,17,validation,4.928643226623535
SMK-CAN-187,concrete_autoencoder,ConcreteAutoencoder,30,30,18,validation,4.699276447296143
SMK-CAN-187,concrete_autoencoder,ConcreteAutoencoder,30,30,19,validation,4.6894707679748535
SMK-CAN-187,concrete_autoencoder,ConcreteAutoencoder,30,30,20,validation,5.233742713928223
SMK-CAN-187,concrete_autoencoder,ConcreteAutoencoder,30,30,21,validation,5.163149833679199
SMK-CAN-187,concrete_autoencoder,ConcreteAutoencoder,30,30,22,validation,4.339664459228516
SMK-CAN-187,concrete_autoencoder,ConcreteAutoencoder,30,30,23,validation,3.8998987674713135
SMK-CAN-187,concrete_autoencoder,ConcreteAutoencoder,30,30,24,validation,4.520761489868164
SMK-CAN-187,concrete_autoencoder,ConcreteAutoencoder,30,30,25,validation,4.488549709320068
SMK-CAN-187,concrete_autoencoder,ConcreteAutoencoder,30,30,26,validation,2.8715591430664062
SMK-CAN-187,concrete_autoencoder,ConcreteAutoencoder,30,30,27,validation,2.895123243331909
SMK-CAN-187,concrete_autoencoder,ConcreteAutoencoder,30,30,28,validation,2.4505062103271484
SMK-CAN-187,concrete_autoencoder,ConcreteAutoencoder,30,30,29,validation,2.3836700916290283
SMK-CAN-187,concrete_autoencoder,ConcreteAutoencoder,30,30,30,validation,1.4923077821731567
SMK-CAN-187,concrete_autoencoder,ConcreteAutoencoder,30,30,31,validation,0.8782221078872681
SMK-CAN-187,concrete_autoencoder,ConcreteAutoencoder,30,30,32,validation,0.6917500495910645
SMK-CAN-187,concrete_autoencoder,ConcreteAutoencoder,30,30,33,validation,0.5402278900146484
SMK-CAN-187,concrete_autoencoder,ConcreteAutoencoder,30,30,34,validation,0.5707378387451172
SMK-CAN-187,concrete_autoencoder,ConcreteAutoencoder,30,30,35,validation,0.5690881609916687
SMK-CAN-187,concrete_autoencoder,ConcreteAutoencoder,30,30,36,validation,0.485287070274353
SMK-CAN-187,concrete_autoencoder,ConcreteAutoencoder,30,30,37,validation,0.4549151360988617
SMK-CAN-187,concrete_autoencoder,ConcreteAutoencoder,30,30,38,validation,0.4669155776500702
SMK-CAN-187,concrete_autoencoder,ConcreteAutoencoder,30,30,39,validation,0.4078577756881714
SMK-CAN-187,concrete_autoencoder,ConcreteAutoencoder,30,30,40,validation,0.3750747144222259
SMK-CAN-187,concrete_autoencoder,ConcreteAutoencoder,30,30,41,validation,0.3418138027191162
SMK-CAN-187,concrete_autoencoder,ConcreteAutoencoder,30,30,42,validation,0.2805701792240143
SMK-CAN-187,concrete_autoencoder,ConcreteAutoencoder,30,30,43,validation,0.2943091988563537
SMK-CAN-187,concrete_autoencoder,ConcreteAutoencoder,30,30,44,validation,0.2862016558647156
SMK-CAN-187,concrete_autoencoder,ConcreteAutoencoder,30,30,45,validation,0.2661093771457672
SMK-CAN-187,concrete_autoencoder,ConcreteAutoencoder,30,30,46,validation,0.2832586467266083
SMK-CAN-187,concrete_autoencoder,ConcreteAutoencoder,30,30,47,validation,0.3694746792316437
SMK-CAN-187,concrete_autoencoder,ConcreteAutoencoder,30,30,48,validation,0.3287227153778076
SMK-CAN-187,concrete_autoencoder,ConcreteAutoencoder,30,30,49,validation,0.2601868510246277
SMK-CAN-187,concrete_autoencoder,ConcreteAutoencoder,30,30,50,validation,0.2724598944187164
SMK-CAN-187,concrete_autoencoder,ConcreteAutoencoder,30,30,51,validation,0.2765033841133117
SMK-CAN-187,concrete_autoencoder,ConcreteAutoencoder,30,30,52,validation,0.2604953646659851
SMK-CAN-187,concrete_autoencoder,ConcreteAutoencoder,30,30,53,validation,0.3788764476776123
SMK-CAN-187,concrete_autoencoder,ConcreteAutoencoder,30,30,54,validation,0.4299937784671783
SMK-CAN-187,concrete_autoencoder,ConcreteAutoencoder,30,30,55,validation,0.3060212433338165
SMK-CAN-187,concrete_autoencoder,ConcreteAutoencoder,30,30,56,validation,0.267651617527008
SMK-CAN-187,concrete_autoencoder,ConcreteAutoencoder,30,30,57,validation,0.264181524515152
SMK-CAN-187,concrete_autoencoder,ConcreteAutoencoder,30,30,58,validation,0.2637060880661011
SMK-CAN-187,concrete_autoencoder,ConcreteAutoencoder,30,30,59,validation,0.3489027023315429
SMK-CAN-187,concrete_autoencoder,ConcreteAutoencoder,30,30,60,validation,0.3514373004436493
SMK-CAN-187,concrete_autoencoder,ConcreteAutoencoder,30,30,61,validation,0.2776786088943481
SMK-CAN-187,concrete_autoencoder,ConcreteAutoencoder,30,30,62,validation,0.2462429702281952
SMK-CAN-187,concrete_autoencoder,ConcreteAutoencoder,30,30,63,validation,0.2464773058891296
SMK-CAN-187,concrete_autoencoder,ConcreteAutoencoder,30,30,64,validation,0.2593466639518738
SMK-CAN-187,concrete_autoencoder,ConcreteAutoencoder,30,30,65,validation,0.2455736994743347
SMK-CAN-187,concrete_autoencoder,ConcreteAutoencoder,30,30,66,validation,0.3238981664180755
SMK-CAN-187,concrete_autoencoder,ConcreteAutoencoder,30,30,67,validation,0.285272479057312
SMK-CAN-187,concrete_autoencoder,ConcreteAutoencoder,30,30,68,validation,0.2953072786331177
SMK-CAN-187,concrete_autoencoder,ConcreteAutoencoder,30,30,69,validation,0.2623050212860107
SMK-CAN-187,concrete_autoencoder,ConcreteAutoencoder,30,30,70,validation,0.3073718845844269
SMK-CAN-187,concrete_autoencoder,ConcreteAutoencoder,30,30,71,validation,0.2754858434200287
SMK-CAN-187,concrete_autoencoder,ConcreteAutoencoder,30,30,72,validation,0.2636226117610931
SMK-CAN-187,concrete_autoencoder,ConcreteAutoencoder,30,30,73,validation,0.2554075717926025
SMK-CAN-187,concrete_autoencoder,ConcreteAutoencoder,30,30,74,validation,0.3019189238548279
SMK-CAN-187,concrete_autoencoder,ConcreteAutoencoder,30,30,75,validation,0.2906707227230072
SMK-CAN-187,concrete_autoencoder,ConcreteAutoencoder,30,30,76,validation,0.2751764059066772
SMK-CAN-187,concrete_autoencoder,ConcreteAutoencoder,30,30,77,validation,0.3077142536640167
SMK-CAN-187,concrete_autoencoder,ConcreteAutoencoder,30,30,78,validation,0.2618726789951324
SMK-CAN-187,concrete_autoencoder,ConcreteAutoencoder,30,30,79,validation,0.2746334969997406
SMK-CAN-187,concrete_autoencoder,ConcreteAutoencoder,30,30,80,validation,0.324506551027298
SMK-CAN-187,concrete_autoencoder,ConcreteAutoencoder,30,30,81,validation,0.3452904224395752
SMK-CAN-187,concrete_autoencoder,ConcreteAutoencoder,30,30,82,validation,0.2727604806423187
SMK-CAN-187,concrete_autoencoder,ConcreteAutoencoder,30,30,83,validation,0.2519301474094391
SMK-CAN-187,concrete_autoencoder,ConcreteAutoencoder,30,30,84,validation,0.3536785542964935
SMK-CAN-187,concrete_autoencoder,ConcreteAutoencoder,30,30,85,validation,0.2722103297710418
SMK-CAN-187,concrete_autoencoder,ConcreteAutoencoder,30,30,86,validation,0.3760935664176941
SMK-CAN-187,concrete_autoencoder,ConcreteAutoencoder,30,30,87,validation,0.3043347895145416
SMK-CAN-187,concrete_autoencoder,ConcreteAutoencoder,30,30,88,validation,0.2924593389034271
SMK-CAN-187,concrete_autoencoder,ConcreteAutoencoder,30,30,89,validation,0.3094981610774994
SMK-CAN-187,concrete_autoencoder,ConcreteAutoencoder,30,30,90,validation,0.290198415517807
SMK-CAN-187,concrete_autoencoder,ConcreteAutoencoder,30,30,91,validation,0.3392621576786041
SMK-CAN-187,concrete_autoencoder,ConcreteAutoencoder,30,30,92,validation,0.3768879771232605
SMK-CAN-187,concrete_autoencoder,ConcreteAutoencoder,30,30,93,validation,0.4167028367519378
SMK-CAN-187,concrete_autoencoder,ConcreteAutoencoder,30,30,94,validation,0.3332982957363128
SMK-CAN-187,concrete_autoencoder,ConcreteAutoencoder,30,30,95,validation,0.2769032418727875
SMK-CAN-187,concrete_autoencoder,ConcreteAutoencoder,30,30,96,validation,0.387375146150589
SMK-CAN-187,concrete_autoencoder,ConcreteAutoencoder,30,30,97,validation,0.3823876082897186
SMK-CAN-187,concrete_autoencoder,ConcreteAutoencoder,30,30,98,validation,0.2730393409729004
SMK-CAN-187,concrete_autoencoder,ConcreteAutoencoder,30,30,99,validation,0.6718763709068298
SMK-CAN-187,concrete_autoencoder,ConcreteAutoencoder,30,30,100,validation,0.7728028297424316
SMK-CAN-187,concrete_autoencoder,ConcreteAutoencoder,10,10,1,train,35.747501373291016
SMK-CAN-187,concrete_autoencoder,ConcreteAutoencoder,10,10,2,train,29.229360580444336
SMK-CAN-187,concrete_autoencoder,ConcreteAutoencoder,10,10,3,train,23.574783325195312
SMK-CAN-187,concrete_autoencoder,ConcreteAutoencoder,10,10,4,train,18.809274673461918
SMK-CAN-187,concrete_autoencoder,ConcreteAutoencoder,10,10,5,train,14.861202239990234
SMK-CAN-187,concrete_autoencoder,ConcreteAutoencoder,10,10,6,train,11.6663236618042
SMK-CAN-187,concrete_autoencoder,ConcreteAutoencoder,10,10,7,train,9.097349166870115
SMK-CAN-187,concrete_autoencoder,ConcreteAutoencoder,10,10,8,train,7.073716640472412
SMK-CAN-187,concrete_autoencoder,ConcreteAutoencoder,10,10,9,train,5.48232889175415
SMK-CAN-187,concrete_autoencoder,ConcreteAutoencoder,10,10,10,train,4.240978717803955
SMK-CAN-187,concrete_autoencoder,ConcreteAutoencoder,10,10,11,train,3.2816200256347656
SMK-CAN-187,concrete_autoencoder,ConcreteAutoencoder,10,10,12,train,2.5450220108032227
SMK-CAN-187,concrete_autoencoder,ConcreteAutoencoder,10,10,13,train,1.971137762069702
SMK-CAN-187,concrete_autoencoder,ConcreteAutoencoder,10,10,14,train,1.5418363809585571
SMK-CAN-187,concrete_autoencoder,ConcreteAutoencoder,10,10,15,train,1.215488314628601
SMK-CAN-187,concrete_autoencoder,ConcreteAutoencoder,10,10,16,train,0.9673607349395752
SMK-CAN-187,concrete_autoencoder,ConcreteAutoencoder,10,10,17,train,0.780805766582489
SMK-CAN-187,concrete_autoencoder,ConcreteAutoencoder,10,10,18,train,0.6393560171127319
SMK-CAN-187,concrete_autoencoder,ConcreteAutoencoder,10,10,19,train,0.5303847193717957
SMK-CAN-187,concrete_autoencoder,ConcreteAutoencoder,10,10,20,train,0.4515199661254883
SMK-CAN-187,concrete_autoencoder,ConcreteAutoencoder,10,10,21,train,0.3939017355442047
SMK-CAN-187,concrete_autoencoder,ConcreteAutoencoder,10,10,22,train,0.3465853631496429
SMK-CAN-187,concrete_autoencoder,ConcreteAutoencoder,10,10,23,train,0.3128561079502105
SMK-CAN-187,concrete_autoencoder,ConcreteAutoencoder,10,10,24,train,0.2888729572296142
SMK-CAN-187,concrete_autoencoder,ConcreteAutoencoder,10,10,25,train,0.2676895558834076
SMK-CAN-187,concrete_autoencoder,ConcreteAutoencoder,10,10,26,train,0.2539546489715576
SMK-CAN-187,concrete_autoencoder,ConcreteAutoencoder,10,10,27,train,0.245900273323059
SMK-CAN-187,concrete_autoencoder,ConcreteAutoencoder,10,10,28,train,0.2346312701702118
SMK-CAN-187,concrete_autoencoder,ConcreteAutoencoder,10,10,29,train,0.2287255376577377
SMK-CAN-187,concrete_autoencoder,ConcreteAutoencoder,10,10,30,train,0.2246145159006118
SMK-CAN-187,concrete_autoencoder,ConcreteAutoencoder,10,10,31,train,0.2220528870820999
SMK-CAN-187,concrete_autoencoder,ConcreteAutoencoder,10,10,32,train,0.2201544046401977
SMK-CAN-187,concrete_autoencoder,ConcreteAutoencoder,10,10,33,train,0.2261928766965866
SMK-CAN-187,concrete_autoencoder,ConcreteAutoencoder,10,10,34,train,0.2198815047740936
SMK-CAN-187,concrete_autoencoder,ConcreteAutoencoder,10,10,35,train,0.2237734645605087
SMK-CAN-187,concrete_autoencoder,ConcreteAutoencoder,10,10,36,train,0.2229320853948593
SMK-CAN-187,concrete_autoencoder,ConcreteAutoencoder,10,10,37,train,0.2282042205333709
SMK-CAN-187,concrete_autoencoder,ConcreteAutoencoder,10,10,38,train,0.2251477539539337
SMK-CAN-187,concrete_autoencoder,ConcreteAutoencoder,10,10,39,train,0.2367036491632461
SMK-CAN-187,concrete_autoencoder,ConcreteAutoencoder,10,10,40,train,0.271357387304306
SMK-CAN-187,concrete_autoencoder,ConcreteAutoencoder,10,10,41,train,0.2399048209190368
SMK-CAN-187,concrete_autoencoder,ConcreteAutoencoder,10,10,42,train,0.263932466506958
SMK-CAN-187,concrete_autoencoder,ConcreteAutoencoder,10,10,43,train,0.2985216379165649
SMK-CAN-187,concrete_autoencoder,ConcreteAutoencoder,10,10,44,train,0.2809415757656097
SMK-CAN-187,concrete_autoencoder,ConcreteAutoencoder,10,10,45,train,0.299363911151886
SMK-CAN-187,concrete_autoencoder,ConcreteAutoencoder,10,10,46,train,0.3132818639278412
SMK-CAN-187,concrete_autoencoder,ConcreteAutoencoder,10,10,47,train,0.3912534117698669
SMK-CAN-187,concrete_autoencoder,ConcreteAutoencoder,10,10,48,train,0.305474579334259
SMK-CAN-187,concrete_autoencoder,ConcreteAutoencoder,10,10,49,train,0.3477275967597961
SMK-CAN-187,concrete_autoencoder,ConcreteAutoencoder,10,10,50,train,0.3394806683063507
SMK-CAN-187,concrete_autoencoder,ConcreteAutoencoder,10,10,51,train,0.3129002749919891
SMK-CAN-187,concrete_autoencoder,ConcreteAutoencoder,10,10,52,train,0.3206377029418945
SMK-CAN-187,concrete_autoencoder,ConcreteAutoencoder,10,10,53,train,0.360522985458374
SMK-CAN-187,concrete_autoencoder,ConcreteAutoencoder,10,10,54,train,0.6576657891273499
SMK-CAN-187,concrete_autoencoder,ConcreteAutoencoder,10,10,55,train,0.4139513969421386
SMK-CAN-187,concrete_autoencoder,ConcreteAutoencoder,10,10,56,train,0.4924782216548919
SMK-CAN-187,concrete_autoencoder,ConcreteAutoencoder,10,10,57,train,0.2987208962440491
SMK-CAN-187,concrete_autoencoder,ConcreteAutoencoder,10,10,58,train,0.5130262970924377
SMK-CAN-187,concrete_autoencoder,ConcreteAutoencoder,10,10,59,train,0.4097021818161011
SMK-CAN-187,concrete_autoencoder,ConcreteAutoencoder,10,10,60,train,0.3193002343177795
SMK-CAN-187,concrete_autoencoder,ConcreteAutoencoder,10,10,61,train,0.3255912959575653
SMK-CAN-187,concrete_autoencoder,ConcreteAutoencoder,10,10,62,train,0.3651625216007232
SMK-CAN-187,concrete_autoencoder,ConcreteAutoencoder,10,10,63,train,0.576990008354187
SMK-CAN-187,concrete_autoencoder,ConcreteAutoencoder,10,10,64,train,0.3961141109466553
SMK-CAN-187,concrete_autoencoder,ConcreteAutoencoder,10,10,65,train,0.393439382314682
SMK-CAN-187,concrete_autoencoder,ConcreteAutoencoder,10,10,66,train,0.3580801486968994
SMK-CAN-187,concrete_autoencoder,ConcreteAutoencoder,10,10,67,train,0.3625560700893402
SMK-CAN-187,concrete_autoencoder,ConcreteAutoencoder,10,10,68,train,0.3750286698341369
SMK-CAN-187,concrete_autoencoder,ConcreteAutoencoder,10,10,69,train,0.5509355664253235
SMK-CAN-187,concrete_autoencoder,ConcreteAutoencoder,10,10,70,train,0.4750709235668182
SMK-CAN-187,concrete_autoencoder,ConcreteAutoencoder,10,10,71,train,0.4903253614902496
SMK-CAN-187,concrete_autoencoder,ConcreteAutoencoder,10,10,72,train,0.5182762145996094
SMK-CAN-187,concrete_autoencoder,ConcreteAutoencoder,10,10,73,train,0.3924584984779358
SMK-CAN-187,concrete_autoencoder,ConcreteAutoencoder,10,10,74,train,0.4921680986881256
SMK-CAN-187,concrete_autoencoder,ConcreteAutoencoder,10,10,75,train,0.6030229330062866
SMK-CAN-187,concrete_autoencoder,ConcreteAutoencoder,10,10,76,train,0.4169453978538513
SMK-CAN-187,concrete_autoencoder,ConcreteAutoencoder,10,10,77,train,0.4315409362316131
SMK-CAN-187,concrete_autoencoder,ConcreteAutoencoder,10,10,78,train,0.4970074892044067
SMK-CAN-187,concrete_autoencoder,ConcreteAutoencoder,10,10,79,train,0.5033720135688782
SMK-CAN-187,concrete_autoencoder,ConcreteAutoencoder,10,10,80,train,0.35273277759552
SMK-CAN-187,concrete_autoencoder,ConcreteAutoencoder,10,10,81,train,0.4625266194343567
SMK-CAN-187,concrete_autoencoder,ConcreteAutoencoder,10,10,82,train,0.3271577656269073
SMK-CAN-187,concrete_autoencoder,ConcreteAutoencoder,10,10,83,train,0.4673181772232055
SMK-CAN-187,concrete_autoencoder,ConcreteAutoencoder,10,10,84,train,0.4030548930168152
SMK-CAN-187,concrete_autoencoder,ConcreteAutoencoder,10,10,85,train,0.3615558445453644
SMK-CAN-187,concrete_autoencoder,ConcreteAutoencoder,10,10,86,train,0.3349569737911224
SMK-CAN-187,concrete_autoencoder,ConcreteAutoencoder,10,10,87,train,0.4767210185527801
SMK-CAN-187,concrete_autoencoder,ConcreteAutoencoder,10,10,88,train,0.5109407305717468
SMK-CAN-187,concrete_autoencoder,ConcreteAutoencoder,10,10,89,train,0.3745346665382385
SMK-CAN-187,concrete_autoencoder,ConcreteAutoencoder,10,10,90,train,0.4119754433631897
SMK-CAN-187,concrete_autoencoder,ConcreteAutoencoder,10,10,91,train,0.3323524892330169
SMK-CAN-187,concrete_autoencoder,ConcreteAutoencoder,10,10,92,train,0.5766363143920898
SMK-CAN-187,concrete_autoencoder,ConcreteAutoencoder,10,10,93,train,0.4110392928123474
SMK-CAN-187,concrete_autoencoder,ConcreteAutoencoder,10,10,94,train,0.3267479240894317
SMK-CAN-187,concrete_autoencoder,ConcreteAutoencoder,10,10,95,train,0.368235170841217
SMK-CAN-187,concrete_autoencoder,ConcreteAutoencoder,10,10,96,train,0.3838677704334259
SMK-CAN-187,concrete_autoencoder,ConcreteAutoencoder,10,10,97,train,0.463871955871582
SMK-CAN-187,concrete_autoencoder,ConcreteAutoencoder,10,10,98,train,0.5112900733947754
SMK-CAN-187,concrete_autoencoder,ConcreteAutoencoder,10,10,99,train,0.5540669560432434
SMK-CAN-187,concrete_autoencoder,ConcreteAutoencoder,10,10,100,train,0.4839168190956116
SMK-CAN-187,concrete_autoencoder,ConcreteAutoencoder,10,10,1,validation,30.84373664855957
SMK-CAN-187,concrete_autoencoder,ConcreteAutoencoder,10,10,2,validation,23.22125244140625
SMK-CAN-187,concrete_autoencoder,ConcreteAutoencoder,10,10,3,validation,16.581323623657227
SMK-CAN-187,concrete_autoencoder,ConcreteAutoencoder,10,10,4,validation,11.857513427734377
SMK-CAN-187,concrete_autoencoder,ConcreteAutoencoder,10,10,5,validation,8.309699058532715
SMK-CAN-187,concrete_autoencoder,ConcreteAutoencoder,10,10,6,validation,5.565978527069092
SMK-CAN-187,concrete_autoencoder,ConcreteAutoencoder,10,10,7,validation,3.818946361541748
SMK-CAN-187,concrete_autoencoder,ConcreteAutoencoder,10,10,8,validation,2.686053514480591
SMK-CAN-187,concrete_autoencoder,ConcreteAutoencoder,10,10,9,validation,2.040031671524048
SMK-CAN-187,concrete_autoencoder,ConcreteAutoencoder,10,10,10,validation,1.896575927734375
SMK-CAN-187,concrete_autoencoder,ConcreteAutoencoder,10,10,11,validation,1.8390464782714844
SMK-CAN-187,concrete_autoencoder,ConcreteAutoencoder,10,10,12,validation,1.969723105430603
SMK-CAN-187,concrete_autoencoder,ConcreteAutoencoder,10,10,13,validation,2.40088152885437
SMK-CAN-187,concrete_autoencoder,ConcreteAutoencoder,10,10,14,validation,2.9621782302856445
SMK-CAN-187,concrete_autoencoder,ConcreteAutoencoder,10,10,15,validation,3.211726427078247
SMK-CAN-187,concrete_autoencoder,ConcreteAutoencoder,10,10,16,validation,3.591094493865967
SMK-CAN-187,concrete_autoencoder,ConcreteAutoencoder,10,10,17,validation,3.8619754314422607
SMK-CAN-187,concrete_autoencoder,ConcreteAutoencoder,10,10,18,validation,2.967608690261841
SMK-CAN-187,concrete_autoencoder,ConcreteAutoencoder,10,10,19,validation,3.166223764419556
SMK-CAN-187,concrete_autoencoder,ConcreteAutoencoder,10,10,20,validation,3.53065037727356
SMK-CAN-187,concrete_autoencoder,ConcreteAutoencoder,10,10,21,validation,3.5721657276153564
SMK-CAN-187,concrete_autoencoder,ConcreteAutoencoder,10,10,22,validation,3.7022435665130615
SMK-CAN-187,concrete_autoencoder,ConcreteAutoencoder,10,10,23,validation,3.806944131851196
SMK-CAN-187,concrete_autoencoder,ConcreteAutoencoder,10,10,24,validation,3.894774675369263
SMK-CAN-187,concrete_autoencoder,ConcreteAutoencoder,10,10,25,validation,3.9593212604522714
SMK-CAN-187,concrete_autoencoder,ConcreteAutoencoder,10,10,26,validation,3.830246686935425
SMK-CAN-187,concrete_autoencoder,ConcreteAutoencoder,10,10,27,validation,4.097415924072266
SMK-CAN-187,concrete_autoencoder,ConcreteAutoencoder,10,10,28,validation,4.127828121185303
SMK-CAN-187,concrete_autoencoder,ConcreteAutoencoder,10,10,29,validation,4.133562088012695
SMK-CAN-187,concrete_autoencoder,ConcreteAutoencoder,10,10,30,validation,4.128558158874512
SMK-CAN-187,concrete_autoencoder,ConcreteAutoencoder,10,10,31,validation,5.7013325691223145
SMK-CAN-187,concrete_autoencoder,ConcreteAutoencoder,10,10,32,validation,5.677994728088379
SMK-CAN-187,concrete_autoencoder,ConcreteAutoencoder,10,10,33,validation,5.841114044189453
SMK-CAN-187,concrete_autoencoder,ConcreteAutoencoder,10,10,34,validation,3.8656487464904794
SMK-CAN-187,concrete_autoencoder,ConcreteAutoencoder,10,10,35,validation,2.40803337097168
SMK-CAN-187,concrete_autoencoder,ConcreteAutoencoder,10,10,36,validation,2.853844404220581
SMK-CAN-187,concrete_autoencoder,ConcreteAutoencoder,10,10,37,validation,2.0669002532958984
SMK-CAN-187,concrete_autoencoder,ConcreteAutoencoder,10,10,38,validation,1.816253423690796
SMK-CAN-187,concrete_autoencoder,ConcreteAutoencoder,10,10,39,validation,1.166641354560852
SMK-CAN-187,concrete_autoencoder,ConcreteAutoencoder,10,10,40,validation,1.615037202835083
SMK-CAN-187,concrete_autoencoder,ConcreteAutoencoder,10,10,41,validation,1.4546265602111816
SMK-CAN-187,concrete_autoencoder,ConcreteAutoencoder,10,10,42,validation,1.76050865650177
SMK-CAN-187,concrete_autoencoder,ConcreteAutoencoder,10,10,43,validation,1.4229618310928345
SMK-CAN-187,concrete_autoencoder,ConcreteAutoencoder,10,10,44,validation,1.3155646324157717
SMK-CAN-187,concrete_autoencoder,ConcreteAutoencoder,10,10,45,validation,0.8803465962409973
SMK-CAN-187,concrete_autoencoder,ConcreteAutoencoder,10,10,46,validation,0.7966562509536743
SMK-CAN-187,concrete_autoencoder,ConcreteAutoencoder,10,10,47,validation,0.8351718187332153
SMK-CAN-187,concrete_autoencoder,ConcreteAutoencoder,10,10,48,validation,1.3251585960388184
SMK-CAN-187,concrete_autoencoder,ConcreteAutoencoder,10,10,49,validation,1.2564376592636108
SMK-CAN-187,concrete_autoencoder,ConcreteAutoencoder,10,10,50,validation,1.3687368631362915
SMK-CAN-187,concrete_autoencoder,ConcreteAutoencoder,10,10,51,validation,1.342755913734436
SMK-CAN-187,concrete_autoencoder,ConcreteAutoencoder,10,10,52,validation,1.1785392761230469
SMK-CAN-187,concrete_autoencoder,ConcreteAutoencoder,10,10,53,validation,2.271735429763794
SMK-CAN-187,concrete_autoencoder,ConcreteAutoencoder,10,10,54,validation,1.9315149784088133
SMK-CAN-187,concrete_autoencoder,ConcreteAutoencoder,10,10,55,validation,1.6887203454971311
SMK-CAN-187,concrete_autoencoder,ConcreteAutoencoder,10,10,56,validation,1.6552528142929075
SMK-CAN-187,concrete_autoencoder,ConcreteAutoencoder,10,10,57,validation,1.692186713218689
SMK-CAN-187,concrete_autoencoder,ConcreteAutoencoder,10,10,58,validation,1.8644517660140991
SMK-CAN-187,concrete_autoencoder,ConcreteAutoencoder,10,10,59,validation,1.8768202066421509
SMK-CAN-187,concrete_autoencoder,ConcreteAutoencoder,10,10,60,validation,1.9191412925720213
SMK-CAN-187,concrete_autoencoder,ConcreteAutoencoder,10,10,61,validation,1.9785033464431765
SMK-CAN-187,concrete_autoencoder,ConcreteAutoencoder,10,10,62,validation,2.109342098236084
SMK-CAN-187,concrete_autoencoder,ConcreteAutoencoder,10,10,63,validation,2.036094665527344
SMK-CAN-187,concrete_autoencoder,ConcreteAutoencoder,10,10,64,validation,1.810060143470764
SMK-CAN-187,concrete_autoencoder,ConcreteAutoencoder,10,10,65,validation,1.7344331741333008
SMK-CAN-187,concrete_autoencoder,ConcreteAutoencoder,10,10,66,validation,1.92206871509552
SMK-CAN-187,concrete_autoencoder,ConcreteAutoencoder,10,10,67,validation,1.0608383417129517
SMK-CAN-187,concrete_autoencoder,ConcreteAutoencoder,10,10,68,validation,0.9444302916526794
SMK-CAN-187,concrete_autoencoder,ConcreteAutoencoder,10,10,69,validation,0.9488714337348938
SMK-CAN-187,concrete_autoencoder,ConcreteAutoencoder,10,10,70,validation,1.1272326707839966
SMK-CAN-187,concrete_autoencoder,ConcreteAutoencoder,10,10,71,validation,1.1639906167984009
SMK-CAN-187,concrete_autoencoder,ConcreteAutoencoder,10,10,72,validation,1.112600326538086
SMK-CAN-187,concrete_autoencoder,ConcreteAutoencoder,10,10,73,validation,1.330622673034668
SMK-CAN-187,concrete_autoencoder,ConcreteAutoencoder,10,10,74,validation,1.2907565832138062
SMK-CAN-187,concrete_autoencoder,ConcreteAutoencoder,10,10,75,validation,1.387784123420715
SMK-CAN-187,concrete_autoencoder,ConcreteAutoencoder,10,10,76,validation,1.1036189794540403
SMK-CAN-187,concrete_autoencoder,ConcreteAutoencoder,10,10,77,validation,1.2151280641555786
SMK-CAN-187,concrete_autoencoder,ConcreteAutoencoder,10,10,78,validation,1.1721348762512207
SMK-CAN-187,concrete_autoencoder,ConcreteAutoencoder,10,10,79,validation,1.0302047729492188
SMK-CAN-187,concrete_autoencoder,ConcreteAutoencoder,10,10,80,validation,0.8712759613990784
SMK-CAN-187,concrete_autoencoder,ConcreteAutoencoder,10,10,81,validation,0.7694884538650513
SMK-CAN-187,concrete_autoencoder,ConcreteAutoencoder,10,10,82,validation,0.8891334533691406
SMK-CAN-187,concrete_autoencoder,ConcreteAutoencoder,10,10,83,validation,1.0634793043136597
SMK-CAN-187,concrete_autoencoder,ConcreteAutoencoder,10,10,84,validation,1.229103922843933
SMK-CAN-187,concrete_autoencoder,ConcreteAutoencoder,10,10,85,validation,1.3353804349899292
SMK-CAN-187,concrete_autoencoder,ConcreteAutoencoder,10,10,86,validation,1.3532323837280271
SMK-CAN-187,concrete_autoencoder,ConcreteAutoencoder,10,10,87,validation,1.164492130279541
SMK-CAN-187,concrete_autoencoder,ConcreteAutoencoder,10,10,88,validation,1.0418869256973269
SMK-CAN-187,concrete_autoencoder,ConcreteAutoencoder,10,10,89,validation,0.8388772010803223
SMK-CAN-187,concrete_autoencoder,ConcreteAutoencoder,10,10,90,validation,1.112847924232483
SMK-CAN-187,concrete_autoencoder,ConcreteAutoencoder,10,10,91,validation,1.156385064125061
SMK-CAN-187,concrete_autoencoder,ConcreteAutoencoder,10,10,92,validation,1.048957109451294
SMK-CAN-187,concrete_autoencoder,ConcreteAutoencoder,10,10,93,validation,1.058601140975952
SMK-CAN-187,concrete_autoencoder,ConcreteAutoencoder,10,10,94,validation,1.1359256505966189
SMK-CAN-187,concrete_autoencoder,ConcreteAutoencoder,10,10,95,validation,1.2844316959381104
SMK-CAN-187,concrete_autoencoder,ConcreteAutoencoder,10,10,96,validation,1.4404940605163574
SMK-CAN-187,concrete_autoencoder,ConcreteAutoencoder,10,10,97,validation,1.2219853401184082
SMK-CAN-187,concrete_autoencoder,ConcreteAutoencoder,10,10,98,validation,1.0356879234313965
SMK-CAN-187,concrete_autoencoder,ConcreteAutoencoder,10,10,99,validation,0.9896562695503236
SMK-CAN-187,concrete_autoencoder,ConcreteAutoencoder,10,10,100,validation,0.8622628450393677
SMK-CAN-187,concrete_autoencoder,ConcreteAutoencoder,5,5,1,train,37.09607696533203
SMK-CAN-187,concrete_autoencoder,ConcreteAutoencoder,5,5,2,train,33.58476257324219
SMK-CAN-187,concrete_autoencoder,ConcreteAutoencoder,5,5,3,train,30.299043655395508
SMK-CAN-187,concrete_autoencoder,ConcreteAutoencoder,5,5,4,train,27.257198333740234
SMK-CAN-187,concrete_autoencoder,ConcreteAutoencoder,5,5,5,train,24.45876884460449
SMK-CAN-187,concrete_autoencoder,ConcreteAutoencoder,5,5,6,train,21.893455505371094
SMK-CAN-187,concrete_autoencoder,ConcreteAutoencoder,5,5,7,train,19.56254005432129
SMK-CAN-187,concrete_autoencoder,ConcreteAutoencoder,5,5,8,train,17.444408416748047
SMK-CAN-187,concrete_autoencoder,ConcreteAutoencoder,5,5,9,train,15.523104667663574
SMK-CAN-187,concrete_autoencoder,ConcreteAutoencoder,5,5,10,train,13.789069175720217
SMK-CAN-187,concrete_autoencoder,ConcreteAutoencoder,5,5,11,train,12.229934692382812
SMK-CAN-187,concrete_autoencoder,ConcreteAutoencoder,5,5,12,train,10.82225513458252
SMK-CAN-187,concrete_autoencoder,ConcreteAutoencoder,5,5,13,train,9.55934715270996
SMK-CAN-187,concrete_autoencoder,ConcreteAutoencoder,5,5,14,train,8.4376802444458
SMK-CAN-187,concrete_autoencoder,ConcreteAutoencoder,5,5,15,train,7.438120365142822
SMK-CAN-187,concrete_autoencoder,ConcreteAutoencoder,5,5,16,train,6.528370380401611
SMK-CAN-187,concrete_autoencoder,ConcreteAutoencoder,5,5,17,train,5.751346111297607
SMK-CAN-187,concrete_autoencoder,ConcreteAutoencoder,5,5,18,train,5.032124996185303
SMK-CAN-187,concrete_autoencoder,ConcreteAutoencoder,5,5,19,train,4.415165424346924
SMK-CAN-187,concrete_autoencoder,ConcreteAutoencoder,5,5,20,train,3.853101968765259
SMK-CAN-187,concrete_autoencoder,ConcreteAutoencoder,5,5,21,train,3.35941743850708
SMK-CAN-187,concrete_autoencoder,ConcreteAutoencoder,5,5,22,train,2.967108964920044
SMK-CAN-187,concrete_autoencoder,ConcreteAutoencoder,5,5,23,train,2.5655531883239746
SMK-CAN-187,concrete_autoencoder,ConcreteAutoencoder,5,5,24,train,2.259216070175171
SMK-CAN-187,concrete_autoencoder,ConcreteAutoencoder,5,5,25,train,1.953207731246948
SMK-CAN-187,concrete_autoencoder,ConcreteAutoencoder,5,5,26,train,1.7032229900360107
SMK-CAN-187,concrete_autoencoder,ConcreteAutoencoder,5,5,27,train,1.4862349033355713
SMK-CAN-187,concrete_autoencoder,ConcreteAutoencoder,5,5,28,train,1.3344870805740356
SMK-CAN-187,concrete_autoencoder,ConcreteAutoencoder,5,5,29,train,1.1423364877700806
SMK-CAN-187,concrete_autoencoder,ConcreteAutoencoder,5,5,30,train,1.002689242362976
SMK-CAN-187,concrete_autoencoder,ConcreteAutoencoder,5,5,31,train,0.816691517829895
SMK-CAN-187,concrete_autoencoder,ConcreteAutoencoder,5,5,32,train,0.7564290165901184
SMK-CAN-187,concrete_autoencoder,ConcreteAutoencoder,5,5,33,train,0.6899530291557312
SMK-CAN-187,concrete_autoencoder,ConcreteAutoencoder,5,5,34,train,0.6381559371948242
SMK-CAN-187,concrete_autoencoder,ConcreteAutoencoder,5,5,35,train,0.5220897793769836
SMK-CAN-187,concrete_autoencoder,ConcreteAutoencoder,5,5,36,train,0.4795970618724823
SMK-CAN-187,concrete_autoencoder,ConcreteAutoencoder,5,5,37,train,0.4933658540248871
SMK-CAN-187,concrete_autoencoder,ConcreteAutoencoder,5,5,38,train,0.5527105927467346
SMK-CAN-187,concrete_autoencoder,ConcreteAutoencoder,5,5,39,train,0.4332825243473053
SMK-CAN-187,concrete_autoencoder,ConcreteAutoencoder,5,5,40,train,0.4012290835380554
SMK-CAN-187,concrete_autoencoder,ConcreteAutoencoder,5,5,41,train,0.4144217371940613
SMK-CAN-187,concrete_autoencoder,ConcreteAutoencoder,5,5,42,train,0.4482392072677612
SMK-CAN-187,concrete_autoencoder,ConcreteAutoencoder,5,5,43,train,0.3784649074077606
SMK-CAN-187,concrete_autoencoder,ConcreteAutoencoder,5,5,44,train,0.4297628700733185
SMK-CAN-187,concrete_autoencoder,ConcreteAutoencoder,5,5,45,train,0.3745641410350799
SMK-CAN-187,concrete_autoencoder,ConcreteAutoencoder,5,5,46,train,0.3760698735713959
SMK-CAN-187,concrete_autoencoder,ConcreteAutoencoder,5,5,47,train,0.3854868113994598
SMK-CAN-187,concrete_autoencoder,ConcreteAutoencoder,5,5,48,train,0.480512797832489
SMK-CAN-187,concrete_autoencoder,ConcreteAutoencoder,5,5,49,train,0.5405135750770569
SMK-CAN-187,concrete_autoencoder,ConcreteAutoencoder,5,5,50,train,0.4443026483058929
SMK-CAN-187,concrete_autoencoder,ConcreteAutoencoder,5,5,51,train,0.330230563879013
SMK-CAN-187,concrete_autoencoder,ConcreteAutoencoder,5,5,52,train,0.3972120881080627
SMK-CAN-187,concrete_autoencoder,ConcreteAutoencoder,5,5,53,train,0.503082275390625
SMK-CAN-187,concrete_autoencoder,ConcreteAutoencoder,5,5,54,train,0.4466443657875061
SMK-CAN-187,concrete_autoencoder,ConcreteAutoencoder,5,5,55,train,0.5728060603141785
SMK-CAN-187,concrete_autoencoder,ConcreteAutoencoder,5,5,56,train,0.5765763521194458
SMK-CAN-187,concrete_autoencoder,ConcreteAutoencoder,5,5,57,train,0.4453637599945068
SMK-CAN-187,concrete_autoencoder,ConcreteAutoencoder,5,5,58,train,0.5248650312423706
SMK-CAN-187,concrete_autoencoder,ConcreteAutoencoder,5,5,59,train,0.4741881787776947
SMK-CAN-187,concrete_autoencoder,ConcreteAutoencoder,5,5,60,train,0.4403062462806701
SMK-CAN-187,concrete_autoencoder,ConcreteAutoencoder,5,5,61,train,0.5587117671966553
SMK-CAN-187,concrete_autoencoder,ConcreteAutoencoder,5,5,62,train,0.4902210235595703
SMK-CAN-187,concrete_autoencoder,ConcreteAutoencoder,5,5,63,train,0.5120582580566406
SMK-CAN-187,concrete_autoencoder,ConcreteAutoencoder,5,5,64,train,0.548366904258728
SMK-CAN-187,concrete_autoencoder,ConcreteAutoencoder,5,5,65,train,0.6246621608734131
SMK-CAN-187,concrete_autoencoder,ConcreteAutoencoder,5,5,66,train,0.4812147915363312
SMK-CAN-187,concrete_autoencoder,ConcreteAutoencoder,5,5,67,train,0.5790915489196777
SMK-CAN-187,concrete_autoencoder,ConcreteAutoencoder,5,5,68,train,0.5337256789207458
SMK-CAN-187,concrete_autoencoder,ConcreteAutoencoder,5,5,69,train,0.6997805833816528
SMK-CAN-187,concrete_autoencoder,ConcreteAutoencoder,5,5,70,train,0.4796972572803497
SMK-CAN-187,concrete_autoencoder,ConcreteAutoencoder,5,5,71,train,0.4005958437919616
SMK-CAN-187,concrete_autoencoder,ConcreteAutoencoder,5,5,72,train,0.4973827004432678
SMK-CAN-187,concrete_autoencoder,ConcreteAutoencoder,5,5,73,train,0.5853928923606873
SMK-CAN-187,concrete_autoencoder,ConcreteAutoencoder,5,5,74,train,0.8050985336303711
SMK-CAN-187,concrete_autoencoder,ConcreteAutoencoder,5,5,75,train,0.5187590718269348
SMK-CAN-187,concrete_autoencoder,ConcreteAutoencoder,5,5,76,train,1.2629457712173462
SMK-CAN-187,concrete_autoencoder,ConcreteAutoencoder,5,5,77,train,0.635590136051178
SMK-CAN-187,concrete_autoencoder,ConcreteAutoencoder,5,5,78,train,0.4594421982765198
SMK-CAN-187,concrete_autoencoder,ConcreteAutoencoder,5,5,79,train,0.7442776560783386
SMK-CAN-187,concrete_autoencoder,ConcreteAutoencoder,5,5,80,train,0.7057991623878479
SMK-CAN-187,concrete_autoencoder,ConcreteAutoencoder,5,5,81,train,0.9400553107261658
SMK-CAN-187,concrete_autoencoder,ConcreteAutoencoder,5,5,82,train,1.16522479057312
SMK-CAN-187,concrete_autoencoder,ConcreteAutoencoder,5,5,83,train,0.4610503911972046
SMK-CAN-187,concrete_autoencoder,ConcreteAutoencoder,5,5,84,train,0.6143404841423035
SMK-CAN-187,concrete_autoencoder,ConcreteAutoencoder,5,5,85,train,0.4761219918727875
SMK-CAN-187,concrete_autoencoder,ConcreteAutoencoder,5,5,86,train,0.7530105113983154
SMK-CAN-187,concrete_autoencoder,ConcreteAutoencoder,5,5,87,train,0.5274459719657898
SMK-CAN-187,concrete_autoencoder,ConcreteAutoencoder,5,5,88,train,0.5672547221183777
SMK-CAN-187,concrete_autoencoder,ConcreteAutoencoder,5,5,89,train,0.5371148586273193
SMK-CAN-187,concrete_autoencoder,ConcreteAutoencoder,5,5,90,train,0.4897806942462921
SMK-CAN-187,concrete_autoencoder,ConcreteAutoencoder,5,5,91,train,0.5000980496406555
SMK-CAN-187,concrete_autoencoder,ConcreteAutoencoder,5,5,92,train,0.7218701839447021
SMK-CAN-187,concrete_autoencoder,ConcreteAutoencoder,5,5,93,train,0.9449585676193236
SMK-CAN-187,concrete_autoencoder,ConcreteAutoencoder,5,5,94,train,0.65144944190979
SMK-CAN-187,concrete_autoencoder,ConcreteAutoencoder,5,5,95,train,0.4898447692394256
SMK-CAN-187,concrete_autoencoder,ConcreteAutoencoder,5,5,96,train,0.4603326916694641
SMK-CAN-187,concrete_autoencoder,ConcreteAutoencoder,5,5,97,train,0.545650064945221
SMK-CAN-187,concrete_autoencoder,ConcreteAutoencoder,5,5,98,train,0.6986163854598999
SMK-CAN-187,concrete_autoencoder,ConcreteAutoencoder,5,5,99,train,0.623793363571167
SMK-CAN-187,concrete_autoencoder,ConcreteAutoencoder,5,5,100,train,0.468932181596756
SMK-CAN-187,concrete_autoencoder,ConcreteAutoencoder,5,5,1,validation,34.86101150512695
SMK-CAN-187,concrete_autoencoder,ConcreteAutoencoder,5,5,2,validation,30.650131225585938
SMK-CAN-187,concrete_autoencoder,ConcreteAutoencoder,5,5,3,validation,27.080965042114254
SMK-CAN-187,concrete_autoencoder,ConcreteAutoencoder,5,5,4,validation,23.297964096069336
SMK-CAN-187,concrete_autoencoder,ConcreteAutoencoder,5,5,5,validation,20.271106719970703
SMK-CAN-187,concrete_autoencoder,ConcreteAutoencoder,5,5,6,validation,17.562911987304688
SMK-CAN-187,concrete_autoencoder,ConcreteAutoencoder,5,5,7,validation,15.149662971496582
SMK-CAN-187,concrete_autoencoder,ConcreteAutoencoder,5,5,8,validation,13.013306617736816
SMK-CAN-187,concrete_autoencoder,ConcreteAutoencoder,5,5,9,validation,11.132607460021973
SMK-CAN-187,concrete_autoencoder,ConcreteAutoencoder,5,5,10,validation,9.484992980957031
SMK-CAN-187,concrete_autoencoder,ConcreteAutoencoder,5,5,11,validation,8.79230785369873
SMK-CAN-187,concrete_autoencoder,ConcreteAutoencoder,5,5,12,validation,6.916258335113525
SMK-CAN-187,concrete_autoencoder,ConcreteAutoencoder,5,5,13,validation,5.835798740386963
SMK-CAN-187,concrete_autoencoder,ConcreteAutoencoder,5,5,14,validation,4.62776517868042
SMK-CAN-187,concrete_autoencoder,ConcreteAutoencoder,5,5,15,validation,3.860137462615967
SMK-CAN-187,concrete_autoencoder,ConcreteAutoencoder,5,5,16,validation,3.104599475860596
SMK-CAN-187,concrete_autoencoder,ConcreteAutoencoder,5,5,17,validation,2.2521190643310547
SMK-CAN-187,concrete_autoencoder,ConcreteAutoencoder,5,5,18,validation,1.827659249305725
SMK-CAN-187,concrete_autoencoder,ConcreteAutoencoder,5,5,19,validation,1.5561004877090454
SMK-CAN-187,concrete_autoencoder,ConcreteAutoencoder,5,5,20,validation,1.396619200706482
SMK-CAN-187,concrete_autoencoder,ConcreteAutoencoder,5,5,21,validation,1.2315986156463623
SMK-CAN-187,concrete_autoencoder,ConcreteAutoencoder,5,5,22,validation,1.1267120838165283
SMK-CAN-187,concrete_autoencoder,ConcreteAutoencoder,5,5,23,validation,1.047806978225708
SMK-CAN-187,concrete_autoencoder,ConcreteAutoencoder,5,5,24,validation,1.011303424835205
SMK-CAN-187,concrete_autoencoder,ConcreteAutoencoder,5,5,25,validation,0.9145377278327942
SMK-CAN-187,concrete_autoencoder,ConcreteAutoencoder,5,5,26,validation,0.9153811931610109
SMK-CAN-187,concrete_autoencoder,ConcreteAutoencoder,5,5,27,validation,0.9125565886497498
SMK-CAN-187,concrete_autoencoder,ConcreteAutoencoder,5,5,28,validation,1.9111500978469849
SMK-CAN-187,concrete_autoencoder,ConcreteAutoencoder,5,5,29,validation,2.5224859714508057
SMK-CAN-187,concrete_autoencoder,ConcreteAutoencoder,5,5,30,validation,1.4611419439315796
SMK-CAN-187,concrete_autoencoder,ConcreteAutoencoder,5,5,31,validation,1.5253889560699463
SMK-CAN-187,concrete_autoencoder,ConcreteAutoencoder,5,5,32,validation,1.5821359157562256
SMK-CAN-187,concrete_autoencoder,ConcreteAutoencoder,5,5,33,validation,1.7196998596191406
SMK-CAN-187,concrete_autoencoder,ConcreteAutoencoder,5,5,34,validation,1.975837469100952
SMK-CAN-187,concrete_autoencoder,ConcreteAutoencoder,5,5,35,validation,4.2390570640563965
SMK-CAN-187,concrete_autoencoder,ConcreteAutoencoder,5,5,36,validation,3.455008745193481
SMK-CAN-187,concrete_autoencoder,ConcreteAutoencoder,5,5,37,validation,3.378925085067749
SMK-CAN-187,concrete_autoencoder,ConcreteAutoencoder,5,5,38,validation,3.496990919113159
SMK-CAN-187,concrete_autoencoder,ConcreteAutoencoder,5,5,39,validation,3.587277889251709
SMK-CAN-187,concrete_autoencoder,ConcreteAutoencoder,5,5,40,validation,3.814045667648315
SMK-CAN-187,concrete_autoencoder,ConcreteAutoencoder,5,5,41,validation,1.6116268634796145
SMK-CAN-187,concrete_autoencoder,ConcreteAutoencoder,5,5,42,validation,1.593176245689392
SMK-CAN-187,concrete_autoencoder,ConcreteAutoencoder,5,5,43,validation,1.561518669128418
SMK-CAN-187,concrete_autoencoder,ConcreteAutoencoder,5,5,44,validation,1.5523300170898438
SMK-CAN-187,concrete_autoencoder,ConcreteAutoencoder,5,5,45,validation,1.591746807098389
SMK-CAN-187,concrete_autoencoder,ConcreteAutoencoder,5,5,46,validation,1.6310820579528809
SMK-CAN-187,concrete_autoencoder,ConcreteAutoencoder,5,5,47,validation,1.6210219860076904
SMK-CAN-187,concrete_autoencoder,ConcreteAutoencoder,5,5,48,validation,1.6049124002456665
SMK-CAN-187,concrete_autoencoder,ConcreteAutoencoder,5,5,49,validation,2.004410743713379
SMK-CAN-187,concrete_autoencoder,ConcreteAutoencoder,5,5,50,validation,1.970563530921936
SMK-CAN-187,concrete_autoencoder,ConcreteAutoencoder,5,5,51,validation,1.918634295463562
SMK-CAN-187,concrete_autoencoder,ConcreteAutoencoder,5,5,52,validation,1.8803815841674805
SMK-CAN-187,concrete_autoencoder,ConcreteAutoencoder,5,5,53,validation,1.8006969690322876
SMK-CAN-187,concrete_autoencoder,ConcreteAutoencoder,5,5,54,validation,1.7431083917617798
SMK-CAN-187,concrete_autoencoder,ConcreteAutoencoder,5,5,55,validation,1.6811189651489258
SMK-CAN-187,concrete_autoencoder,ConcreteAutoencoder,5,5,56,validation,1.6338199377059937
SMK-CAN-187,concrete_autoencoder,ConcreteAutoencoder,5,5,57,validation,1.661069631576538
SMK-CAN-187,concrete_autoencoder,ConcreteAutoencoder,5,5,58,validation,1.7717299461364746
SMK-CAN-187,concrete_autoencoder,ConcreteAutoencoder,5,5,59,validation,1.9335477352142332
SMK-CAN-187,concrete_autoencoder,ConcreteAutoencoder,5,5,60,validation,1.9993168115615845
SMK-CAN-187,concrete_autoencoder,ConcreteAutoencoder,5,5,61,validation,1.5982768535614014
SMK-CAN-187,concrete_autoencoder,ConcreteAutoencoder,5,5,62,validation,1.5428950786590576
SMK-CAN-187,concrete_autoencoder,ConcreteAutoencoder,5,5,63,validation,1.5095847845077517
SMK-CAN-187,concrete_autoencoder,ConcreteAutoencoder,5,5,64,validation,1.122801423072815
SMK-CAN-187,concrete_autoencoder,ConcreteAutoencoder,5,5,65,validation,1.1291539669036863
SMK-CAN-187,concrete_autoencoder,ConcreteAutoencoder,5,5,66,validation,1.0922532081604004
SMK-CAN-187,concrete_autoencoder,ConcreteAutoencoder,5,5,67,validation,1.1355371475219729
SMK-CAN-187,concrete_autoencoder,ConcreteAutoencoder,5,5,68,validation,1.1023187637329102
SMK-CAN-187,concrete_autoencoder,ConcreteAutoencoder,5,5,69,validation,1.6647100448608398
SMK-CAN-187,concrete_autoencoder,ConcreteAutoencoder,5,5,70,validation,1.7718054056167605
SMK-CAN-187,concrete_autoencoder,ConcreteAutoencoder,5,5,71,validation,1.81967568397522
SMK-CAN-187,concrete_autoencoder,ConcreteAutoencoder,5,5,72,validation,1.911590337753296
SMK-CAN-187,concrete_autoencoder,ConcreteAutoencoder,5,5,73,validation,1.8659262657165527
SMK-CAN-187,concrete_autoencoder,ConcreteAutoencoder,5,5,74,validation,1.8426343202590945
SMK-CAN-187,concrete_autoencoder,ConcreteAutoencoder,5,5,75,validation,1.7965930700302124
SMK-CAN-187,concrete_autoencoder,ConcreteAutoencoder,5,5,76,validation,1.6234029531478882
SMK-CAN-187,concrete_autoencoder,ConcreteAutoencoder,5,5,77,validation,1.467786431312561
SMK-CAN-187,concrete_autoencoder,ConcreteAutoencoder,5,5,78,validation,1.3910592794418335
SMK-CAN-187,concrete_autoencoder,ConcreteAutoencoder,5,5,79,validation,1.357924461364746
SMK-CAN-187,concrete_autoencoder,ConcreteAutoencoder,5,5,80,validation,1.3507757186889648
SMK-CAN-187,concrete_autoencoder,ConcreteAutoencoder,5,5,81,validation,1.380908489227295
SMK-CAN-187,concrete_autoencoder,ConcreteAutoencoder,5,5,82,validation,1.0809800624847412
SMK-CAN-187,concrete_autoencoder,ConcreteAutoencoder,5,5,83,validation,0.9670369029045104
SMK-CAN-187,concrete_autoencoder,ConcreteAutoencoder,5,5,84,validation,0.9578882455825806
SMK-CAN-187,concrete_autoencoder,ConcreteAutoencoder,5,5,85,validation,0.9594833850860596
SMK-CAN-187,concrete_autoencoder,ConcreteAutoencoder,5,5,86,validation,0.9710044860839844
SMK-CAN-187,concrete_autoencoder,ConcreteAutoencoder,5,5,87,validation,1.272195816040039
SMK-CAN-187,concrete_autoencoder,ConcreteAutoencoder,5,5,88,validation,1.3329411745071411
SMK-CAN-187,concrete_autoencoder,ConcreteAutoencoder,5,5,89,validation,1.4518184661865234
SMK-CAN-187,concrete_autoencoder,ConcreteAutoencoder,5,5,90,validation,1.4898581504821775
SMK-CAN-187,concrete_autoencoder,ConcreteAutoencoder,5,5,91,validation,3.7091081142425537
SMK-CAN-187,concrete_autoencoder,ConcreteAutoencoder,5,5,92,validation,3.791840314865112
SMK-CAN-187,concrete_autoencoder,ConcreteAutoencoder,5,5,93,validation,3.773073673248291
SMK-CAN-187,concrete_autoencoder,ConcreteAutoencoder,5,5,94,validation,3.76508378982544
SMK-CAN-187,concrete_autoencoder,ConcreteAutoencoder,5,5,95,validation,3.636890649795532
SMK-CAN-187,concrete_autoencoder,ConcreteAutoencoder,5,5,96,validation,3.601933240890503
SMK-CAN-187,concrete_autoencoder,ConcreteAutoencoder,5,5,97,validation,3.5965030193328857
SMK-CAN-187,concrete_autoencoder,ConcreteAutoencoder,5,5,98,validation,3.5713236331939697
SMK-CAN-187,concrete_autoencoder,ConcreteAutoencoder,5,5,99,validation,3.487795352935791
SMK-CAN-187,concrete_autoencoder,ConcreteAutoencoder,5,5,100,validation,3.474439144134521
SMK-CAN-187,concrete_autoencoder,ConcreteAutoencoder,1,1,1,train,37.67926025390625
SMK-CAN-187,concrete_autoencoder,ConcreteAutoencoder,1,1,2,train,36.85684585571289
SMK-CAN-187,concrete_autoencoder,ConcreteAutoencoder,1,1,3,train,36.04541015625
SMK-CAN-187,concrete_autoencoder,ConcreteAutoencoder,1,1,4,train,35.24700164794922
SMK-CAN-187,concrete_autoencoder,ConcreteAutoencoder,1,1,5,train,34.46023941040039
SMK-CAN-187,concrete_autoencoder,ConcreteAutoencoder,1,1,6,train,33.68564987182617
SMK-CAN-187,concrete_autoencoder,ConcreteAutoencoder,1,1,7,train,32.92853546142578
SMK-CAN-187,concrete_autoencoder,ConcreteAutoencoder,1,1,8,train,32.18035888671875
SMK-CAN-187,concrete_autoencoder,ConcreteAutoencoder,1,1,9,train,31.444202423095703
SMK-CAN-187,concrete_autoencoder,ConcreteAutoencoder,1,1,10,train,30.734548568725582
SMK-CAN-187,concrete_autoencoder,ConcreteAutoencoder,1,1,11,train,30.01017570495605
SMK-CAN-187,concrete_autoencoder,ConcreteAutoencoder,1,1,12,train,29.307342529296875
SMK-CAN-187,concrete_autoencoder,ConcreteAutoencoder,1,1,13,train,28.63243293762207
SMK-CAN-187,concrete_autoencoder,ConcreteAutoencoder,1,1,14,train,27.950742721557617
SMK-CAN-187,concrete_autoencoder,ConcreteAutoencoder,1,1,15,train,27.27728080749512
SMK-CAN-187,concrete_autoencoder,ConcreteAutoencoder,1,1,16,train,26.622339248657227
SMK-CAN-187,concrete_autoencoder,ConcreteAutoencoder,1,1,17,train,25.98174095153809
SMK-CAN-187,concrete_autoencoder,ConcreteAutoencoder,1,1,18,train,25.335350036621094
SMK-CAN-187,concrete_autoencoder,ConcreteAutoencoder,1,1,19,train,24.73963737487793
SMK-CAN-187,concrete_autoencoder,ConcreteAutoencoder,1,1,20,train,24.099096298217773
SMK-CAN-187,concrete_autoencoder,ConcreteAutoencoder,1,1,21,train,23.45674705505371
SMK-CAN-187,concrete_autoencoder,ConcreteAutoencoder,1,1,22,train,22.880390167236328
SMK-CAN-187,concrete_autoencoder,ConcreteAutoencoder,1,1,23,train,22.273143768310547
SMK-CAN-187,concrete_autoencoder,ConcreteAutoencoder,1,1,24,train,21.73166847229004
SMK-CAN-187,concrete_autoencoder,ConcreteAutoencoder,1,1,25,train,21.16213035583496
SMK-CAN-187,concrete_autoencoder,ConcreteAutoencoder,1,1,26,train,20.635204315185547
SMK-CAN-187,concrete_autoencoder,ConcreteAutoencoder,1,1,27,train,19.99696159362793
SMK-CAN-187,concrete_autoencoder,ConcreteAutoencoder,1,1,28,train,19.35210609436035
SMK-CAN-187,concrete_autoencoder,ConcreteAutoencoder,1,1,29,train,18.91525077819824
SMK-CAN-187,concrete_autoencoder,ConcreteAutoencoder,1,1,30,train,18.276477813720703
SMK-CAN-187,concrete_autoencoder,ConcreteAutoencoder,1,1,31,train,17.67519187927246
SMK-CAN-187,concrete_autoencoder,ConcreteAutoencoder,1,1,32,train,17.34720230102539
SMK-CAN-187,concrete_autoencoder,ConcreteAutoencoder,1,1,33,train,16.441097259521484
SMK-CAN-187,concrete_autoencoder,ConcreteAutoencoder,1,1,34,train,16.426530838012695
SMK-CAN-187,concrete_autoencoder,ConcreteAutoencoder,1,1,35,train,15.217509269714355
SMK-CAN-187,concrete_autoencoder,ConcreteAutoencoder,1,1,36,train,15.260071754455566
SMK-CAN-187,concrete_autoencoder,ConcreteAutoencoder,1,1,37,train,14.316513061523438
SMK-CAN-187,concrete_autoencoder,ConcreteAutoencoder,1,1,38,train,14.194735527038574
SMK-CAN-187,concrete_autoencoder,ConcreteAutoencoder,1,1,39,train,13.614850997924805
SMK-CAN-187,concrete_autoencoder,ConcreteAutoencoder,1,1,40,train,12.679750442504885
SMK-CAN-187,concrete_autoencoder,ConcreteAutoencoder,1,1,41,train,12.533974647521973
SMK-CAN-187,concrete_autoencoder,ConcreteAutoencoder,1,1,42,train,12.57020092010498
SMK-CAN-187,concrete_autoencoder,ConcreteAutoencoder,1,1,43,train,12.545770645141602
SMK-CAN-187,concrete_autoencoder,ConcreteAutoencoder,1,1,44,train,11.136070251464844
SMK-CAN-187,concrete_autoencoder,ConcreteAutoencoder,1,1,45,train,11.669964790344238
SMK-CAN-187,concrete_autoencoder,ConcreteAutoencoder,1,1,46,train,11.36359691619873
SMK-CAN-187,concrete_autoencoder,ConcreteAutoencoder,1,1,47,train,10.273542404174805
SMK-CAN-187,concrete_autoencoder,ConcreteAutoencoder,1,1,48,train,10.444336891174316
SMK-CAN-187,concrete_autoencoder,ConcreteAutoencoder,1,1,49,train,9.254390716552734
SMK-CAN-187,concrete_autoencoder,ConcreteAutoencoder,1,1,50,train,10.66676139831543
SMK-CAN-187,concrete_autoencoder,ConcreteAutoencoder,1,1,51,train,9.709001541137695
SMK-CAN-187,concrete_autoencoder,ConcreteAutoencoder,1,1,52,train,8.562323570251465
SMK-CAN-187,concrete_autoencoder,ConcreteAutoencoder,1,1,53,train,8.920769691467285
SMK-CAN-187,concrete_autoencoder,ConcreteAutoencoder,1,1,54,train,9.314990997314451
SMK-CAN-187,concrete_autoencoder,ConcreteAutoencoder,1,1,55,train,9.274060249328612
SMK-CAN-187,concrete_autoencoder,ConcreteAutoencoder,1,1,56,train,7.927873611450195
SMK-CAN-187,concrete_autoencoder,ConcreteAutoencoder,1,1,57,train,8.026503562927246
SMK-CAN-187,concrete_autoencoder,ConcreteAutoencoder,1,1,58,train,6.874062061309815
SMK-CAN-187,concrete_autoencoder,ConcreteAutoencoder,1,1,59,train,7.425785541534424
SMK-CAN-187,concrete_autoencoder,ConcreteAutoencoder,1,1,60,train,7.802711486816406
SMK-CAN-187,concrete_autoencoder,ConcreteAutoencoder,1,1,61,train,6.2931718826293945
SMK-CAN-187,concrete_autoencoder,ConcreteAutoencoder,1,1,62,train,7.117486476898193
SMK-CAN-187,concrete_autoencoder,ConcreteAutoencoder,1,1,63,train,5.703002452850342
SMK-CAN-187,concrete_autoencoder,ConcreteAutoencoder,1,1,64,train,7.722316265106201
SMK-CAN-187,concrete_autoencoder,ConcreteAutoencoder,1,1,65,train,6.866749286651611
SMK-CAN-187,concrete_autoencoder,ConcreteAutoencoder,1,1,66,train,5.088367938995361
SMK-CAN-187,concrete_autoencoder,ConcreteAutoencoder,1,1,67,train,5.959460258483887
SMK-CAN-187,concrete_autoencoder,ConcreteAutoencoder,1,1,68,train,6.091293811798096
SMK-CAN-187,concrete_autoencoder,ConcreteAutoencoder,1,1,69,train,6.481512069702148
SMK-CAN-187,concrete_autoencoder,ConcreteAutoencoder,1,1,70,train,7.224714279174805
SMK-CAN-187,concrete_autoencoder,ConcreteAutoencoder,1,1,71,train,6.473508358001709
SMK-CAN-187,concrete_autoencoder,ConcreteAutoencoder,1,1,72,train,4.424126148223877
SMK-CAN-187,concrete_autoencoder,ConcreteAutoencoder,1,1,73,train,5.649296760559082
SMK-CAN-187,concrete_autoencoder,ConcreteAutoencoder,1,1,74,train,5.271214008331299
SMK-CAN-187,concrete_autoencoder,ConcreteAutoencoder,1,1,75,train,7.094576835632324
SMK-CAN-187,concrete_autoencoder,ConcreteAutoencoder,1,1,76,train,4.86670446395874
SMK-CAN-187,concrete_autoencoder,ConcreteAutoencoder,1,1,77,train,5.956378936767578
SMK-CAN-187,concrete_autoencoder,ConcreteAutoencoder,1,1,78,train,4.350157260894775
SMK-CAN-187,concrete_autoencoder,ConcreteAutoencoder,1,1,79,train,4.415062427520752
SMK-CAN-187,concrete_autoencoder,ConcreteAutoencoder,1,1,80,train,4.091724872589111
SMK-CAN-187,concrete_autoencoder,ConcreteAutoencoder,1,1,81,train,4.171830654144287
SMK-CAN-187,concrete_autoencoder,ConcreteAutoencoder,1,1,82,train,3.556361198425293
SMK-CAN-187,concrete_autoencoder,ConcreteAutoencoder,1,1,83,train,4.917379379272461
SMK-CAN-187,concrete_autoencoder,ConcreteAutoencoder,1,1,84,train,5.055257320404053
SMK-CAN-187,concrete_autoencoder,ConcreteAutoencoder,1,1,85,train,3.811572551727295
SMK-CAN-187,concrete_autoencoder,ConcreteAutoencoder,1,1,86,train,4.138100624084473
SMK-CAN-187,concrete_autoencoder,ConcreteAutoencoder,1,1,87,train,3.428651809692383
SMK-CAN-187,concrete_autoencoder,ConcreteAutoencoder,1,1,88,train,4.120922565460205
SMK-CAN-187,concrete_autoencoder,ConcreteAutoencoder,1,1,89,train,4.335077285766602
SMK-CAN-187,concrete_autoencoder,ConcreteAutoencoder,1,1,90,train,3.864300489425659
SMK-CAN-187,concrete_autoencoder,ConcreteAutoencoder,1,1,91,train,4.114547252655029
SMK-CAN-187,concrete_autoencoder,ConcreteAutoencoder,1,1,92,train,3.3946545124053955
SMK-CAN-187,concrete_autoencoder,ConcreteAutoencoder,1,1,93,train,3.810681581497192
SMK-CAN-187,concrete_autoencoder,ConcreteAutoencoder,1,1,94,train,2.390644073486328
SMK-CAN-187,concrete_autoencoder,ConcreteAutoencoder,1,1,95,train,3.236585855484009
SMK-CAN-187,concrete_autoencoder,ConcreteAutoencoder,1,1,96,train,3.5133330821990967
SMK-CAN-187,concrete_autoencoder,ConcreteAutoencoder,1,1,97,train,3.661043405532837
SMK-CAN-187,concrete_autoencoder,ConcreteAutoencoder,1,1,98,train,3.0837647914886475
SMK-CAN-187,concrete_autoencoder,ConcreteAutoencoder,1,1,99,train,3.5773253440856934
SMK-CAN-187,concrete_autoencoder,ConcreteAutoencoder,1,1,100,train,2.812863111495972
SMK-CAN-187,concrete_autoencoder,ConcreteAutoencoder,1,1,1,validation,37.05681610107422
SMK-CAN-187,concrete_autoencoder,ConcreteAutoencoder,1,1,2,validation,35.993804931640625
SMK-CAN-187,concrete_autoencoder,ConcreteAutoencoder,1,1,3,validation,35.0368537902832
SMK-CAN-187,concrete_autoencoder,ConcreteAutoencoder,1,1,4,validation,34.098472595214844
SMK-CAN-187,concrete_autoencoder,ConcreteAutoencoder,1,1,5,validation,33.178306579589844
SMK-CAN-187,concrete_autoencoder,ConcreteAutoencoder,1,1,6,validation,32.2767219543457
SMK-CAN-187,concrete_autoencoder,ConcreteAutoencoder,1,1,7,validation,31.39386940002441
SMK-CAN-187,concrete_autoencoder,ConcreteAutoencoder,1,1,8,validation,30.530029296875
SMK-CAN-187,concrete_autoencoder,ConcreteAutoencoder,1,1,9,validation,29.68425178527832
SMK-CAN-187,concrete_autoencoder,ConcreteAutoencoder,1,1,10,validation,28.856895446777344
SMK-CAN-187,concrete_autoencoder,ConcreteAutoencoder,1,1,11,validation,28.54530143737793
SMK-CAN-187,concrete_autoencoder,ConcreteAutoencoder,1,1,12,validation,27.788066864013672
SMK-CAN-187,concrete_autoencoder,ConcreteAutoencoder,1,1,13,validation,27.045978546142575
SMK-CAN-187,concrete_autoencoder,ConcreteAutoencoder,1,1,14,validation,26.320051193237305
SMK-CAN-187,concrete_autoencoder,ConcreteAutoencoder,1,1,15,validation,25.60869598388672
SMK-CAN-187,concrete_autoencoder,ConcreteAutoencoder,1,1,16,validation,24.91207695007324
SMK-CAN-187,concrete_autoencoder,ConcreteAutoencoder,1,1,17,validation,24.230260848999023
SMK-CAN-187,concrete_autoencoder,ConcreteAutoencoder,1,1,18,validation,23.562694549560547
SMK-CAN-187,concrete_autoencoder,ConcreteAutoencoder,1,1,19,validation,22.908945083618164
SMK-CAN-187,concrete_autoencoder,ConcreteAutoencoder,1,1,20,validation,22.270248413085938
SMK-CAN-187,concrete_autoencoder,ConcreteAutoencoder,1,1,21,validation,20.54276466369629
SMK-CAN-187,concrete_autoencoder,ConcreteAutoencoder,1,1,22,validation,19.90047645568848
SMK-CAN-187,concrete_autoencoder,ConcreteAutoencoder,1,1,23,validation,19.273290634155277
SMK-CAN-187,concrete_autoencoder,ConcreteAutoencoder,1,1,24,validation,18.66169548034668
SMK-CAN-187,concrete_autoencoder,ConcreteAutoencoder,1,1,25,validation,18.06527137756348
SMK-CAN-187,concrete_autoencoder,ConcreteAutoencoder,1,1,26,validation,17.584625244140625
SMK-CAN-187,concrete_autoencoder,ConcreteAutoencoder,1,1,27,validation,16.916744232177734
SMK-CAN-187,concrete_autoencoder,ConcreteAutoencoder,1,1,28,validation,16.36241340637207
SMK-CAN-187,concrete_autoencoder,ConcreteAutoencoder,1,1,29,validation,15.82163906097412
SMK-CAN-187,concrete_autoencoder,ConcreteAutoencoder,1,1,30,validation,15.294629096984863
SMK-CAN-187,concrete_autoencoder,ConcreteAutoencoder,1,1,31,validation,14.7808256149292
SMK-CAN-187,concrete_autoencoder,ConcreteAutoencoder,1,1,32,validation,14.281414985656738
SMK-CAN-187,concrete_autoencoder,ConcreteAutoencoder,1,1,33,validation,13.794565200805664
SMK-CAN-187,concrete_autoencoder,ConcreteAutoencoder,1,1,34,validation,13.168828010559082
SMK-CAN-187,concrete_autoencoder,ConcreteAutoencoder,1,1,35,validation,12.704811096191406
SMK-CAN-187,concrete_autoencoder,ConcreteAutoencoder,1,1,36,validation,12.255697250366213
SMK-CAN-187,concrete_autoencoder,ConcreteAutoencoder,1,1,37,validation,11.818717956542969
SMK-CAN-187,concrete_autoencoder,ConcreteAutoencoder,1,1,38,validation,11.393911361694336
SMK-CAN-187,concrete_autoencoder,ConcreteAutoencoder,1,1,39,validation,10.98285675048828
SMK-CAN-187,concrete_autoencoder,ConcreteAutoencoder,1,1,40,validation,10.582623481750488
SMK-CAN-187,concrete_autoencoder,ConcreteAutoencoder,1,1,41,validation,10.195721626281738
SMK-CAN-187,concrete_autoencoder,ConcreteAutoencoder,1,1,42,validation,9.821063041687012
SMK-CAN-187,concrete_autoencoder,ConcreteAutoencoder,1,1,43,validation,9.459829330444336
SMK-CAN-187,concrete_autoencoder,ConcreteAutoencoder,1,1,44,validation,9.11102294921875
SMK-CAN-187,concrete_autoencoder,ConcreteAutoencoder,1,1,45,validation,8.773113250732422
SMK-CAN-187,concrete_autoencoder,ConcreteAutoencoder,1,1,46,validation,9.534764289855955
SMK-CAN-187,concrete_autoencoder,ConcreteAutoencoder,1,1,47,validation,9.219124794006348
SMK-CAN-187,concrete_autoencoder,ConcreteAutoencoder,1,1,48,validation,8.910743713378906
SMK-CAN-187,concrete_autoencoder,ConcreteAutoencoder,1,1,49,validation,8.611523628234863
SMK-CAN-187,concrete_autoencoder,ConcreteAutoencoder,1,1,50,validation,8.320352554321289
SMK-CAN-187,concrete_autoencoder,ConcreteAutoencoder,1,1,51,validation,8.038189888000488
SMK-CAN-187,concrete_autoencoder,ConcreteAutoencoder,1,1,52,validation,7.765883445739746
SMK-CAN-187,concrete_autoencoder,ConcreteAutoencoder,1,1,53,validation,7.501031875610352
SMK-CAN-187,concrete_autoencoder,ConcreteAutoencoder,1,1,54,validation,7.2440714836120605
SMK-CAN-187,concrete_autoencoder,ConcreteAutoencoder,1,1,55,validation,6.996153354644775
SMK-CAN-187,concrete_autoencoder,ConcreteAutoencoder,1,1,56,validation,6.756466388702393
SMK-CAN-187,concrete_autoencoder,ConcreteAutoencoder,1,1,57,validation,6.5225830078125
SMK-CAN-187,concrete_autoencoder,ConcreteAutoencoder,1,1,58,validation,6.2961745262146
SMK-CAN-187,concrete_autoencoder,ConcreteAutoencoder,1,1,59,validation,5.324601650238037
SMK-CAN-187,concrete_autoencoder,ConcreteAutoencoder,1,1,60,validation,5.120130062103272
SMK-CAN-187,concrete_autoencoder,ConcreteAutoencoder,1,1,61,validation,4.924197673797607
SMK-CAN-187,concrete_autoencoder,ConcreteAutoencoder,1,1,62,validation,4.734287738800049
SMK-CAN-187,concrete_autoencoder,ConcreteAutoencoder,1,1,63,validation,4.553778171539307
SMK-CAN-187,concrete_autoencoder,ConcreteAutoencoder,1,1,64,validation,4.378885746002197
SMK-CAN-187,concrete_autoencoder,ConcreteAutoencoder,1,1,65,validation,4.208401679992676
SMK-CAN-187,concrete_autoencoder,ConcreteAutoencoder,1,1,66,validation,4.051863193511963
SMK-CAN-187,concrete_autoencoder,ConcreteAutoencoder,1,1,67,validation,3.900209903717041
SMK-CAN-187,concrete_autoencoder,ConcreteAutoencoder,1,1,68,validation,3.749574661254883
SMK-CAN-187,concrete_autoencoder,ConcreteAutoencoder,1,1,69,validation,3.604830265045166
SMK-CAN-187,concrete_autoencoder,ConcreteAutoencoder,1,1,70,validation,3.462244987487793
SMK-CAN-187,concrete_autoencoder,ConcreteAutoencoder,1,1,71,validation,3.3258185386657715
SMK-CAN-187,concrete_autoencoder,ConcreteAutoencoder,1,1,72,validation,3.202109098434448
SMK-CAN-187,concrete_autoencoder,ConcreteAutoencoder,1,1,73,validation,3.081625699996948
SMK-CAN-187,concrete_autoencoder,ConcreteAutoencoder,1,1,74,validation,2.958599328994751
SMK-CAN-187,concrete_autoencoder,ConcreteAutoencoder,1,1,75,validation,2.841636180877685
SMK-CAN-187,concrete_autoencoder,ConcreteAutoencoder,1,1,76,validation,3.1278955936431885
SMK-CAN-187,concrete_autoencoder,ConcreteAutoencoder,1,1,77,validation,3.02177357673645
SMK-CAN-187,concrete_autoencoder,ConcreteAutoencoder,1,1,78,validation,2.919933557510376
SMK-CAN-187,concrete_autoencoder,ConcreteAutoencoder,1,1,79,validation,2.833721399307251
SMK-CAN-187,concrete_autoencoder,ConcreteAutoencoder,1,1,80,validation,2.7471556663513184
SMK-CAN-187,concrete_autoencoder,ConcreteAutoencoder,1,1,81,validation,2.666200399398804
SMK-CAN-187,concrete_autoencoder,ConcreteAutoencoder,1,1,82,validation,2.5828311443328857
SMK-CAN-187,concrete_autoencoder,ConcreteAutoencoder,1,1,83,validation,2.5025596618652344
SMK-CAN-187,concrete_autoencoder,ConcreteAutoencoder,1,1,84,validation,2.422327756881714
SMK-CAN-187,concrete_autoencoder,ConcreteAutoencoder,1,1,85,validation,2.3511862754821777
SMK-CAN-187,concrete_autoencoder,ConcreteAutoencoder,1,1,86,validation,2.2755379676818848
SMK-CAN-187,concrete_autoencoder,ConcreteAutoencoder,1,1,87,validation,2.200584650039673
SMK-CAN-187,concrete_autoencoder,ConcreteAutoencoder,1,1,88,validation,2.1267800331115723
SMK-CAN-187,concrete_autoencoder,ConcreteAutoencoder,1,1,89,validation,2.0667552947998047
SMK-CAN-187,concrete_autoencoder,ConcreteAutoencoder,1,1,90,validation,2.020951986312866
SMK-CAN-187,concrete_autoencoder,ConcreteAutoencoder,1,1,91,validation,1.9690598249435425
SMK-CAN-187,concrete_autoencoder,ConcreteAutoencoder,1,1,92,validation,1.9095828533172607
SMK-CAN-187,concrete_autoencoder,ConcreteAutoencoder,1,1,93,validation,1.851706624031067
SMK-CAN-187,concrete_autoencoder,ConcreteAutoencoder,1,1,94,validation,1.800079345703125
SMK-CAN-187,concrete_autoencoder,ConcreteAutoencoder,1,1,95,validation,1.7471967935562134
SMK-CAN-187,concrete_autoencoder,ConcreteAutoencoder,1,1,96,validation,1.6972360610961914
SMK-CAN-187,concrete_autoencoder,ConcreteAutoencoder,1,1,97,validation,1.6486903429031372
SMK-CAN-187,concrete_autoencoder,ConcreteAutoencoder,1,1,98,validation,1.601412296295166
SMK-CAN-187,concrete_autoencoder,ConcreteAutoencoder,1,1,99,validation,1.5559955835342407
SMK-CAN-187,concrete_autoencoder,ConcreteAutoencoder,1,1,100,validation,1.5178977251052856
RELATHE,concrete_autoencoder,ConcreteAutoencoder,60,60,1,train,0.1639420688152313
RELATHE,concrete_autoencoder,ConcreteAutoencoder,60,60,2,train,0.1579337120056152
RELATHE,concrete_autoencoder,ConcreteAutoencoder,60,60,3,train,0.1546617150306701
RELATHE,concrete_autoencoder,ConcreteAutoencoder,60,60,4,train,0.1524766236543655
RELATHE,concrete_autoencoder,ConcreteAutoencoder,60,60,5,train,0.1509669572114944
RELATHE,concrete_autoencoder,ConcreteAutoencoder,60,60,6,train,0.1498058140277862
RELATHE,concrete_autoencoder,ConcreteAutoencoder,60,60,7,train,0.1488924771547317
RELATHE,concrete_autoencoder,ConcreteAutoencoder,60,60,8,train,0.1481204181909561
RELATHE,concrete_autoencoder,ConcreteAutoencoder,60,60,9,train,0.1474934220314026
RELATHE,concrete_autoencoder,ConcreteAutoencoder,60,60,10,train,0.1469924002885818
RELATHE,concrete_autoencoder,ConcreteAutoencoder,60,60,11,train,0.1463761329650879
RELATHE,concrete_autoencoder,ConcreteAutoencoder,60,60,12,train,0.1459577977657318
RELATHE,concrete_autoencoder,ConcreteAutoencoder,60,60,13,train,0.1455309242010116
RELATHE,concrete_autoencoder,ConcreteAutoencoder,60,60,14,train,0.1451288908720016
RELATHE,concrete_autoencoder,ConcreteAutoencoder,60,60,15,train,0.1447531282901764
RELATHE,concrete_autoencoder,ConcreteAutoencoder,60,60,16,train,0.1443860828876495
RELATHE,concrete_autoencoder,ConcreteAutoencoder,60,60,17,train,0.1440503448247909
RELATHE,concrete_autoencoder,ConcreteAutoencoder,60,60,18,train,0.143688291311264
RELATHE,concrete_autoencoder,ConcreteAutoencoder,60,60,19,train,0.1434371918439865
RELATHE,concrete_autoencoder,ConcreteAutoencoder,60,60,20,train,0.1430705934762954
RELATHE,concrete_autoencoder,ConcreteAutoencoder,60,60,21,train,0.1427956521511078
RELATHE,concrete_autoencoder,ConcreteAutoencoder,60,60,22,train,0.142435610294342
RELATHE,concrete_autoencoder,ConcreteAutoencoder,60,60,23,train,0.1421017199754715
RELATHE,concrete_autoencoder,ConcreteAutoencoder,60,60,24,train,0.1417058706283569
RELATHE,concrete_autoencoder,ConcreteAutoencoder,60,60,25,train,0.1415993571281433
RELATHE,concrete_autoencoder,ConcreteAutoencoder,60,60,26,train,0.1412156522274017
RELATHE,concrete_autoencoder,ConcreteAutoencoder,60,60,27,train,0.1411024183034896
RELATHE,concrete_autoencoder,ConcreteAutoencoder,60,60,28,train,0.1407186537981033
RELATHE,concrete_autoencoder,ConcreteAutoencoder,60,60,29,train,0.1403513699769973
RELATHE,concrete_autoencoder,ConcreteAutoencoder,60,60,30,train,0.1399575322866439
RELATHE,concrete_autoencoder,ConcreteAutoencoder,60,60,31,train,0.1398565620183944
RELATHE,concrete_autoencoder,ConcreteAutoencoder,60,60,32,train,0.1391748636960983
RELATHE,concrete_autoencoder,ConcreteAutoencoder,60,60,33,train,0.1390465050935745
RELATHE,concrete_autoencoder,ConcreteAutoencoder,60,60,34,train,0.1393091380596161
RELATHE,concrete_autoencoder,ConcreteAutoencoder,60,60,35,train,0.1391485631465912
RELATHE,concrete_autoencoder,ConcreteAutoencoder,60,60,36,train,0.1389465183019638
RELATHE,concrete_autoencoder,ConcreteAutoencoder,60,60,37,train,0.1409016102552414
RELATHE,concrete_autoencoder,ConcreteAutoencoder,60,60,38,train,0.1385629177093505
RELATHE,concrete_autoencoder,ConcreteAutoencoder,60,60,39,train,0.1387514173984527
RELATHE,concrete_autoencoder,ConcreteAutoencoder,60,60,40,train,0.1397917568683624
RELATHE,concrete_autoencoder,ConcreteAutoencoder,60,60,41,train,0.1397970914840698
RELATHE,concrete_autoencoder,ConcreteAutoencoder,60,60,42,train,0.1416024714708328
RELATHE,concrete_autoencoder,ConcreteAutoencoder,60,60,43,train,0.144499197602272
RELATHE,concrete_autoencoder,ConcreteAutoencoder,60,60,44,train,0.141080155968666
RELATHE,concrete_autoencoder,ConcreteAutoencoder,60,60,45,train,0.1446697264909744
RELATHE,concrete_autoencoder,ConcreteAutoencoder,60,60,46,train,0.1409278661012649
RELATHE,concrete_autoencoder,ConcreteAutoencoder,60,60,47,train,0.1431709229946136
RELATHE,concrete_autoencoder,ConcreteAutoencoder,60,60,48,train,0.1427687406539917
RELATHE,concrete_autoencoder,ConcreteAutoencoder,60,60,49,train,0.1412578523159027
RELATHE,concrete_autoencoder,ConcreteAutoencoder,60,60,50,train,0.1416410505771637
RELATHE,concrete_autoencoder,ConcreteAutoencoder,60,60,51,train,0.1413862854242324
RELATHE,concrete_autoencoder,ConcreteAutoencoder,60,60,52,train,0.1423497796058654
RELATHE,concrete_autoencoder,ConcreteAutoencoder,60,60,53,train,0.1438445150852203
RELATHE,concrete_autoencoder,ConcreteAutoencoder,60,60,54,train,0.1429779380559921
RELATHE,concrete_autoencoder,ConcreteAutoencoder,60,60,55,train,0.1450260132551193
RELATHE,concrete_autoencoder,ConcreteAutoencoder,60,60,56,train,0.1476535499095916
RELATHE,concrete_autoencoder,ConcreteAutoencoder,60,60,57,train,0.143975481390953
RELATHE,concrete_autoencoder,ConcreteAutoencoder,60,60,58,train,0.1442801803350448
RELATHE,concrete_autoencoder,ConcreteAutoencoder,60,60,59,train,0.1445957720279693
RELATHE,concrete_autoencoder,ConcreteAutoencoder,60,60,60,train,0.1442604213953018
RELATHE,concrete_autoencoder,ConcreteAutoencoder,60,60,61,train,0.1516638398170471
RELATHE,concrete_autoencoder,ConcreteAutoencoder,60,60,62,train,0.1471551656723022
RELATHE,concrete_autoencoder,ConcreteAutoencoder,60,60,63,train,0.1448367983102798
RELATHE,concrete_autoencoder,ConcreteAutoencoder,60,60,64,train,0.1493714898824691
RELATHE,concrete_autoencoder,ConcreteAutoencoder,60,60,65,train,0.1456398665904998
RELATHE,concrete_autoencoder,ConcreteAutoencoder,60,60,66,train,0.1458365321159362
RELATHE,concrete_autoencoder,ConcreteAutoencoder,60,60,67,train,0.1456978917121887
RELATHE,concrete_autoencoder,ConcreteAutoencoder,60,60,68,train,0.1443194895982742
RELATHE,concrete_autoencoder,ConcreteAutoencoder,60,60,69,train,0.1480381339788437
RELATHE,concrete_autoencoder,ConcreteAutoencoder,60,60,70,train,0.143151506781578
RELATHE,concrete_autoencoder,ConcreteAutoencoder,60,60,71,train,0.1498706489801406
RELATHE,concrete_autoencoder,ConcreteAutoencoder,60,60,72,train,0.1450705379247665
RELATHE,concrete_autoencoder,ConcreteAutoencoder,60,60,73,train,0.1478517651557922
RELATHE,concrete_autoencoder,ConcreteAutoencoder,60,60,74,train,0.1481621712446212
RELATHE,concrete_autoencoder,ConcreteAutoencoder,60,60,75,train,0.1462766081094741
RELATHE,concrete_autoencoder,ConcreteAutoencoder,60,60,76,train,0.1463963389396667
RELATHE,concrete_autoencoder,ConcreteAutoencoder,60,60,77,train,0.1527329683303833
RELATHE,concrete_autoencoder,ConcreteAutoencoder,60,60,78,train,0.1475427150726318
RELATHE,concrete_autoencoder,ConcreteAutoencoder,60,60,79,train,0.1465208232402801
RELATHE,concrete_autoencoder,ConcreteAutoencoder,60,60,80,train,0.1441578865051269
RELATHE,concrete_autoencoder,ConcreteAutoencoder,60,60,81,train,0.146532341837883
RELATHE,concrete_autoencoder,ConcreteAutoencoder,60,60,82,train,0.1484976708889007
RELATHE,concrete_autoencoder,ConcreteAutoencoder,60,60,83,train,0.1473777592182159
RELATHE,concrete_autoencoder,ConcreteAutoencoder,60,60,84,train,0.1496791392564773
RELATHE,concrete_autoencoder,ConcreteAutoencoder,60,60,85,train,0.1470377743244171
RELATHE,concrete_autoencoder,ConcreteAutoencoder,60,60,86,train,0.1470487266778946
RELATHE,concrete_autoencoder,ConcreteAutoencoder,60,60,87,train,0.1459745019674301
RELATHE,concrete_autoencoder,ConcreteAutoencoder,60,60,88,train,0.1449408233165741
RELATHE,concrete_autoencoder,ConcreteAutoencoder,60,60,89,train,0.1469375044107437
RELATHE,concrete_autoencoder,ConcreteAutoencoder,60,60,90,train,0.1450887024402618
RELATHE,concrete_autoencoder,ConcreteAutoencoder,60,60,91,train,0.1448938995599746
RELATHE,concrete_autoencoder,ConcreteAutoencoder,60,60,92,train,0.1440148651599884
RELATHE,concrete_autoencoder,ConcreteAutoencoder,60,60,93,train,0.1467574089765548
RELATHE,concrete_autoencoder,ConcreteAutoencoder,60,60,94,train,0.1509454995393753
RELATHE,concrete_autoencoder,ConcreteAutoencoder,60,60,95,train,0.149185910820961
RELATHE,concrete_autoencoder,ConcreteAutoencoder,60,60,96,train,0.1447557359933853
RELATHE,concrete_autoencoder,ConcreteAutoencoder,60,60,97,train,0.1456175297498703
RELATHE,concrete_autoencoder,ConcreteAutoencoder,60,60,98,train,0.1533081978559494
RELATHE,concrete_autoencoder,ConcreteAutoencoder,60,60,99,train,0.1498452872037887
RELATHE,concrete_autoencoder,ConcreteAutoencoder,60,60,100,train,0.1464468091726303
RELATHE,concrete_autoencoder,ConcreteAutoencoder,60,60,1,validation,0.2461457997560501
RELATHE,concrete_autoencoder,ConcreteAutoencoder,60,60,2,validation,0.6417853236198425
RELATHE,concrete_autoencoder,ConcreteAutoencoder,60,60,3,validation,1.5855371952056885
RELATHE,concrete_autoencoder,ConcreteAutoencoder,60,60,4,validation,2.698410987854004
RELATHE,concrete_autoencoder,ConcreteAutoencoder,60,60,5,validation,3.779168367385864
RELATHE,concrete_autoencoder,ConcreteAutoencoder,60,60,6,validation,4.708424091339111
RELATHE,concrete_autoencoder,ConcreteAutoencoder,60,60,7,validation,5.261764049530029
RELATHE,concrete_autoencoder,ConcreteAutoencoder,60,60,8,validation,5.826264381408691
RELATHE,concrete_autoencoder,ConcreteAutoencoder,60,60,9,validation,6.286763668060303
RELATHE,concrete_autoencoder,ConcreteAutoencoder,60,60,10,validation,6.425480842590332
RELATHE,concrete_autoencoder,ConcreteAutoencoder,60,60,11,validation,7.40307092666626
RELATHE,concrete_autoencoder,ConcreteAutoencoder,60,60,12,validation,7.822980880737305
RELATHE,concrete_autoencoder,ConcreteAutoencoder,60,60,13,validation,8.253251075744629
RELATHE,concrete_autoencoder,ConcreteAutoencoder,60,60,14,validation,8.414722442626953
RELATHE,concrete_autoencoder,ConcreteAutoencoder,60,60,15,validation,9.419391632080078
RELATHE,concrete_autoencoder,ConcreteAutoencoder,60,60,16,validation,10.181547164916992
RELATHE,concrete_autoencoder,ConcreteAutoencoder,60,60,17,validation,11.07046127319336
RELATHE,concrete_autoencoder,ConcreteAutoencoder,60,60,18,validation,11.668815612792969
RELATHE,concrete_autoencoder,ConcreteAutoencoder,60,60,19,validation,11.676278114318848
RELATHE,concrete_autoencoder,ConcreteAutoencoder,60,60,20,validation,12.63371467590332
RELATHE,concrete_autoencoder,ConcreteAutoencoder,60,60,21,validation,13.364498138427734
RELATHE,concrete_autoencoder,ConcreteAutoencoder,60,60,22,validation,14.48574447631836
RELATHE,concrete_autoencoder,ConcreteAutoencoder,60,60,23,validation,15.722654342651367
RELATHE,concrete_autoencoder,ConcreteAutoencoder,60,60,24,validation,16.35662078857422
RELATHE,concrete_autoencoder,ConcreteAutoencoder,60,60,25,validation,15.923076629638672
RELATHE,concrete_autoencoder,ConcreteAutoencoder,60,60,26,validation,18.269441604614254
RELATHE,concrete_autoencoder,ConcreteAutoencoder,60,60,27,validation,18.3147087097168
RELATHE,concrete_autoencoder,ConcreteAutoencoder,60,60,28,validation,20.386320114135746
RELATHE,concrete_autoencoder,ConcreteAutoencoder,60,60,29,validation,24.25762939453125
RELATHE,concrete_autoencoder,ConcreteAutoencoder,60,60,30,validation,24.169898986816406
RELATHE,concrete_autoencoder,ConcreteAutoencoder,60,60,31,validation,24.87557983398437
RELATHE,concrete_autoencoder,ConcreteAutoencoder,60,60,32,validation,25.687328338623047
RELATHE,concrete_autoencoder,ConcreteAutoencoder,60,60,33,validation,25.117834091186523
RELATHE,concrete_autoencoder,ConcreteAutoencoder,60,60,34,validation,24.8807373046875
RELATHE,concrete_autoencoder,ConcreteAutoencoder,60,60,35,validation,24.992326736450195
RELATHE,concrete_autoencoder,ConcreteAutoencoder,60,60,36,validation,24.30817222595215
RELATHE,concrete_autoencoder,ConcreteAutoencoder,60,60,37,validation,22.36072158813477
RELATHE,concrete_autoencoder,ConcreteAutoencoder,60,60,38,validation,22.28919982910156
RELATHE,concrete_autoencoder,ConcreteAutoencoder,60,60,39,validation,22.478708267211918
RELATHE,concrete_autoencoder,ConcreteAutoencoder,60,60,40,validation,20.928977966308597
RELATHE,concrete_autoencoder,ConcreteAutoencoder,60,60,41,validation,19.85325050354004
RELATHE,concrete_autoencoder,ConcreteAutoencoder,60,60,42,validation,18.79081153869629
RELATHE,concrete_autoencoder,ConcreteAutoencoder,60,60,43,validation,17.292171478271484
RELATHE,concrete_autoencoder,ConcreteAutoencoder,60,60,44,validation,17.166889190673828
RELATHE,concrete_autoencoder,ConcreteAutoencoder,60,60,45,validation,15.22314453125
RELATHE,concrete_autoencoder,ConcreteAutoencoder,60,60,46,validation,14.880898475646973
RELATHE,concrete_autoencoder,ConcreteAutoencoder,60,60,47,validation,14.975419044494627
RELATHE,concrete_autoencoder,ConcreteAutoencoder,60,60,48,validation,16.310626983642578
RELATHE,concrete_autoencoder,ConcreteAutoencoder,60,60,49,validation,13.593242645263672
RELATHE,concrete_autoencoder,ConcreteAutoencoder,60,60,50,validation,13.424402236938477
RELATHE,concrete_autoencoder,ConcreteAutoencoder,60,60,51,validation,13.516280174255373
RELATHE,concrete_autoencoder,ConcreteAutoencoder,60,60,52,validation,14.430344581604004
RELATHE,concrete_autoencoder,ConcreteAutoencoder,60,60,53,validation,13.912900924682615
RELATHE,concrete_autoencoder,ConcreteAutoencoder,60,60,54,validation,14.19331169128418
RELATHE,concrete_autoencoder,ConcreteAutoencoder,60,60,55,validation,13.359617233276367
RELATHE,concrete_autoencoder,ConcreteAutoencoder,60,60,56,validation,13.87503147125244
RELATHE,concrete_autoencoder,ConcreteAutoencoder,60,60,57,validation,13.21833038330078
RELATHE,concrete_autoencoder,ConcreteAutoencoder,60,60,58,validation,13.181005477905272
RELATHE,concrete_autoencoder,ConcreteAutoencoder,60,60,59,validation,13.025140762329102
RELATHE,concrete_autoencoder,ConcreteAutoencoder,60,60,60,validation,12.76597499847412
RELATHE,concrete_autoencoder,ConcreteAutoencoder,60,60,61,validation,11.803228378295898
RELATHE,concrete_autoencoder,ConcreteAutoencoder,60,60,62,validation,12.107422828674316
RELATHE,concrete_autoencoder,ConcreteAutoencoder,60,60,63,validation,11.866291046142578
RELATHE,concrete_autoencoder,ConcreteAutoencoder,60,60,64,validation,11.823161125183104
RELATHE,concrete_autoencoder,ConcreteAutoencoder,60,60,65,validation,11.268949508666992
RELATHE,concrete_autoencoder,ConcreteAutoencoder,60,60,66,validation,11.473392486572266
RELATHE,concrete_autoencoder,ConcreteAutoencoder,60,60,67,validation,11.120464324951172
RELATHE,concrete_autoencoder,ConcreteAutoencoder,60,60,68,validation,10.544774055480955
RELATHE,concrete_autoencoder,ConcreteAutoencoder,60,60,69,validation,10.188363075256348
RELATHE,concrete_autoencoder,ConcreteAutoencoder,60,60,70,validation,9.66677951812744
RELATHE,concrete_autoencoder,ConcreteAutoencoder,60,60,71,validation,9.658541679382324
RELATHE,concrete_autoencoder,ConcreteAutoencoder,60,60,72,validation,9.555549621582031
RELATHE,concrete_autoencoder,ConcreteAutoencoder,60,60,73,validation,9.587860107421877
RELATHE,concrete_autoencoder,ConcreteAutoencoder,60,60,74,validation,9.635848999023438
RELATHE,concrete_autoencoder,ConcreteAutoencoder,60,60,75,validation,9.584722518920898
RELATHE,concrete_autoencoder,ConcreteAutoencoder,60,60,76,validation,10.00593376159668
RELATHE,concrete_autoencoder,ConcreteAutoencoder,60,60,77,validation,10.008172988891602
RELATHE,concrete_autoencoder,ConcreteAutoencoder,60,60,78,validation,9.731613159179688
RELATHE,concrete_autoencoder,ConcreteAutoencoder,60,60,79,validation,9.727117538452148
RELATHE,concrete_autoencoder,ConcreteAutoencoder,60,60,80,validation,8.915465354919434
RELATHE,concrete_autoencoder,ConcreteAutoencoder,60,60,81,validation,8.264938354492188
RELATHE,concrete_autoencoder,ConcreteAutoencoder,60,60,82,validation,8.347309112548828
RELATHE,concrete_autoencoder,ConcreteAutoencoder,60,60,83,validation,8.246301651000977
RELATHE,concrete_autoencoder,ConcreteAutoencoder,60,60,84,validation,8.257879257202148
RELATHE,concrete_autoencoder,ConcreteAutoencoder,60,60,85,validation,7.845432758331299
RELATHE,concrete_autoencoder,ConcreteAutoencoder,60,60,86,validation,7.347248077392578
RELATHE,concrete_autoencoder,ConcreteAutoencoder,60,60,87,validation,7.698454856872559
RELATHE,concrete_autoencoder,ConcreteAutoencoder,60,60,88,validation,8.1250638961792
RELATHE,concrete_autoencoder,ConcreteAutoencoder,60,60,89,validation,7.646859169006348
RELATHE,concrete_autoencoder,ConcreteAutoencoder,60,60,90,validation,8.026084899902344
RELATHE,concrete_autoencoder,ConcreteAutoencoder,60,60,91,validation,7.79033613204956
RELATHE,concrete_autoencoder,ConcreteAutoencoder,60,60,92,validation,7.988091945648193
RELATHE,concrete_autoencoder,ConcreteAutoencoder,60,60,93,validation,7.543290615081787
RELATHE,concrete_autoencoder,ConcreteAutoencoder,60,60,94,validation,7.632403373718262
RELATHE,concrete_autoencoder,ConcreteAutoencoder,60,60,95,validation,7.246922492980957
RELATHE,concrete_autoencoder,ConcreteAutoencoder,60,60,96,validation,7.173565864562988
RELATHE,concrete_autoencoder,ConcreteAutoencoder,60,60,97,validation,6.82004976272583
RELATHE,concrete_autoencoder,ConcreteAutoencoder,60,60,98,validation,6.750148296356201
RELATHE,concrete_autoencoder,ConcreteAutoencoder,60,60,99,validation,6.716127395629883
RELATHE,concrete_autoencoder,ConcreteAutoencoder,60,60,100,validation,6.726370811462402
RELATHE,concrete_autoencoder,ConcreteAutoencoder,30,30,1,train,0.1661519855260849
RELATHE,concrete_autoencoder,ConcreteAutoencoder,30,30,2,train,0.1614440530538559
RELATHE,concrete_autoencoder,ConcreteAutoencoder,30,30,3,train,0.1585204303264618
RELATHE,concrete_autoencoder,ConcreteAutoencoder,30,30,4,train,0.1564697325229644
RELATHE,concrete_autoencoder,ConcreteAutoencoder,30,30,5,train,0.1547401249408722
RELATHE,concrete_autoencoder,ConcreteAutoencoder,30,30,6,train,0.1533886343240738
RELATHE,concrete_autoencoder,ConcreteAutoencoder,30,30,7,train,0.1523381471633911
RELATHE,concrete_autoencoder,ConcreteAutoencoder,30,30,8,train,0.1514431834220886
RELATHE,concrete_autoencoder,ConcreteAutoencoder,30,30,9,train,0.1506640464067459
RELATHE,concrete_autoencoder,ConcreteAutoencoder,30,30,10,train,0.1500122845172882
RELATHE,concrete_autoencoder,ConcreteAutoencoder,30,30,11,train,0.1494668573141098
RELATHE,concrete_autoencoder,ConcreteAutoencoder,30,30,12,train,0.1489380598068237
RELATHE,concrete_autoencoder,ConcreteAutoencoder,30,30,13,train,0.1485017538070678
RELATHE,concrete_autoencoder,ConcreteAutoencoder,30,30,14,train,0.1480623930692672
RELATHE,concrete_autoencoder,ConcreteAutoencoder,30,30,15,train,0.1476207226514816
RELATHE,concrete_autoencoder,ConcreteAutoencoder,30,30,16,train,0.1472447961568832
RELATHE,concrete_autoencoder,ConcreteAutoencoder,30,30,17,train,0.1468680649995803
RELATHE,concrete_autoencoder,ConcreteAutoencoder,30,30,18,train,0.1465151458978653
RELATHE,concrete_autoencoder,ConcreteAutoencoder,30,30,19,train,0.1462064087390899
RELATHE,concrete_autoencoder,ConcreteAutoencoder,30,30,20,train,0.1458162516355514
RELATHE,concrete_autoencoder,ConcreteAutoencoder,30,30,21,train,0.1454812288284301
RELATHE,concrete_autoencoder,ConcreteAutoencoder,30,30,22,train,0.1451604664325714
RELATHE,concrete_autoencoder,ConcreteAutoencoder,30,30,23,train,0.1448320001363754
RELATHE,concrete_autoencoder,ConcreteAutoencoder,30,30,24,train,0.1443240195512771
RELATHE,concrete_autoencoder,ConcreteAutoencoder,30,30,25,train,0.1440654397010803
RELATHE,concrete_autoencoder,ConcreteAutoencoder,30,30,26,train,0.1437439024448394
RELATHE,concrete_autoencoder,ConcreteAutoencoder,30,30,27,train,0.1435669362545013
RELATHE,concrete_autoencoder,ConcreteAutoencoder,30,30,28,train,0.1432214528322219
RELATHE,concrete_autoencoder,ConcreteAutoencoder,30,30,29,train,0.1429136544466018
RELATHE,concrete_autoencoder,ConcreteAutoencoder,30,30,30,train,0.1425655931234359
RELATHE,concrete_autoencoder,ConcreteAutoencoder,30,30,31,train,0.1422953158617019
RELATHE,concrete_autoencoder,ConcreteAutoencoder,30,30,32,train,0.143174409866333
RELATHE,concrete_autoencoder,ConcreteAutoencoder,30,30,33,train,0.141942098736763
RELATHE,concrete_autoencoder,ConcreteAutoencoder,30,30,34,train,0.1413038820028305
RELATHE,concrete_autoencoder,ConcreteAutoencoder,30,30,35,train,0.1413016021251678
RELATHE,concrete_autoencoder,ConcreteAutoencoder,30,30,36,train,0.1414957642555236
RELATHE,concrete_autoencoder,ConcreteAutoencoder,30,30,37,train,0.1414732336997985
RELATHE,concrete_autoencoder,ConcreteAutoencoder,30,30,38,train,0.1413947343826294
RELATHE,concrete_autoencoder,ConcreteAutoencoder,30,30,39,train,0.1419045329093933
RELATHE,concrete_autoencoder,ConcreteAutoencoder,30,30,40,train,0.1412761956453323
RELATHE,concrete_autoencoder,ConcreteAutoencoder,30,30,41,train,0.1415787190198898
RELATHE,concrete_autoencoder,ConcreteAutoencoder,30,30,42,train,0.1428416818380355
RELATHE,concrete_autoencoder,ConcreteAutoencoder,30,30,43,train,0.1451198160648346
RELATHE,concrete_autoencoder,ConcreteAutoencoder,30,30,44,train,0.1442420035600662
RELATHE,concrete_autoencoder,ConcreteAutoencoder,30,30,45,train,0.1435088515281677
RELATHE,concrete_autoencoder,ConcreteAutoencoder,30,30,46,train,0.1452214419841766
RELATHE,concrete_autoencoder,ConcreteAutoencoder,30,30,47,train,0.1436081081628799
RELATHE,concrete_autoencoder,ConcreteAutoencoder,30,30,48,train,0.145061194896698
RELATHE,concrete_autoencoder,ConcreteAutoencoder,30,30,49,train,0.1517508029937744
RELATHE,concrete_autoencoder,ConcreteAutoencoder,30,30,50,train,0.1465165466070175
RELATHE,concrete_autoencoder,ConcreteAutoencoder,30,30,51,train,0.1444777250289917
RELATHE,concrete_autoencoder,ConcreteAutoencoder,30,30,52,train,0.1456821858882904
RELATHE,concrete_autoencoder,ConcreteAutoencoder,30,30,53,train,0.1440868526697158
RELATHE,concrete_autoencoder,ConcreteAutoencoder,30,30,54,train,0.1451566964387893
RELATHE,concrete_autoencoder,ConcreteAutoencoder,30,30,55,train,0.1479644328355789
RELATHE,concrete_autoencoder,ConcreteAutoencoder,30,30,56,train,0.1487130969762802
RELATHE,concrete_autoencoder,ConcreteAutoencoder,30,30,57,train,0.149070605635643
RELATHE,concrete_autoencoder,ConcreteAutoencoder,30,30,58,train,0.1468615531921386
RELATHE,concrete_autoencoder,ConcreteAutoencoder,30,30,59,train,0.1496281325817108
RELATHE,concrete_autoencoder,ConcreteAutoencoder,30,30,60,train,0.1462432742118835
RELATHE,concrete_autoencoder,ConcreteAutoencoder,30,30,61,train,0.149398386478424
RELATHE,concrete_autoencoder,ConcreteAutoencoder,30,30,62,train,0.1480881869792938
RELATHE,concrete_autoencoder,ConcreteAutoencoder,30,30,63,train,0.1617380976676941
RELATHE,concrete_autoencoder,ConcreteAutoencoder,30,30,64,train,0.1467591822147369
RELATHE,concrete_autoencoder,ConcreteAutoencoder,30,30,65,train,0.1483417898416519
RELATHE,concrete_autoencoder,ConcreteAutoencoder,30,30,66,train,0.1516456604003906
RELATHE,concrete_autoencoder,ConcreteAutoencoder,30,30,67,train,0.1497366428375244
RELATHE,concrete_autoencoder,ConcreteAutoencoder,30,30,68,train,0.1476101726293563
RELATHE,concrete_autoencoder,ConcreteAutoencoder,30,30,69,train,0.1494927257299423
RELATHE,concrete_autoencoder,ConcreteAutoencoder,30,30,70,train,0.1505303233861923
RELATHE,concrete_autoencoder,ConcreteAutoencoder,30,30,71,train,0.1520640254020691
RELATHE,concrete_autoencoder,ConcreteAutoencoder,30,30,72,train,0.1511425524950027
RELATHE,concrete_autoencoder,ConcreteAutoencoder,30,30,73,train,0.1472572237253189
RELATHE,concrete_autoencoder,ConcreteAutoencoder,30,30,74,train,0.1495401561260223
RELATHE,concrete_autoencoder,ConcreteAutoencoder,30,30,75,train,0.1530778855085373
RELATHE,concrete_autoencoder,ConcreteAutoencoder,30,30,76,train,0.1456909775733947
RELATHE,concrete_autoencoder,ConcreteAutoencoder,30,30,77,train,0.1525244712829589
RELATHE,concrete_autoencoder,ConcreteAutoencoder,30,30,78,train,0.1489868611097335
RELATHE,concrete_autoencoder,ConcreteAutoencoder,30,30,79,train,0.1465790569782257
RELATHE,concrete_autoencoder,ConcreteAutoencoder,30,30,80,train,0.1434644758701324
RELATHE,concrete_autoencoder,ConcreteAutoencoder,30,30,81,train,0.1432724744081497
RELATHE,concrete_autoencoder,ConcreteAutoencoder,30,30,82,train,0.1474467366933822
RELATHE,concrete_autoencoder,ConcreteAutoencoder,30,30,83,train,0.1549815535545349
RELATHE,concrete_autoencoder,ConcreteAutoencoder,30,30,84,train,0.1521499454975128
RELATHE,concrete_autoencoder,ConcreteAutoencoder,30,30,85,train,0.1491451263427734
RELATHE,concrete_autoencoder,ConcreteAutoencoder,30,30,86,train,0.1508185714483261
RELATHE,concrete_autoencoder,ConcreteAutoencoder,30,30,87,train,0.1498674154281616
RELATHE,concrete_autoencoder,ConcreteAutoencoder,30,30,88,train,0.1472300589084625
RELATHE,concrete_autoencoder,ConcreteAutoencoder,30,30,89,train,0.1457593142986297
RELATHE,concrete_autoencoder,ConcreteAutoencoder,30,30,90,train,0.1520044356584549
RELATHE,concrete_autoencoder,ConcreteAutoencoder,30,30,91,train,0.1488415151834488
RELATHE,concrete_autoencoder,ConcreteAutoencoder,30,30,92,train,0.1484582722187042
RELATHE,concrete_autoencoder,ConcreteAutoencoder,30,30,93,train,0.145257830619812
RELATHE,concrete_autoencoder,ConcreteAutoencoder,30,30,94,train,0.1473348587751388
RELATHE,concrete_autoencoder,ConcreteAutoencoder,30,30,95,train,0.1499948054552078
RELATHE,concrete_autoencoder,ConcreteAutoencoder,30,30,96,train,0.1494273841381073
RELATHE,concrete_autoencoder,ConcreteAutoencoder,30,30,97,train,0.1505888402462005
RELATHE,concrete_autoencoder,ConcreteAutoencoder,30,30,98,train,0.148842379450798
RELATHE,concrete_autoencoder,ConcreteAutoencoder,30,30,99,train,0.1499900817871093
RELATHE,concrete_autoencoder,ConcreteAutoencoder,30,30,100,train,0.1489227563142776
RELATHE,concrete_autoencoder,ConcreteAutoencoder,30,30,1,validation,0.2278073132038116
RELATHE,concrete_autoencoder,ConcreteAutoencoder,30,30,2,validation,0.4723765850067138
RELATHE,concrete_autoencoder,ConcreteAutoencoder,30,30,3,validation,1.146959900856018
RELATHE,concrete_autoencoder,ConcreteAutoencoder,30,30,4,validation,1.939852833747864
RELATHE,concrete_autoencoder,ConcreteAutoencoder,30,30,5,validation,2.414494037628174
RELATHE,concrete_autoencoder,ConcreteAutoencoder,30,30,6,validation,2.8672940731048584
RELATHE,concrete_autoencoder,ConcreteAutoencoder,30,30,7,validation,3.296901226043701
RELATHE,concrete_autoencoder,ConcreteAutoencoder,30,30,8,validation,3.88376522064209
RELATHE,concrete_autoencoder,ConcreteAutoencoder,30,30,9,validation,4.418752193450928
RELATHE,concrete_autoencoder,ConcreteAutoencoder,30,30,10,validation,4.788374900817871
RELATHE,concrete_autoencoder,ConcreteAutoencoder,30,30,11,validation,4.901499271392822
RELATHE,concrete_autoencoder,ConcreteAutoencoder,30,30,12,validation,5.065981864929199
RELATHE,concrete_autoencoder,ConcreteAutoencoder,30,30,13,validation,5.263391971588135
RELATHE,concrete_autoencoder,ConcreteAutoencoder,30,30,14,validation,5.175530910491943
RELATHE,concrete_autoencoder,ConcreteAutoencoder,30,30,15,validation,5.432486534118652
RELATHE,concrete_autoencoder,ConcreteAutoencoder,30,30,16,validation,6.082708358764648
RELATHE,concrete_autoencoder,ConcreteAutoencoder,30,30,17,validation,6.995298385620117
RELATHE,concrete_autoencoder,ConcreteAutoencoder,30,30,18,validation,7.181308746337891
RELATHE,concrete_autoencoder,ConcreteAutoencoder,30,30,19,validation,7.632349967956543
RELATHE,concrete_autoencoder,ConcreteAutoencoder,30,30,20,validation,7.792041778564453
RELATHE,concrete_autoencoder,ConcreteAutoencoder,30,30,21,validation,7.960295677185059
RELATHE,concrete_autoencoder,ConcreteAutoencoder,30,30,22,validation,8.319605827331543
RELATHE,concrete_autoencoder,ConcreteAutoencoder,30,30,23,validation,8.157325744628906
RELATHE,concrete_autoencoder,ConcreteAutoencoder,30,30,24,validation,8.441965103149414
RELATHE,concrete_autoencoder,ConcreteAutoencoder,30,30,25,validation,8.511691093444824
RELATHE,concrete_autoencoder,ConcreteAutoencoder,30,30,26,validation,8.508036613464355
RELATHE,concrete_autoencoder,ConcreteAutoencoder,30,30,27,validation,8.543306350708008
RELATHE,concrete_autoencoder,ConcreteAutoencoder,30,30,28,validation,8.267060279846191
RELATHE,concrete_autoencoder,ConcreteAutoencoder,30,30,29,validation,7.999861717224121
RELATHE,concrete_autoencoder,ConcreteAutoencoder,30,30,30,validation,7.890132427215576
RELATHE,concrete_autoencoder,ConcreteAutoencoder,30,30,31,validation,7.550392150878906
RELATHE,concrete_autoencoder,ConcreteAutoencoder,30,30,32,validation,7.207952499389648
RELATHE,concrete_autoencoder,ConcreteAutoencoder,30,30,33,validation,7.196349620819092
RELATHE,concrete_autoencoder,ConcreteAutoencoder,30,30,34,validation,7.0214948654174805
RELATHE,concrete_autoencoder,ConcreteAutoencoder,30,30,35,validation,6.9786787033081055
RELATHE,concrete_autoencoder,ConcreteAutoencoder,30,30,36,validation,7.064879417419434
RELATHE,concrete_autoencoder,ConcreteAutoencoder,30,30,37,validation,6.90317964553833
RELATHE,concrete_autoencoder,ConcreteAutoencoder,30,30,38,validation,8.19052791595459
RELATHE,concrete_autoencoder,ConcreteAutoencoder,30,30,39,validation,6.7375688552856445
RELATHE,concrete_autoencoder,ConcreteAutoencoder,30,30,40,validation,7.052549362182617
RELATHE,concrete_autoencoder,ConcreteAutoencoder,30,30,41,validation,7.678760528564453
RELATHE,concrete_autoencoder,ConcreteAutoencoder,30,30,42,validation,7.745522499084473
RELATHE,concrete_autoencoder,ConcreteAutoencoder,30,30,43,validation,8.202498435974121
RELATHE,concrete_autoencoder,ConcreteAutoencoder,30,30,44,validation,7.59276819229126
RELATHE,concrete_autoencoder,ConcreteAutoencoder,30,30,45,validation,6.797749042510986
RELATHE,concrete_autoencoder,ConcreteAutoencoder,30,30,46,validation,6.325014114379883
RELATHE,concrete_autoencoder,ConcreteAutoencoder,30,30,47,validation,5.928204536437988
RELATHE,concrete_autoencoder,ConcreteAutoencoder,30,30,48,validation,5.734215259552002
RELATHE,concrete_autoencoder,ConcreteAutoencoder,30,30,49,validation,5.741318702697754
RELATHE,concrete_autoencoder,ConcreteAutoencoder,30,30,50,validation,5.3631463050842285
RELATHE,concrete_autoencoder,ConcreteAutoencoder,30,30,51,validation,5.222528457641602
RELATHE,concrete_autoencoder,ConcreteAutoencoder,30,30,52,validation,5.071561813354492
RELATHE,concrete_autoencoder,ConcreteAutoencoder,30,30,53,validation,4.88471269607544
RELATHE,concrete_autoencoder,ConcreteAutoencoder,30,30,54,validation,4.891482353210449
RELATHE,concrete_autoencoder,ConcreteAutoencoder,30,30,55,validation,4.788912773132324
RELATHE,concrete_autoencoder,ConcreteAutoencoder,30,30,56,validation,5.246901988983154
RELATHE,concrete_autoencoder,ConcreteAutoencoder,30,30,57,validation,4.717634677886963
RELATHE,concrete_autoencoder,ConcreteAutoencoder,30,30,58,validation,4.704061031341553
RELATHE,concrete_autoencoder,ConcreteAutoencoder,30,30,59,validation,4.519863605499268
RELATHE,concrete_autoencoder,ConcreteAutoencoder,30,30,60,validation,3.9627106189727774
RELATHE,concrete_autoencoder,ConcreteAutoencoder,30,30,61,validation,3.8902220726013184
RELATHE,concrete_autoencoder,ConcreteAutoencoder,30,30,62,validation,3.978127956390381
RELATHE,concrete_autoencoder,ConcreteAutoencoder,30,30,63,validation,3.9414541721344
RELATHE,concrete_autoencoder,ConcreteAutoencoder,30,30,64,validation,3.5851645469665527
RELATHE,concrete_autoencoder,ConcreteAutoencoder,30,30,65,validation,3.5342369079589844
RELATHE,concrete_autoencoder,ConcreteAutoencoder,30,30,66,validation,3.703837394714356
RELATHE,concrete_autoencoder,ConcreteAutoencoder,30,30,67,validation,3.620609760284424
RELATHE,concrete_autoencoder,ConcreteAutoencoder,30,30,68,validation,3.368091821670532
RELATHE,concrete_autoencoder,ConcreteAutoencoder,30,30,69,validation,3.647073745727539
RELATHE,concrete_autoencoder,ConcreteAutoencoder,30,30,70,validation,3.5471630096435547
RELATHE,concrete_autoencoder,ConcreteAutoencoder,30,30,71,validation,3.4513981342315674
RELATHE,concrete_autoencoder,ConcreteAutoencoder,30,30,72,validation,3.343416929244995
RELATHE,concrete_autoencoder,ConcreteAutoencoder,30,30,73,validation,3.891672372817993
RELATHE,concrete_autoencoder,ConcreteAutoencoder,30,30,74,validation,3.556886672973633
RELATHE,concrete_autoencoder,ConcreteAutoencoder,30,30,75,validation,3.5337655544281006
RELATHE,concrete_autoencoder,ConcreteAutoencoder,30,30,76,validation,3.549164295196533
RELATHE,concrete_autoencoder,ConcreteAutoencoder,30,30,77,validation,3.321826457977295
RELATHE,concrete_autoencoder,ConcreteAutoencoder,30,30,78,validation,3.02876877784729
RELATHE,concrete_autoencoder,ConcreteAutoencoder,30,30,79,validation,2.7646825313568115
RELATHE,concrete_autoencoder,ConcreteAutoencoder,30,30,80,validation,2.757575750350952
RELATHE,concrete_autoencoder,ConcreteAutoencoder,30,30,81,validation,2.9424917697906494
RELATHE,concrete_autoencoder,ConcreteAutoencoder,30,30,82,validation,2.867516279220581
RELATHE,concrete_autoencoder,ConcreteAutoencoder,30,30,83,validation,2.5942904949188232
RELATHE,concrete_autoencoder,ConcreteAutoencoder,30,30,84,validation,2.764554500579834
RELATHE,concrete_autoencoder,ConcreteAutoencoder,30,30,85,validation,2.78800630569458
RELATHE,concrete_autoencoder,ConcreteAutoencoder,30,30,86,validation,2.7942559719085693
RELATHE,concrete_autoencoder,ConcreteAutoencoder,30,30,87,validation,2.838552951812744
RELATHE,concrete_autoencoder,ConcreteAutoencoder,30,30,88,validation,2.835747241973877
RELATHE,concrete_autoencoder,ConcreteAutoencoder,30,30,89,validation,2.8322112560272217
RELATHE,concrete_autoencoder,ConcreteAutoencoder,30,30,90,validation,2.8120710849761963
RELATHE,concrete_autoencoder,ConcreteAutoencoder,30,30,91,validation,2.780042886734009
RELATHE,concrete_autoencoder,ConcreteAutoencoder,30,30,92,validation,2.788044214248657
RELATHE,concrete_autoencoder,ConcreteAutoencoder,30,30,93,validation,2.823885917663574
RELATHE,concrete_autoencoder,ConcreteAutoencoder,30,30,94,validation,2.63834547996521
RELATHE,concrete_autoencoder,ConcreteAutoencoder,30,30,95,validation,2.849081516265869
RELATHE,concrete_autoencoder,ConcreteAutoencoder,30,30,96,validation,2.6336803436279297
RELATHE,concrete_autoencoder,ConcreteAutoencoder,30,30,97,validation,2.55824613571167
RELATHE,concrete_autoencoder,ConcreteAutoencoder,30,30,98,validation,2.536381244659424
RELATHE,concrete_autoencoder,ConcreteAutoencoder,30,30,99,validation,2.471259117126465
RELATHE,concrete_autoencoder,ConcreteAutoencoder,30,30,100,validation,2.4942140579223637
RELATHE,concrete_autoencoder,ConcreteAutoencoder,10,10,1,train,0.1679407805204391
RELATHE,concrete_autoencoder,ConcreteAutoencoder,10,10,2,train,0.1647669076919555
RELATHE,concrete_autoencoder,ConcreteAutoencoder,10,10,3,train,0.1625976115465164
RELATHE,concrete_autoencoder,ConcreteAutoencoder,10,10,4,train,0.1609054207801818
RELATHE,concrete_autoencoder,ConcreteAutoencoder,10,10,5,train,0.1595124304294586
RELATHE,concrete_autoencoder,ConcreteAutoencoder,10,10,6,train,0.1583383381366729
RELATHE,concrete_autoencoder,ConcreteAutoencoder,10,10,7,train,0.1573233604431152
RELATHE,concrete_autoencoder,ConcreteAutoencoder,10,10,8,train,0.1563717424869537
RELATHE,concrete_autoencoder,ConcreteAutoencoder,10,10,9,train,0.1556202173233032
RELATHE,concrete_autoencoder,ConcreteAutoencoder,10,10,10,train,0.1549242734909057
RELATHE,concrete_autoencoder,ConcreteAutoencoder,10,10,11,train,0.1542899757623672
RELATHE,concrete_autoencoder,ConcreteAutoencoder,10,10,12,train,0.1537716090679168
RELATHE,concrete_autoencoder,ConcreteAutoencoder,10,10,13,train,0.1532151848077774
RELATHE,concrete_autoencoder,ConcreteAutoencoder,10,10,14,train,0.1527541726827621
RELATHE,concrete_autoencoder,ConcreteAutoencoder,10,10,15,train,0.1522684395313263
RELATHE,concrete_autoencoder,ConcreteAutoencoder,10,10,16,train,0.1518932431936264
RELATHE,concrete_autoencoder,ConcreteAutoencoder,10,10,17,train,0.1515040546655655
RELATHE,concrete_autoencoder,ConcreteAutoencoder,10,10,18,train,0.1510754972696304
RELATHE,concrete_autoencoder,ConcreteAutoencoder,10,10,19,train,0.1506828069686889
RELATHE,concrete_autoencoder,ConcreteAutoencoder,10,10,20,train,0.1504549235105514
RELATHE,concrete_autoencoder,ConcreteAutoencoder,10,10,21,train,0.1500319987535476
RELATHE,concrete_autoencoder,ConcreteAutoencoder,10,10,22,train,0.1497965008020401
RELATHE,concrete_autoencoder,ConcreteAutoencoder,10,10,23,train,0.1493550240993499
RELATHE,concrete_autoencoder,ConcreteAutoencoder,10,10,24,train,0.1489707082509994
RELATHE,concrete_autoencoder,ConcreteAutoencoder,10,10,25,train,0.1485576778650283
RELATHE,concrete_autoencoder,ConcreteAutoencoder,10,10,26,train,0.1481810510158538
RELATHE,concrete_autoencoder,ConcreteAutoencoder,10,10,27,train,0.1480749100446701
RELATHE,concrete_autoencoder,ConcreteAutoencoder,10,10,28,train,0.147588163614273
RELATHE,concrete_autoencoder,ConcreteAutoencoder,10,10,29,train,0.1471819132566452
RELATHE,concrete_autoencoder,ConcreteAutoencoder,10,10,30,train,0.1469588279724121
RELATHE,concrete_autoencoder,ConcreteAutoencoder,10,10,31,train,0.1466477513313293
RELATHE,concrete_autoencoder,ConcreteAutoencoder,10,10,32,train,0.1463875472545623
RELATHE,concrete_autoencoder,ConcreteAutoencoder,10,10,33,train,0.1463888585567474
RELATHE,concrete_autoencoder,ConcreteAutoencoder,10,10,34,train,0.1451903581619262
RELATHE,concrete_autoencoder,ConcreteAutoencoder,10,10,35,train,0.145900160074234
RELATHE,concrete_autoencoder,ConcreteAutoencoder,10,10,36,train,0.1464233994483947
RELATHE,concrete_autoencoder,ConcreteAutoencoder,10,10,37,train,0.1463538855314254
RELATHE,concrete_autoencoder,ConcreteAutoencoder,10,10,38,train,0.1459803581237793
RELATHE,concrete_autoencoder,ConcreteAutoencoder,10,10,39,train,0.1490122675895691
RELATHE,concrete_autoencoder,ConcreteAutoencoder,10,10,40,train,0.145368680357933
RELATHE,concrete_autoencoder,ConcreteAutoencoder,10,10,41,train,0.1491851806640625
RELATHE,concrete_autoencoder,ConcreteAutoencoder,10,10,42,train,0.1483080983161926
RELATHE,concrete_autoencoder,ConcreteAutoencoder,10,10,43,train,0.1456181854009628
RELATHE,concrete_autoencoder,ConcreteAutoencoder,10,10,44,train,0.1494802683591842
RELATHE,concrete_autoencoder,ConcreteAutoencoder,10,10,45,train,0.1488697975873947
RELATHE,concrete_autoencoder,ConcreteAutoencoder,10,10,46,train,0.1503161638975143
RELATHE,concrete_autoencoder,ConcreteAutoencoder,10,10,47,train,0.1482596099376678
RELATHE,concrete_autoencoder,ConcreteAutoencoder,10,10,48,train,0.1471161842346191
RELATHE,concrete_autoencoder,ConcreteAutoencoder,10,10,49,train,0.1488165557384491
RELATHE,concrete_autoencoder,ConcreteAutoencoder,10,10,50,train,0.1491814404726028
RELATHE,concrete_autoencoder,ConcreteAutoencoder,10,10,51,train,0.1552716791629791
RELATHE,concrete_autoencoder,ConcreteAutoencoder,10,10,52,train,0.1512603312730789
RELATHE,concrete_autoencoder,ConcreteAutoencoder,10,10,53,train,0.1544557362794876
RELATHE,concrete_autoencoder,ConcreteAutoencoder,10,10,54,train,0.1541125625371933
RELATHE,concrete_autoencoder,ConcreteAutoencoder,10,10,55,train,0.1588040292263031
RELATHE,concrete_autoencoder,ConcreteAutoencoder,10,10,56,train,0.1551488786935806
RELATHE,concrete_autoencoder,ConcreteAutoencoder,10,10,57,train,0.1533646434545517
RELATHE,concrete_autoencoder,ConcreteAutoencoder,10,10,58,train,0.156905397772789
RELATHE,concrete_autoencoder,ConcreteAutoencoder,10,10,59,train,0.1555814146995544
RELATHE,concrete_autoencoder,ConcreteAutoencoder,10,10,60,train,0.1559816896915435
RELATHE,concrete_autoencoder,ConcreteAutoencoder,10,10,61,train,0.1573330909013748
RELATHE,concrete_autoencoder,ConcreteAutoencoder,10,10,62,train,0.1525805294513702
RELATHE,concrete_autoencoder,ConcreteAutoencoder,10,10,63,train,0.1493753045797348
RELATHE,concrete_autoencoder,ConcreteAutoencoder,10,10,64,train,0.1520812213420868
RELATHE,concrete_autoencoder,ConcreteAutoencoder,10,10,65,train,0.1525753438472747
RELATHE,concrete_autoencoder,ConcreteAutoencoder,10,10,66,train,0.1540796756744384
RELATHE,concrete_autoencoder,ConcreteAutoencoder,10,10,67,train,0.1536323428153991
RELATHE,concrete_autoencoder,ConcreteAutoencoder,10,10,68,train,0.1555842906236648
RELATHE,concrete_autoencoder,ConcreteAutoencoder,10,10,69,train,0.1563005596399307
RELATHE,concrete_autoencoder,ConcreteAutoencoder,10,10,70,train,0.157343789935112
RELATHE,concrete_autoencoder,ConcreteAutoencoder,10,10,71,train,0.1596754044294357
RELATHE,concrete_autoencoder,ConcreteAutoencoder,10,10,72,train,0.1570033580064773
RELATHE,concrete_autoencoder,ConcreteAutoencoder,10,10,73,train,0.1510485112667083
RELATHE,concrete_autoencoder,ConcreteAutoencoder,10,10,74,train,0.1538599729537964
RELATHE,concrete_autoencoder,ConcreteAutoencoder,10,10,75,train,0.1553560495376587
RELATHE,concrete_autoencoder,ConcreteAutoencoder,10,10,76,train,0.1534190773963928
RELATHE,concrete_autoencoder,ConcreteAutoencoder,10,10,77,train,0.154438704252243
RELATHE,concrete_autoencoder,ConcreteAutoencoder,10,10,78,train,0.1493886709213256
RELATHE,concrete_autoencoder,ConcreteAutoencoder,10,10,79,train,0.1539654433727264
RELATHE,concrete_autoencoder,ConcreteAutoencoder,10,10,80,train,0.1526331603527069
RELATHE,concrete_autoencoder,ConcreteAutoencoder,10,10,81,train,0.1535099148750305
RELATHE,concrete_autoencoder,ConcreteAutoencoder,10,10,82,train,0.1560904532670974
RELATHE,concrete_autoencoder,ConcreteAutoencoder,10,10,83,train,0.1543854773044586
RELATHE,concrete_autoencoder,ConcreteAutoencoder,10,10,84,train,0.1537638008594513
RELATHE,concrete_autoencoder,ConcreteAutoencoder,10,10,85,train,0.1544962972402572
RELATHE,concrete_autoencoder,ConcreteAutoencoder,10,10,86,train,0.1553688645362854
RELATHE,concrete_autoencoder,ConcreteAutoencoder,10,10,87,train,0.1538243591785431
RELATHE,concrete_autoencoder,ConcreteAutoencoder,10,10,88,train,0.1534718722105026
RELATHE,concrete_autoencoder,ConcreteAutoencoder,10,10,89,train,0.1527505964040756
RELATHE,concrete_autoencoder,ConcreteAutoencoder,10,10,90,train,0.1500210613012313
RELATHE,concrete_autoencoder,ConcreteAutoencoder,10,10,91,train,0.1561281532049179
RELATHE,concrete_autoencoder,ConcreteAutoencoder,10,10,92,train,0.1533807516098022
RELATHE,concrete_autoencoder,ConcreteAutoencoder,10,10,93,train,0.1570061892271042
RELATHE,concrete_autoencoder,ConcreteAutoencoder,10,10,94,train,0.1549263596534729
RELATHE,concrete_autoencoder,ConcreteAutoencoder,10,10,95,train,0.1558804661035537
RELATHE,concrete_autoencoder,ConcreteAutoencoder,10,10,96,train,0.1550095081329345
RELATHE,concrete_autoencoder,ConcreteAutoencoder,10,10,97,train,0.1516671925783157
RELATHE,concrete_autoencoder,ConcreteAutoencoder,10,10,98,train,0.1553925722837448
RELATHE,concrete_autoencoder,ConcreteAutoencoder,10,10,99,train,0.1585185080766677
RELATHE,concrete_autoencoder,ConcreteAutoencoder,10,10,100,train,0.1568008512258529
RELATHE,concrete_autoencoder,ConcreteAutoencoder,10,10,1,validation,0.1517783105373382
RELATHE,concrete_autoencoder,ConcreteAutoencoder,10,10,2,validation,0.2185268551111221
RELATHE,concrete_autoencoder,ConcreteAutoencoder,10,10,3,validation,0.3648535311222076
RELATHE,concrete_autoencoder,ConcreteAutoencoder,10,10,4,validation,0.4938026368618011
RELATHE,concrete_autoencoder,ConcreteAutoencoder,10,10,5,validation,0.6059582829475403
RELATHE,concrete_autoencoder,ConcreteAutoencoder,10,10,6,validation,0.7400611639022827
RELATHE,concrete_autoencoder,ConcreteAutoencoder,10,10,7,validation,0.8752109408378601
RELATHE,concrete_autoencoder,ConcreteAutoencoder,10,10,8,validation,1.013209581375122
RELATHE,concrete_autoencoder,ConcreteAutoencoder,10,10,9,validation,1.1461756229400637
RELATHE,concrete_autoencoder,ConcreteAutoencoder,10,10,10,validation,1.2829766273498535
RELATHE,concrete_autoencoder,ConcreteAutoencoder,10,10,11,validation,1.4212546348571775
RELATHE,concrete_autoencoder,ConcreteAutoencoder,10,10,12,validation,1.5634052753448486
RELATHE,concrete_autoencoder,ConcreteAutoencoder,10,10,13,validation,1.6969550848007202
RELATHE,concrete_autoencoder,ConcreteAutoencoder,10,10,14,validation,1.760347604751587
RELATHE,concrete_autoencoder,ConcreteAutoencoder,10,10,15,validation,1.708638310432434
RELATHE,concrete_autoencoder,ConcreteAutoencoder,10,10,16,validation,1.7490997314453125
RELATHE,concrete_autoencoder,ConcreteAutoencoder,10,10,17,validation,1.8444616794586184
RELATHE,concrete_autoencoder,ConcreteAutoencoder,10,10,18,validation,2.161177396774292
RELATHE,concrete_autoencoder,ConcreteAutoencoder,10,10,19,validation,2.2587122917175293
RELATHE,concrete_autoencoder,ConcreteAutoencoder,10,10,20,validation,2.9104034900665283
RELATHE,concrete_autoencoder,ConcreteAutoencoder,10,10,21,validation,3.031266689300537
RELATHE,concrete_autoencoder,ConcreteAutoencoder,10,10,22,validation,3.138256311416626
RELATHE,concrete_autoencoder,ConcreteAutoencoder,10,10,23,validation,3.2313263416290283
RELATHE,concrete_autoencoder,ConcreteAutoencoder,10,10,24,validation,3.313498020172119
RELATHE,concrete_autoencoder,ConcreteAutoencoder,10,10,25,validation,3.379826784133911
RELATHE,concrete_autoencoder,ConcreteAutoencoder,10,10,26,validation,3.4146370887756348
RELATHE,concrete_autoencoder,ConcreteAutoencoder,10,10,27,validation,3.4701461791992188
RELATHE,concrete_autoencoder,ConcreteAutoencoder,10,10,28,validation,3.4986274242401123
RELATHE,concrete_autoencoder,ConcreteAutoencoder,10,10,29,validation,3.5171003341674805
RELATHE,concrete_autoencoder,ConcreteAutoencoder,10,10,30,validation,3.498563289642334
RELATHE,concrete_autoencoder,ConcreteAutoencoder,10,10,31,validation,3.4792938232421875
RELATHE,concrete_autoencoder,ConcreteAutoencoder,10,10,32,validation,3.447411060333252
RELATHE,concrete_autoencoder,ConcreteAutoencoder,10,10,33,validation,3.4148309230804443
RELATHE,concrete_autoencoder,ConcreteAutoencoder,10,10,34,validation,3.256420612335205
RELATHE,concrete_autoencoder,ConcreteAutoencoder,10,10,35,validation,3.166733503341675
RELATHE,concrete_autoencoder,ConcreteAutoencoder,10,10,36,validation,2.990590810775757
RELATHE,concrete_autoencoder,ConcreteAutoencoder,10,10,37,validation,2.867450714111328
RELATHE,concrete_autoencoder,ConcreteAutoencoder,10,10,38,validation,2.7804980278015137
RELATHE,concrete_autoencoder,ConcreteAutoencoder,10,10,39,validation,2.599510669708252
RELATHE,concrete_autoencoder,ConcreteAutoencoder,10,10,40,validation,2.555574655532837
RELATHE,concrete_autoencoder,ConcreteAutoencoder,10,10,41,validation,2.4657022953033447
RELATHE,concrete_autoencoder,ConcreteAutoencoder,10,10,42,validation,2.348618268966675
RELATHE,concrete_autoencoder,ConcreteAutoencoder,10,10,43,validation,2.312174081802368
RELATHE,concrete_autoencoder,ConcreteAutoencoder,10,10,44,validation,2.22372841835022
RELATHE,concrete_autoencoder,ConcreteAutoencoder,10,10,45,validation,1.8242268562316892
RELATHE,concrete_autoencoder,ConcreteAutoencoder,10,10,46,validation,1.6683844327926636
RELATHE,concrete_autoencoder,ConcreteAutoencoder,10,10,47,validation,1.614733338356018
RELATHE,concrete_autoencoder,ConcreteAutoencoder,10,10,48,validation,1.5642904043197632
RELATHE,concrete_autoencoder,ConcreteAutoencoder,10,10,49,validation,1.4745112657546997
RELATHE,concrete_autoencoder,ConcreteAutoencoder,10,10,50,validation,1.4396878480911257
RELATHE,concrete_autoencoder,ConcreteAutoencoder,10,10,51,validation,1.3423069715499878
RELATHE,concrete_autoencoder,ConcreteAutoencoder,10,10,52,validation,1.2986364364624023
RELATHE,concrete_autoencoder,ConcreteAutoencoder,10,10,53,validation,1.24454665184021
RELATHE,concrete_autoencoder,ConcreteAutoencoder,10,10,54,validation,1.2129998207092283
RELATHE,concrete_autoencoder,ConcreteAutoencoder,10,10,55,validation,1.1640294790267944
RELATHE,concrete_autoencoder,ConcreteAutoencoder,10,10,56,validation,1.0927762985229492
RELATHE,concrete_autoencoder,ConcreteAutoencoder,10,10,57,validation,1.070351243019104
RELATHE,concrete_autoencoder,ConcreteAutoencoder,10,10,58,validation,1.0350637435913086
RELATHE,concrete_autoencoder,ConcreteAutoencoder,10,10,59,validation,1.0152637958526611
RELATHE,concrete_autoencoder,ConcreteAutoencoder,10,10,60,validation,0.9867824912071228
RELATHE,concrete_autoencoder,ConcreteAutoencoder,10,10,61,validation,0.9476376175880432
RELATHE,concrete_autoencoder,ConcreteAutoencoder,10,10,62,validation,0.9332751035690308
RELATHE,concrete_autoencoder,ConcreteAutoencoder,10,10,63,validation,0.917043924331665
RELATHE,concrete_autoencoder,ConcreteAutoencoder,10,10,64,validation,0.8961154818534851
RELATHE,concrete_autoencoder,ConcreteAutoencoder,10,10,65,validation,0.8827664852142334
RELATHE,concrete_autoencoder,ConcreteAutoencoder,10,10,66,validation,0.8634834885597229
RELATHE,concrete_autoencoder,ConcreteAutoencoder,10,10,67,validation,0.8417370319366455
RELATHE,concrete_autoencoder,ConcreteAutoencoder,10,10,68,validation,0.8259438872337341
RELATHE,concrete_autoencoder,ConcreteAutoencoder,10,10,69,validation,0.8122149109840393
RELATHE,concrete_autoencoder,ConcreteAutoencoder,10,10,70,validation,0.784246563911438
RELATHE,concrete_autoencoder,ConcreteAutoencoder,10,10,71,validation,0.7560648918151855
RELATHE,concrete_autoencoder,ConcreteAutoencoder,10,10,72,validation,0.7365967035293579
RELATHE,concrete_autoencoder,ConcreteAutoencoder,10,10,73,validation,0.7224871516227722
RELATHE,concrete_autoencoder,ConcreteAutoencoder,10,10,74,validation,0.7091982364654541
RELATHE,concrete_autoencoder,ConcreteAutoencoder,10,10,75,validation,0.7060271501541138
RELATHE,concrete_autoencoder,ConcreteAutoencoder,10,10,76,validation,0.6863978505134583
RELATHE,concrete_autoencoder,ConcreteAutoencoder,10,10,77,validation,0.6694453358650208
RELATHE,concrete_autoencoder,ConcreteAutoencoder,10,10,78,validation,0.6610977649688721
RELATHE,concrete_autoencoder,ConcreteAutoencoder,10,10,79,validation,0.6415778398513794
RELATHE,concrete_autoencoder,ConcreteAutoencoder,10,10,80,validation,0.6389989852905273
RELATHE,concrete_autoencoder,ConcreteAutoencoder,10,10,81,validation,0.6129330396652222
RELATHE,concrete_autoencoder,ConcreteAutoencoder,10,10,82,validation,0.6026285886764526
RELATHE,concrete_autoencoder,ConcreteAutoencoder,10,10,83,validation,0.5990616679191589
RELATHE,concrete_autoencoder,ConcreteAutoencoder,10,10,84,validation,0.5938270688056946
RELATHE,concrete_autoencoder,ConcreteAutoencoder,10,10,85,validation,0.5857056379318237
RELATHE,concrete_autoencoder,ConcreteAutoencoder,10,10,86,validation,0.5696744322776794
RELATHE,concrete_autoencoder,ConcreteAutoencoder,10,10,87,validation,0.5713557004928589
RELATHE,concrete_autoencoder,ConcreteAutoencoder,10,10,88,validation,0.5566086173057556
RELATHE,concrete_autoencoder,ConcreteAutoencoder,10,10,89,validation,0.5542669892311096
RELATHE,concrete_autoencoder,ConcreteAutoencoder,10,10,90,validation,0.5492115020751953
RELATHE,concrete_autoencoder,ConcreteAutoencoder,10,10,91,validation,0.5425685048103333
RELATHE,concrete_autoencoder,ConcreteAutoencoder,10,10,92,validation,0.5377017259597778
RELATHE,concrete_autoencoder,ConcreteAutoencoder,10,10,93,validation,0.5313384532928467
RELATHE,concrete_autoencoder,ConcreteAutoencoder,10,10,94,validation,0.5245965719223022
RELATHE,concrete_autoencoder,ConcreteAutoencoder,10,10,95,validation,0.5151465535163879
RELATHE,concrete_autoencoder,ConcreteAutoencoder,10,10,96,validation,0.5091917514801025
RELATHE,concrete_autoencoder,ConcreteAutoencoder,10,10,97,validation,0.4972890615463257
RELATHE,concrete_autoencoder,ConcreteAutoencoder,10,10,98,validation,0.4938958883285522
RELATHE,concrete_autoencoder,ConcreteAutoencoder,10,10,99,validation,0.4782246351242065
RELATHE,concrete_autoencoder,ConcreteAutoencoder,10,10,100,validation,0.4675168693065643
RELATHE,concrete_autoencoder,ConcreteAutoencoder,5,5,1,train,0.1683076918125152
RELATHE,concrete_autoencoder,ConcreteAutoencoder,5,5,2,train,0.1656552404165268
RELATHE,concrete_autoencoder,ConcreteAutoencoder,5,5,3,train,0.1637937426567077
RELATHE,concrete_autoencoder,ConcreteAutoencoder,5,5,4,train,0.1623518466949463
RELATHE,concrete_autoencoder,ConcreteAutoencoder,5,5,5,train,0.1611851751804351
RELATHE,concrete_autoencoder,ConcreteAutoencoder,5,5,6,train,0.1601645201444625
RELATHE,concrete_autoencoder,ConcreteAutoencoder,5,5,7,train,0.1592959612607956
RELATHE,concrete_autoencoder,ConcreteAutoencoder,5,5,8,train,0.1585263758897781
RELATHE,concrete_autoencoder,ConcreteAutoencoder,5,5,9,train,0.1578463315963745
RELATHE,concrete_autoencoder,ConcreteAutoencoder,5,5,10,train,0.1572088897228241
RELATHE,concrete_autoencoder,ConcreteAutoencoder,5,5,11,train,0.1566491723060608
RELATHE,concrete_autoencoder,ConcreteAutoencoder,5,5,12,train,0.156121477484703
RELATHE,concrete_autoencoder,ConcreteAutoencoder,5,5,13,train,0.155670017004013
RELATHE,concrete_autoencoder,ConcreteAutoencoder,5,5,14,train,0.1552354991436004
RELATHE,concrete_autoencoder,ConcreteAutoencoder,5,5,15,train,0.1547646224498748
RELATHE,concrete_autoencoder,ConcreteAutoencoder,5,5,16,train,0.15440434217453
RELATHE,concrete_autoencoder,ConcreteAutoencoder,5,5,17,train,0.1540663540363311
RELATHE,concrete_autoencoder,ConcreteAutoencoder,5,5,18,train,0.1537427008152008
RELATHE,concrete_autoencoder,ConcreteAutoencoder,5,5,19,train,0.1533766388893127
RELATHE,concrete_autoencoder,ConcreteAutoencoder,5,5,20,train,0.1531353592872619
RELATHE,concrete_autoencoder,ConcreteAutoencoder,5,5,21,train,0.1526808142662048
RELATHE,concrete_autoencoder,ConcreteAutoencoder,5,5,22,train,0.1524328738451004
RELATHE,concrete_autoencoder,ConcreteAutoencoder,5,5,23,train,0.152226835489273
RELATHE,concrete_autoencoder,ConcreteAutoencoder,5,5,24,train,0.1517725586891174
RELATHE,concrete_autoencoder,ConcreteAutoencoder,5,5,25,train,0.1513532698154449
RELATHE,concrete_autoencoder,ConcreteAutoencoder,5,5,26,train,0.1510841101408004
RELATHE,concrete_autoencoder,ConcreteAutoencoder,5,5,27,train,0.1507336795330047
RELATHE,concrete_autoencoder,ConcreteAutoencoder,5,5,28,train,0.1503913253545761
RELATHE,concrete_autoencoder,ConcreteAutoencoder,5,5,29,train,0.1499823629856109
RELATHE,concrete_autoencoder,ConcreteAutoencoder,5,5,30,train,0.1496622711420059
RELATHE,concrete_autoencoder,ConcreteAutoencoder,5,5,31,train,0.1491689383983612
RELATHE,concrete_autoencoder,ConcreteAutoencoder,5,5,32,train,0.148945152759552
RELATHE,concrete_autoencoder,ConcreteAutoencoder,5,5,33,train,0.148807942867279
RELATHE,concrete_autoencoder,ConcreteAutoencoder,5,5,34,train,0.148196130990982
RELATHE,concrete_autoencoder,ConcreteAutoencoder,5,5,35,train,0.1481022536754608
RELATHE,concrete_autoencoder,ConcreteAutoencoder,5,5,36,train,0.1487320214509964
RELATHE,concrete_autoencoder,ConcreteAutoencoder,5,5,37,train,0.1491556912660598
RELATHE,concrete_autoencoder,ConcreteAutoencoder,5,5,38,train,0.1483358293771743
RELATHE,concrete_autoencoder,ConcreteAutoencoder,5,5,39,train,0.1526007205247879
RELATHE,concrete_autoencoder,ConcreteAutoencoder,5,5,40,train,0.1540281623601913
RELATHE,concrete_autoencoder,ConcreteAutoencoder,5,5,41,train,0.1593130528926849
RELATHE,concrete_autoencoder,ConcreteAutoencoder,5,5,42,train,0.1495739072561264
RELATHE,concrete_autoencoder,ConcreteAutoencoder,5,5,43,train,0.1507144272327423
RELATHE,concrete_autoencoder,ConcreteAutoencoder,5,5,44,train,0.1547955572605133
RELATHE,concrete_autoencoder,ConcreteAutoencoder,5,5,45,train,0.1599376201629638
RELATHE,concrete_autoencoder,ConcreteAutoencoder,5,5,46,train,0.1516748964786529
RELATHE,concrete_autoencoder,ConcreteAutoencoder,5,5,47,train,0.1596880704164505
RELATHE,concrete_autoencoder,ConcreteAutoencoder,5,5,48,train,0.1555200666189193
RELATHE,concrete_autoencoder,ConcreteAutoencoder,5,5,49,train,0.1586650162935257
RELATHE,concrete_autoencoder,ConcreteAutoencoder,5,5,50,train,0.1548879295587539
RELATHE,concrete_autoencoder,ConcreteAutoencoder,5,5,51,train,0.154939666390419
RELATHE,concrete_autoencoder,ConcreteAutoencoder,5,5,52,train,0.156348317861557
RELATHE,concrete_autoencoder,ConcreteAutoencoder,5,5,53,train,0.155968964099884
RELATHE,concrete_autoencoder,ConcreteAutoencoder,5,5,54,train,0.1600055545568466
RELATHE,concrete_autoencoder,ConcreteAutoencoder,5,5,55,train,0.1532289981842041
RELATHE,concrete_autoencoder,ConcreteAutoencoder,5,5,56,train,0.1538354456424713
RELATHE,concrete_autoencoder,ConcreteAutoencoder,5,5,57,train,0.154552161693573
RELATHE,concrete_autoencoder,ConcreteAutoencoder,5,5,58,train,0.156090572476387
RELATHE,concrete_autoencoder,ConcreteAutoencoder,5,5,59,train,0.1570696234703064
RELATHE,concrete_autoencoder,ConcreteAutoencoder,5,5,60,train,0.1595360934734344
RELATHE,concrete_autoencoder,ConcreteAutoencoder,5,5,61,train,0.1544395536184311
RELATHE,concrete_autoencoder,ConcreteAutoencoder,5,5,62,train,0.158243253827095
RELATHE,concrete_autoencoder,ConcreteAutoencoder,5,5,63,train,0.1582119762897491
RELATHE,concrete_autoencoder,ConcreteAutoencoder,5,5,64,train,0.1553665995597839
RELATHE,concrete_autoencoder,ConcreteAutoencoder,5,5,65,train,0.1566070467233657
RELATHE,concrete_autoencoder,ConcreteAutoencoder,5,5,66,train,0.1602183729410171
RELATHE,concrete_autoencoder,ConcreteAutoencoder,5,5,67,train,0.1573120504617691
RELATHE,concrete_autoencoder,ConcreteAutoencoder,5,5,68,train,0.1576017886400222
RELATHE,concrete_autoencoder,ConcreteAutoencoder,5,5,69,train,0.1567666679620742
RELATHE,concrete_autoencoder,ConcreteAutoencoder,5,5,70,train,0.1558401733636856
RELATHE,concrete_autoencoder,ConcreteAutoencoder,5,5,71,train,0.1529371589422226
RELATHE,concrete_autoencoder,ConcreteAutoencoder,5,5,72,train,0.1535007506608963
RELATHE,concrete_autoencoder,ConcreteAutoencoder,5,5,73,train,0.1617208123207092
RELATHE,concrete_autoencoder,ConcreteAutoencoder,5,5,74,train,0.1594875305891037
RELATHE,concrete_autoencoder,ConcreteAutoencoder,5,5,75,train,0.155974879860878
RELATHE,concrete_autoencoder,ConcreteAutoencoder,5,5,76,train,0.1664482653141021
RELATHE,concrete_autoencoder,ConcreteAutoencoder,5,5,77,train,0.1569269448518753
RELATHE,concrete_autoencoder,ConcreteAutoencoder,5,5,78,train,0.1578922271728515
RELATHE,concrete_autoencoder,ConcreteAutoencoder,5,5,79,train,0.1598802208900451
RELATHE,concrete_autoencoder,ConcreteAutoencoder,5,5,80,train,0.1574925035238266
RELATHE,concrete_autoencoder,ConcreteAutoencoder,5,5,81,train,0.1565325707197189
RELATHE,concrete_autoencoder,ConcreteAutoencoder,5,5,82,train,0.155541107058525
RELATHE,concrete_autoencoder,ConcreteAutoencoder,5,5,83,train,0.1552655398845672
RELATHE,concrete_autoencoder,ConcreteAutoencoder,5,5,84,train,0.155319258570671
RELATHE,concrete_autoencoder,ConcreteAutoencoder,5,5,85,train,0.1555195152759552
RELATHE,concrete_autoencoder,ConcreteAutoencoder,5,5,86,train,0.1543137431144714
RELATHE,concrete_autoencoder,ConcreteAutoencoder,5,5,87,train,0.1620108187198639
RELATHE,concrete_autoencoder,ConcreteAutoencoder,5,5,88,train,0.1565114557743072
RELATHE,concrete_autoencoder,ConcreteAutoencoder,5,5,89,train,0.1594829261302948
RELATHE,concrete_autoencoder,ConcreteAutoencoder,5,5,90,train,0.1560513526201248
RELATHE,concrete_autoencoder,ConcreteAutoencoder,5,5,91,train,0.1534717977046966
RELATHE,concrete_autoencoder,ConcreteAutoencoder,5,5,92,train,0.1548709273338318
RELATHE,concrete_autoencoder,ConcreteAutoencoder,5,5,93,train,0.1579876095056533
RELATHE,concrete_autoencoder,ConcreteAutoencoder,5,5,94,train,0.1514763385057449
RELATHE,concrete_autoencoder,ConcreteAutoencoder,5,5,95,train,0.1562170982360839
RELATHE,concrete_autoencoder,ConcreteAutoencoder,5,5,96,train,0.1599188446998596
RELATHE,concrete_autoencoder,ConcreteAutoencoder,5,5,97,train,0.1581027954816818
RELATHE,concrete_autoencoder,ConcreteAutoencoder,5,5,98,train,0.1551801264286041
RELATHE,concrete_autoencoder,ConcreteAutoencoder,5,5,99,train,0.1542113423347473
RELATHE,concrete_autoencoder,ConcreteAutoencoder,5,5,100,train,0.1569376587867736
RELATHE,concrete_autoencoder,ConcreteAutoencoder,5,5,1,validation,0.1493396461009979
RELATHE,concrete_autoencoder,ConcreteAutoencoder,5,5,2,validation,0.1598788946866989
RELATHE,concrete_autoencoder,ConcreteAutoencoder,5,5,3,validation,0.1958346962928772
RELATHE,concrete_autoencoder,ConcreteAutoencoder,5,5,4,validation,0.2549094259738922
RELATHE,concrete_autoencoder,ConcreteAutoencoder,5,5,5,validation,0.290200412273407
RELATHE,concrete_autoencoder,ConcreteAutoencoder,5,5,6,validation,0.3272838592529297
RELATHE,concrete_autoencoder,ConcreteAutoencoder,5,5,7,validation,0.4288936257362366
RELATHE,concrete_autoencoder,ConcreteAutoencoder,5,5,8,validation,0.4844115078449249
RELATHE,concrete_autoencoder,ConcreteAutoencoder,5,5,9,validation,0.5459756851196289
RELATHE,concrete_autoencoder,ConcreteAutoencoder,5,5,10,validation,0.4913880527019501
RELATHE,concrete_autoencoder,ConcreteAutoencoder,5,5,11,validation,0.5424109697341919
RELATHE,concrete_autoencoder,ConcreteAutoencoder,5,5,12,validation,0.594292938709259
RELATHE,concrete_autoencoder,ConcreteAutoencoder,5,5,13,validation,0.6439111232757568
RELATHE,concrete_autoencoder,ConcreteAutoencoder,5,5,14,validation,0.6298918128013611
RELATHE,concrete_autoencoder,ConcreteAutoencoder,5,5,15,validation,0.6757323741912842
RELATHE,concrete_autoencoder,ConcreteAutoencoder,5,5,16,validation,0.8722361922264099
RELATHE,concrete_autoencoder,ConcreteAutoencoder,5,5,17,validation,0.9313469529151917
RELATHE,concrete_autoencoder,ConcreteAutoencoder,5,5,18,validation,0.9910834431648254
RELATHE,concrete_autoencoder,ConcreteAutoencoder,5,5,19,validation,1.1926863193511963
RELATHE,concrete_autoencoder,ConcreteAutoencoder,5,5,20,validation,1.255841612815857
RELATHE,concrete_autoencoder,ConcreteAutoencoder,5,5,21,validation,1.321869969367981
RELATHE,concrete_autoencoder,ConcreteAutoencoder,5,5,22,validation,1.3814338445663452
RELATHE,concrete_autoencoder,ConcreteAutoencoder,5,5,23,validation,1.445568323135376
RELATHE,concrete_autoencoder,ConcreteAutoencoder,5,5,24,validation,1.4970380067825315
RELATHE,concrete_autoencoder,ConcreteAutoencoder,5,5,25,validation,1.5448647737503052
RELATHE,concrete_autoencoder,ConcreteAutoencoder,5,5,26,validation,1.5930626392364502
RELATHE,concrete_autoencoder,ConcreteAutoencoder,5,5,27,validation,1.632978081703186
RELATHE,concrete_autoencoder,ConcreteAutoencoder,5,5,28,validation,1.6691111326217651
RELATHE,concrete_autoencoder,ConcreteAutoencoder,5,5,29,validation,1.694643259048462
RELATHE,concrete_autoencoder,ConcreteAutoencoder,5,5,30,validation,1.6986712217330933
RELATHE,concrete_autoencoder,ConcreteAutoencoder,5,5,31,validation,1.7058568000793457
RELATHE,concrete_autoencoder,ConcreteAutoencoder,5,5,32,validation,1.7182544469833374
RELATHE,concrete_autoencoder,ConcreteAutoencoder,5,5,33,validation,1.7185673713684082
RELATHE,concrete_autoencoder,ConcreteAutoencoder,5,5,34,validation,1.685870885848999
RELATHE,concrete_autoencoder,ConcreteAutoencoder,5,5,35,validation,1.657336711883545
RELATHE,concrete_autoencoder,ConcreteAutoencoder,5,5,36,validation,1.6059114933013916
RELATHE,concrete_autoencoder,ConcreteAutoencoder,5,5,37,validation,1.5278764963150024
RELATHE,concrete_autoencoder,ConcreteAutoencoder,5,5,38,validation,1.50291645526886
RELATHE,concrete_autoencoder,ConcreteAutoencoder,5,5,39,validation,1.413942575454712
RELATHE,concrete_autoencoder,ConcreteAutoencoder,5,5,40,validation,1.2991812229156494
RELATHE,concrete_autoencoder,ConcreteAutoencoder,5,5,41,validation,1.172677993774414
RELATHE,concrete_autoencoder,ConcreteAutoencoder,5,5,42,validation,1.1529484987258911
RELATHE,concrete_autoencoder,ConcreteAutoencoder,5,5,43,validation,1.1128387451171875
RELATHE,concrete_autoencoder,ConcreteAutoencoder,5,5,44,validation,1.0341155529022217
RELATHE,concrete_autoencoder,ConcreteAutoencoder,5,5,45,validation,0.9679222702980042
RELATHE,concrete_autoencoder,ConcreteAutoencoder,5,5,46,validation,0.9282482862472534
RELATHE,concrete_autoencoder,ConcreteAutoencoder,5,5,47,validation,0.8735939264297485
RELATHE,concrete_autoencoder,ConcreteAutoencoder,5,5,48,validation,0.8499242663383484
RELATHE,concrete_autoencoder,ConcreteAutoencoder,5,5,49,validation,0.8056544661521912
RELATHE,concrete_autoencoder,ConcreteAutoencoder,5,5,50,validation,0.7830454111099243
RELATHE,concrete_autoencoder,ConcreteAutoencoder,5,5,51,validation,0.7657071352005005
RELATHE,concrete_autoencoder,ConcreteAutoencoder,5,5,52,validation,0.7416606545448303
RELATHE,concrete_autoencoder,ConcreteAutoencoder,5,5,53,validation,0.7299903035163879
RELATHE,concrete_autoencoder,ConcreteAutoencoder,5,5,54,validation,0.7018693089485168
RELATHE,concrete_autoencoder,ConcreteAutoencoder,5,5,55,validation,0.6882575750350952
RELATHE,concrete_autoencoder,ConcreteAutoencoder,5,5,56,validation,0.6760489344596863
RELATHE,concrete_autoencoder,ConcreteAutoencoder,5,5,57,validation,0.667061984539032
RELATHE,concrete_autoencoder,ConcreteAutoencoder,5,5,58,validation,0.6495305299758911
RELATHE,concrete_autoencoder,ConcreteAutoencoder,5,5,59,validation,0.6399332880973816
RELATHE,concrete_autoencoder,ConcreteAutoencoder,5,5,60,validation,0.618324875831604
RELATHE,concrete_autoencoder,ConcreteAutoencoder,5,5,61,validation,0.5980802178382874
RELATHE,concrete_autoencoder,ConcreteAutoencoder,5,5,62,validation,0.5760593414306641
RELATHE,concrete_autoencoder,ConcreteAutoencoder,5,5,63,validation,0.5537707209587097
RELATHE,concrete_autoencoder,ConcreteAutoencoder,5,5,64,validation,0.5394301414489746
RELATHE,concrete_autoencoder,ConcreteAutoencoder,5,5,65,validation,0.5212748050689697
RELATHE,concrete_autoencoder,ConcreteAutoencoder,5,5,66,validation,0.4950867891311645
RELATHE,concrete_autoencoder,ConcreteAutoencoder,5,5,67,validation,0.4839363396167755
RELATHE,concrete_autoencoder,ConcreteAutoencoder,5,5,68,validation,0.4744314849376678
RELATHE,concrete_autoencoder,ConcreteAutoencoder,5,5,69,validation,0.4680884182453155
RELATHE,concrete_autoencoder,ConcreteAutoencoder,5,5,70,validation,0.4482698738574981
RELATHE,concrete_autoencoder,ConcreteAutoencoder,5,5,71,validation,0.4442934393882751
RELATHE,concrete_autoencoder,ConcreteAutoencoder,5,5,72,validation,0.4443820714950561
RELATHE,concrete_autoencoder,ConcreteAutoencoder,5,5,73,validation,0.427733838558197
RELATHE,concrete_autoencoder,ConcreteAutoencoder,5,5,74,validation,0.4110424518585205
RELATHE,concrete_autoencoder,ConcreteAutoencoder,5,5,75,validation,0.4062486290931701
RELATHE,concrete_autoencoder,ConcreteAutoencoder,5,5,76,validation,0.3815784454345703
RELATHE,concrete_autoencoder,ConcreteAutoencoder,5,5,77,validation,0.3766494691371918
RELATHE,concrete_autoencoder,ConcreteAutoencoder,5,5,78,validation,0.3676290810108185
RELATHE,concrete_autoencoder,ConcreteAutoencoder,5,5,79,validation,0.3616879880428314
RELATHE,concrete_autoencoder,ConcreteAutoencoder,5,5,80,validation,0.3537744879722595
RELATHE,concrete_autoencoder,ConcreteAutoencoder,5,5,81,validation,0.3402957916259765
RELATHE,concrete_autoencoder,ConcreteAutoencoder,5,5,82,validation,0.3356863260269165
RELATHE,concrete_autoencoder,ConcreteAutoencoder,5,5,83,validation,0.3314223885536194
RELATHE,concrete_autoencoder,ConcreteAutoencoder,5,5,84,validation,0.3251244723796844
RELATHE,concrete_autoencoder,ConcreteAutoencoder,5,5,85,validation,0.3245458602905273
RELATHE,concrete_autoencoder,ConcreteAutoencoder,5,5,86,validation,0.3236449658870697
RELATHE,concrete_autoencoder,ConcreteAutoencoder,5,5,87,validation,0.3090429902076721
RELATHE,concrete_autoencoder,ConcreteAutoencoder,5,5,88,validation,0.3042214214801788
RELATHE,concrete_autoencoder,ConcreteAutoencoder,5,5,89,validation,0.2987140715122223
RELATHE,concrete_autoencoder,ConcreteAutoencoder,5,5,90,validation,0.298193871974945
RELATHE,concrete_autoencoder,ConcreteAutoencoder,5,5,91,validation,0.2974419593811035
RELATHE,concrete_autoencoder,ConcreteAutoencoder,5,5,92,validation,0.2946736514568329
RELATHE,concrete_autoencoder,ConcreteAutoencoder,5,5,93,validation,0.293116420507431
RELATHE,concrete_autoencoder,ConcreteAutoencoder,5,5,94,validation,0.2918793857097626
RELATHE,concrete_autoencoder,ConcreteAutoencoder,5,5,95,validation,0.2898810803890228
RELATHE,concrete_autoencoder,ConcreteAutoencoder,5,5,96,validation,0.2854076027870178
RELATHE,concrete_autoencoder,ConcreteAutoencoder,5,5,97,validation,0.2781636118888855
RELATHE,concrete_autoencoder,ConcreteAutoencoder,5,5,98,validation,0.2781171500682831
RELATHE,concrete_autoencoder,ConcreteAutoencoder,5,5,99,validation,0.2738184928894043
RELATHE,concrete_autoencoder,ConcreteAutoencoder,5,5,100,validation,0.2689234316349029
RELATHE,concrete_autoencoder,ConcreteAutoencoder,1,1,1,train,0.1685464829206466
RELATHE,concrete_autoencoder,ConcreteAutoencoder,1,1,2,train,0.1663466840982437
RELATHE,concrete_autoencoder,ConcreteAutoencoder,1,1,3,train,0.1648597568273544
RELATHE,concrete_autoencoder,ConcreteAutoencoder,1,1,4,train,0.1636942476034164
RELATHE,concrete_autoencoder,ConcreteAutoencoder,1,1,5,train,0.1627488583326339
RELATHE,concrete_autoencoder,ConcreteAutoencoder,1,1,6,train,0.1619541347026825
RELATHE,concrete_autoencoder,ConcreteAutoencoder,1,1,7,train,0.1612501293420791
RELATHE,concrete_autoencoder,ConcreteAutoencoder,1,1,8,train,0.1606508046388626
RELATHE,concrete_autoencoder,ConcreteAutoencoder,1,1,9,train,0.1601275205612182
RELATHE,concrete_autoencoder,ConcreteAutoencoder,1,1,10,train,0.1596411913633346
RELATHE,concrete_autoencoder,ConcreteAutoencoder,1,1,11,train,0.1592293679714203
RELATHE,concrete_autoencoder,ConcreteAutoencoder,1,1,12,train,0.1588466316461563
RELATHE,concrete_autoencoder,ConcreteAutoencoder,1,1,13,train,0.1585277169942855
RELATHE,concrete_autoencoder,ConcreteAutoencoder,1,1,14,train,0.1581973731517791
RELATHE,concrete_autoencoder,ConcreteAutoencoder,1,1,15,train,0.1578650176525116
RELATHE,concrete_autoencoder,ConcreteAutoencoder,1,1,16,train,0.1576734036207199
RELATHE,concrete_autoencoder,ConcreteAutoencoder,1,1,17,train,0.157463327050209
RELATHE,concrete_autoencoder,ConcreteAutoencoder,1,1,18,train,0.1572476327419281
RELATHE,concrete_autoencoder,ConcreteAutoencoder,1,1,19,train,0.1570605337619781
RELATHE,concrete_autoencoder,ConcreteAutoencoder,1,1,20,train,0.1567892581224441
RELATHE,concrete_autoencoder,ConcreteAutoencoder,1,1,21,train,0.156685471534729
RELATHE,concrete_autoencoder,ConcreteAutoencoder,1,1,22,train,0.1563667058944702
RELATHE,concrete_autoencoder,ConcreteAutoencoder,1,1,23,train,0.1562272012233734
RELATHE,concrete_autoencoder,ConcreteAutoencoder,1,1,24,train,0.1560367047786712
RELATHE,concrete_autoencoder,ConcreteAutoencoder,1,1,25,train,0.1559601426124572
RELATHE,concrete_autoencoder,ConcreteAutoencoder,1,1,26,train,0.1556088924407959
RELATHE,concrete_autoencoder,ConcreteAutoencoder,1,1,27,train,0.1555622667074203
RELATHE,concrete_autoencoder,ConcreteAutoencoder,1,1,28,train,0.1552080810070037
RELATHE,concrete_autoencoder,ConcreteAutoencoder,1,1,29,train,0.1551945358514785
RELATHE,concrete_autoencoder,ConcreteAutoencoder,1,1,30,train,0.1550707668066024
RELATHE,concrete_autoencoder,ConcreteAutoencoder,1,1,31,train,0.1548113822937011
RELATHE,concrete_autoencoder,ConcreteAutoencoder,1,1,32,train,0.154326930642128
RELATHE,concrete_autoencoder,ConcreteAutoencoder,1,1,33,train,0.1546835899353027
RELATHE,concrete_autoencoder,ConcreteAutoencoder,1,1,34,train,0.1546706259250641
RELATHE,concrete_autoencoder,ConcreteAutoencoder,1,1,35,train,0.1542092561721801
RELATHE,concrete_autoencoder,ConcreteAutoencoder,1,1,36,train,0.1544341742992401
RELATHE,concrete_autoencoder,ConcreteAutoencoder,1,1,37,train,0.1539051979780197
RELATHE,concrete_autoencoder,ConcreteAutoencoder,1,1,38,train,0.1544695496559143
RELATHE,concrete_autoencoder,ConcreteAutoencoder,1,1,39,train,0.1558096557855606
RELATHE,concrete_autoencoder,ConcreteAutoencoder,1,1,40,train,0.1547559946775436
RELATHE,concrete_autoencoder,ConcreteAutoencoder,1,1,41,train,0.1546385288238525
RELATHE,concrete_autoencoder,ConcreteAutoencoder,1,1,42,train,0.1544452309608459
RELATHE,concrete_autoencoder,ConcreteAutoencoder,1,1,43,train,0.1590646803379058
RELATHE,concrete_autoencoder,ConcreteAutoencoder,1,1,44,train,0.1573544591665268
RELATHE,concrete_autoencoder,ConcreteAutoencoder,1,1,45,train,0.1567119807004928
RELATHE,concrete_autoencoder,ConcreteAutoencoder,1,1,46,train,0.1585787385702133
RELATHE,concrete_autoencoder,ConcreteAutoencoder,1,1,47,train,0.1585678309202194
RELATHE,concrete_autoencoder,ConcreteAutoencoder,1,1,48,train,0.1611069738864898
RELATHE,concrete_autoencoder,ConcreteAutoencoder,1,1,49,train,0.155411347746849
RELATHE,concrete_autoencoder,ConcreteAutoencoder,1,1,50,train,0.1581053584814071
RELATHE,concrete_autoencoder,ConcreteAutoencoder,1,1,51,train,0.1580237299203872
RELATHE,concrete_autoencoder,ConcreteAutoencoder,1,1,52,train,0.1580101400613784
RELATHE,concrete_autoencoder,ConcreteAutoencoder,1,1,53,train,0.1600738614797592
RELATHE,concrete_autoencoder,ConcreteAutoencoder,1,1,54,train,0.1568931341171264
RELATHE,concrete_autoencoder,ConcreteAutoencoder,1,1,55,train,0.1616953909397125
RELATHE,concrete_autoencoder,ConcreteAutoencoder,1,1,56,train,0.1568875461816787
RELATHE,concrete_autoencoder,ConcreteAutoencoder,1,1,57,train,0.1582318842411041
RELATHE,concrete_autoencoder,ConcreteAutoencoder,1,1,58,train,0.1576185077428817
RELATHE,concrete_autoencoder,ConcreteAutoencoder,1,1,59,train,0.1593898385763168
RELATHE,concrete_autoencoder,ConcreteAutoencoder,1,1,60,train,0.1569570153951645
RELATHE,concrete_autoencoder,ConcreteAutoencoder,1,1,61,train,0.1581243723630905
RELATHE,concrete_autoencoder,ConcreteAutoencoder,1,1,62,train,0.1579383015632629
RELATHE,concrete_autoencoder,ConcreteAutoencoder,1,1,63,train,0.1598404794931411
RELATHE,concrete_autoencoder,ConcreteAutoencoder,1,1,64,train,0.1557702720165252
RELATHE,concrete_autoencoder,ConcreteAutoencoder,1,1,65,train,0.155640959739685
RELATHE,concrete_autoencoder,ConcreteAutoencoder,1,1,66,train,0.1584741920232772
RELATHE,concrete_autoencoder,ConcreteAutoencoder,1,1,67,train,0.1632401943206787
RELATHE,concrete_autoencoder,ConcreteAutoencoder,1,1,68,train,0.1589579135179519
RELATHE,concrete_autoencoder,ConcreteAutoencoder,1,1,69,train,0.1572928726673126
RELATHE,concrete_autoencoder,ConcreteAutoencoder,1,1,70,train,0.1611537337303161
RELATHE,concrete_autoencoder,ConcreteAutoencoder,1,1,71,train,0.1572482734918594
RELATHE,concrete_autoencoder,ConcreteAutoencoder,1,1,72,train,0.1570112407207489
RELATHE,concrete_autoencoder,ConcreteAutoencoder,1,1,73,train,0.1588316708803177
RELATHE,concrete_autoencoder,ConcreteAutoencoder,1,1,74,train,0.1563136130571365
RELATHE,concrete_autoencoder,ConcreteAutoencoder,1,1,75,train,0.1589478701353073
RELATHE,concrete_autoencoder,ConcreteAutoencoder,1,1,76,train,0.1579601019620895
RELATHE,concrete_autoencoder,ConcreteAutoencoder,1,1,77,train,0.1570482105016708
RELATHE,concrete_autoencoder,ConcreteAutoencoder,1,1,78,train,0.1563350111246109
RELATHE,concrete_autoencoder,ConcreteAutoencoder,1,1,79,train,0.1554196178913116
RELATHE,concrete_autoencoder,ConcreteAutoencoder,1,1,80,train,0.1572057008743286
RELATHE,concrete_autoencoder,ConcreteAutoencoder,1,1,81,train,0.1579343229532241
RELATHE,concrete_autoencoder,ConcreteAutoencoder,1,1,82,train,0.156495064496994
RELATHE,concrete_autoencoder,ConcreteAutoencoder,1,1,83,train,0.158195674419403
RELATHE,concrete_autoencoder,ConcreteAutoencoder,1,1,84,train,0.1578978896141052
RELATHE,concrete_autoencoder,ConcreteAutoencoder,1,1,85,train,0.1579048782587051
RELATHE,concrete_autoencoder,ConcreteAutoencoder,1,1,86,train,0.1556808352470398
RELATHE,concrete_autoencoder,ConcreteAutoencoder,1,1,87,train,0.1888098567724228
RELATHE,concrete_autoencoder,ConcreteAutoencoder,1,1,88,train,0.1544625908136367
RELATHE,concrete_autoencoder,ConcreteAutoencoder,1,1,89,train,0.1581215560436248
RELATHE,concrete_autoencoder,ConcreteAutoencoder,1,1,90,train,0.1611368060111999
RELATHE,concrete_autoencoder,ConcreteAutoencoder,1,1,91,train,0.1573347002267837
RELATHE,concrete_autoencoder,ConcreteAutoencoder,1,1,92,train,0.1582484394311905
RELATHE,concrete_autoencoder,ConcreteAutoencoder,1,1,93,train,0.1579167991876602
RELATHE,concrete_autoencoder,ConcreteAutoencoder,1,1,94,train,0.1569016277790069
RELATHE,concrete_autoencoder,ConcreteAutoencoder,1,1,95,train,0.1565543562173843
RELATHE,concrete_autoencoder,ConcreteAutoencoder,1,1,96,train,0.164669319987297
RELATHE,concrete_autoencoder,ConcreteAutoencoder,1,1,97,train,0.1571605652570724
RELATHE,concrete_autoencoder,ConcreteAutoencoder,1,1,98,train,0.1588908284902572
RELATHE,concrete_autoencoder,ConcreteAutoencoder,1,1,99,train,0.1564462333917617
RELATHE,concrete_autoencoder,ConcreteAutoencoder,1,1,100,train,0.1579076200723648
RELATHE,concrete_autoencoder,ConcreteAutoencoder,1,1,1,validation,0.1490532904863357
RELATHE,concrete_autoencoder,ConcreteAutoencoder,1,1,2,validation,0.1471500545740127
RELATHE,concrete_autoencoder,ConcreteAutoencoder,1,1,3,validation,0.1457542181015014
RELATHE,concrete_autoencoder,ConcreteAutoencoder,1,1,4,validation,0.1496144980192184
RELATHE,concrete_autoencoder,ConcreteAutoencoder,1,1,5,validation,0.1505883336067199
RELATHE,concrete_autoencoder,ConcreteAutoencoder,1,1,6,validation,0.1521437019109726
RELATHE,concrete_autoencoder,ConcreteAutoencoder,1,1,7,validation,0.1542500406503677
RELATHE,concrete_autoencoder,ConcreteAutoencoder,1,1,8,validation,0.1570406407117843
RELATHE,concrete_autoencoder,ConcreteAutoencoder,1,1,9,validation,0.1600705683231353
RELATHE,concrete_autoencoder,ConcreteAutoencoder,1,1,10,validation,0.1635434776544571
RELATHE,concrete_autoencoder,ConcreteAutoencoder,1,1,11,validation,0.1675451248884201
RELATHE,concrete_autoencoder,ConcreteAutoencoder,1,1,12,validation,0.1730411201715469
RELATHE,concrete_autoencoder,ConcreteAutoencoder,1,1,13,validation,0.1779205203056335
RELATHE,concrete_autoencoder,ConcreteAutoencoder,1,1,14,validation,0.1833596974611282
RELATHE,concrete_autoencoder,ConcreteAutoencoder,1,1,15,validation,0.1889847069978714
RELATHE,concrete_autoencoder,ConcreteAutoencoder,1,1,16,validation,0.1945882737636566
RELATHE,concrete_autoencoder,ConcreteAutoencoder,1,1,17,validation,0.2013248056173324
RELATHE,concrete_autoencoder,ConcreteAutoencoder,1,1,18,validation,0.2078444361686706
RELATHE,concrete_autoencoder,ConcreteAutoencoder,1,1,19,validation,0.2148987352848053
RELATHE,concrete_autoencoder,ConcreteAutoencoder,1,1,20,validation,0.2217976301908493
RELATHE,concrete_autoencoder,ConcreteAutoencoder,1,1,21,validation,0.228868156671524
RELATHE,concrete_autoencoder,ConcreteAutoencoder,1,1,22,validation,0.2359991818666458
RELATHE,concrete_autoencoder,ConcreteAutoencoder,1,1,23,validation,0.2433185130357742
RELATHE,concrete_autoencoder,ConcreteAutoencoder,1,1,24,validation,0.2508736848831177
RELATHE,concrete_autoencoder,ConcreteAutoencoder,1,1,25,validation,0.258501648902893
RELATHE,concrete_autoencoder,ConcreteAutoencoder,1,1,26,validation,0.2658758759498596
RELATHE,concrete_autoencoder,ConcreteAutoencoder,1,1,27,validation,0.2731571197509765
RELATHE,concrete_autoencoder,ConcreteAutoencoder,1,1,28,validation,0.2795819044113159
RELATHE,concrete_autoencoder,ConcreteAutoencoder,1,1,29,validation,0.2850081324577331
RELATHE,concrete_autoencoder,ConcreteAutoencoder,1,1,30,validation,0.2911587357521057
RELATHE,concrete_autoencoder,ConcreteAutoencoder,1,1,31,validation,0.2961500883102417
RELATHE,concrete_autoencoder,ConcreteAutoencoder,1,1,32,validation,0.3015608191490173
RELATHE,concrete_autoencoder,ConcreteAutoencoder,1,1,33,validation,0.3060677349567413
RELATHE,concrete_autoencoder,ConcreteAutoencoder,1,1,34,validation,0.2984113693237304
RELATHE,concrete_autoencoder,ConcreteAutoencoder,1,1,35,validation,0.2985070645809173
RELATHE,concrete_autoencoder,ConcreteAutoencoder,1,1,36,validation,0.2974501848220825
RELATHE,concrete_autoencoder,ConcreteAutoencoder,1,1,37,validation,0.2863826751708984
RELATHE,concrete_autoencoder,ConcreteAutoencoder,1,1,38,validation,0.2827690243721008
RELATHE,concrete_autoencoder,ConcreteAutoencoder,1,1,39,validation,0.2746236622333526
RELATHE,concrete_autoencoder,ConcreteAutoencoder,1,1,40,validation,0.2687592804431915
RELATHE,concrete_autoencoder,ConcreteAutoencoder,1,1,41,validation,0.2615869045257568
RELATHE,concrete_autoencoder,ConcreteAutoencoder,1,1,42,validation,0.247233435511589
RELATHE,concrete_autoencoder,ConcreteAutoencoder,1,1,43,validation,0.2314651012420654
RELATHE,concrete_autoencoder,ConcreteAutoencoder,1,1,44,validation,0.2254694104194641
RELATHE,concrete_autoencoder,ConcreteAutoencoder,1,1,45,validation,0.2222470492124557
RELATHE,concrete_autoencoder,ConcreteAutoencoder,1,1,46,validation,0.2092924863100052
RELATHE,concrete_autoencoder,ConcreteAutoencoder,1,1,47,validation,0.2030567377805709
RELATHE,concrete_autoencoder,ConcreteAutoencoder,1,1,48,validation,0.1949852705001831
RELATHE,concrete_autoencoder,ConcreteAutoencoder,1,1,49,validation,0.1886225193738937
RELATHE,concrete_autoencoder,ConcreteAutoencoder,1,1,50,validation,0.1853695511817932
RELATHE,concrete_autoencoder,ConcreteAutoencoder,1,1,51,validation,0.1832916140556335
RELATHE,concrete_autoencoder,ConcreteAutoencoder,1,1,52,validation,0.1805944740772247
RELATHE,concrete_autoencoder,ConcreteAutoencoder,1,1,53,validation,0.1762430071830749
RELATHE,concrete_autoencoder,ConcreteAutoencoder,1,1,54,validation,0.1752835661172866
RELATHE,concrete_autoencoder,ConcreteAutoencoder,1,1,55,validation,0.1726349890232086
RELATHE,concrete_autoencoder,ConcreteAutoencoder,1,1,56,validation,0.171799436211586
RELATHE,concrete_autoencoder,ConcreteAutoencoder,1,1,57,validation,0.1698541790246963
RELATHE,concrete_autoencoder,ConcreteAutoencoder,1,1,58,validation,0.1680451929569244
RELATHE,concrete_autoencoder,ConcreteAutoencoder,1,1,59,validation,0.1664125919342041
RELATHE,concrete_autoencoder,ConcreteAutoencoder,1,1,60,validation,0.1660618036985397
RELATHE,concrete_autoencoder,ConcreteAutoencoder,1,1,61,validation,0.1652665436267852
RELATHE,concrete_autoencoder,ConcreteAutoencoder,1,1,62,validation,0.1635733246803283
RELATHE,concrete_autoencoder,ConcreteAutoencoder,1,1,63,validation,0.1608930379152298
RELATHE,concrete_autoencoder,ConcreteAutoencoder,1,1,64,validation,0.160811498761177
RELATHE,concrete_autoencoder,ConcreteAutoencoder,1,1,65,validation,0.1606307625770568
RELATHE,concrete_autoencoder,ConcreteAutoencoder,1,1,66,validation,0.1582489013671875
RELATHE,concrete_autoencoder,ConcreteAutoencoder,1,1,67,validation,0.1555444747209549
RELATHE,concrete_autoencoder,ConcreteAutoencoder,1,1,68,validation,0.154730811715126
RELATHE,concrete_autoencoder,ConcreteAutoencoder,1,1,69,validation,0.1541155129671096
RELATHE,concrete_autoencoder,ConcreteAutoencoder,1,1,70,validation,0.1520715504884719
RELATHE,concrete_autoencoder,ConcreteAutoencoder,1,1,71,validation,0.1518138647079467
RELATHE,concrete_autoencoder,ConcreteAutoencoder,1,1,72,validation,0.1518177986145019
RELATHE,concrete_autoencoder,ConcreteAutoencoder,1,1,73,validation,0.1508558094501495
RELATHE,concrete_autoencoder,ConcreteAutoencoder,1,1,74,validation,0.1503282934427261
RELATHE,concrete_autoencoder,ConcreteAutoencoder,1,1,75,validation,0.1493559777736663
RELATHE,concrete_autoencoder,ConcreteAutoencoder,1,1,76,validation,0.148340493440628
RELATHE,concrete_autoencoder,ConcreteAutoencoder,1,1,77,validation,0.1482202410697937
RELATHE,concrete_autoencoder,ConcreteAutoencoder,1,1,78,validation,0.1479315161705017
RELATHE,concrete_autoencoder,ConcreteAutoencoder,1,1,79,validation,0.14822918176651
RELATHE,concrete_autoencoder,ConcreteAutoencoder,1,1,80,validation,0.1478237062692642
RELATHE,concrete_autoencoder,ConcreteAutoencoder,1,1,81,validation,0.1473638266324997
RELATHE,concrete_autoencoder,ConcreteAutoencoder,1,1,82,validation,0.1469976752996444
RELATHE,concrete_autoencoder,ConcreteAutoencoder,1,1,83,validation,0.1460605710744857
RELATHE,concrete_autoencoder,ConcreteAutoencoder,1,1,84,validation,0.1455225050449371
RELATHE,concrete_autoencoder,ConcreteAutoencoder,1,1,85,validation,0.1449669897556305
RELATHE,concrete_autoencoder,ConcreteAutoencoder,1,1,86,validation,0.145104169845581
RELATHE,concrete_autoencoder,ConcreteAutoencoder,1,1,87,validation,0.1438208371400833
RELATHE,concrete_autoencoder,ConcreteAutoencoder,1,1,88,validation,0.143406793475151
RELATHE,concrete_autoencoder,ConcreteAutoencoder,1,1,89,validation,0.1432584524154663
RELATHE,concrete_autoencoder,ConcreteAutoencoder,1,1,90,validation,0.142876386642456
RELATHE,concrete_autoencoder,ConcreteAutoencoder,1,1,91,validation,0.1427872627973556
RELATHE,concrete_autoencoder,ConcreteAutoencoder,1,1,92,validation,0.1426851004362106
RELATHE,concrete_autoencoder,ConcreteAutoencoder,1,1,93,validation,0.1425671279430389
RELATHE,concrete_autoencoder,ConcreteAutoencoder,1,1,94,validation,0.1426533460617065
RELATHE,concrete_autoencoder,ConcreteAutoencoder,1,1,95,validation,0.142702117562294
RELATHE,concrete_autoencoder,ConcreteAutoencoder,1,1,96,validation,0.1424981653690338
RELATHE,concrete_autoencoder,ConcreteAutoencoder,1,1,97,validation,0.1424728035926818
RELATHE,concrete_autoencoder,ConcreteAutoencoder,1,1,98,validation,0.1422292590141296
RELATHE,concrete_autoencoder,ConcreteAutoencoder,1,1,99,validation,0.1421214491128921
RELATHE,concrete_autoencoder,ConcreteAutoencoder,1,1,100,validation,0.1420681327581405
leukemia,concrete_autoencoder,ConcreteAutoencoder,60,60,1,train,2.2552082538604736
leukemia,concrete_autoencoder,ConcreteAutoencoder,60,60,2,train,2.1778206825256348
leukemia,concrete_autoencoder,ConcreteAutoencoder,60,60,3,train,2.1148886680603027
leukemia,concrete_autoencoder,ConcreteAutoencoder,60,60,4,train,2.062953233718872
leukemia,concrete_autoencoder,ConcreteAutoencoder,60,60,5,train,2.0268049240112305
leukemia,concrete_autoencoder,ConcreteAutoencoder,60,60,6,train,1.9963603019714355
leukemia,concrete_autoencoder,ConcreteAutoencoder,60,60,7,train,1.9728078842163088
leukemia,concrete_autoencoder,ConcreteAutoencoder,60,60,8,train,1.9563665390014648
leukemia,concrete_autoencoder,ConcreteAutoencoder,60,60,9,train,1.9446433782577517
leukemia,concrete_autoencoder,ConcreteAutoencoder,60,60,10,train,1.935296893119812
leukemia,concrete_autoencoder,ConcreteAutoencoder,60,60,11,train,1.929100513458252
leukemia,concrete_autoencoder,ConcreteAutoencoder,60,60,12,train,1.9248241186141968
leukemia,concrete_autoencoder,ConcreteAutoencoder,60,60,13,train,1.921718955039978
leukemia,concrete_autoencoder,ConcreteAutoencoder,60,60,14,train,1.9190845489501955
leukemia,concrete_autoencoder,ConcreteAutoencoder,60,60,15,train,1.9179304838180544
leukemia,concrete_autoencoder,ConcreteAutoencoder,60,60,16,train,1.915706992149353
leukemia,concrete_autoencoder,ConcreteAutoencoder,60,60,17,train,1.9150609970092771
leukemia,concrete_autoencoder,ConcreteAutoencoder,60,60,18,train,1.9137718677520752
leukemia,concrete_autoencoder,ConcreteAutoencoder,60,60,19,train,1.91189968585968
leukemia,concrete_autoencoder,ConcreteAutoencoder,60,60,20,train,1.9108948707580569
leukemia,concrete_autoencoder,ConcreteAutoencoder,60,60,21,train,1.909773349761963
leukemia,concrete_autoencoder,ConcreteAutoencoder,60,60,22,train,1.9068611860275269
leukemia,concrete_autoencoder,ConcreteAutoencoder,60,60,23,train,1.9081625938415527
leukemia,concrete_autoencoder,ConcreteAutoencoder,60,60,24,train,1.9052081108093264
leukemia,concrete_autoencoder,ConcreteAutoencoder,60,60,25,train,1.903799533843994
leukemia,concrete_autoencoder,ConcreteAutoencoder,60,60,26,train,1.9037883281707764
leukemia,concrete_autoencoder,ConcreteAutoencoder,60,60,27,train,1.901059865951538
leukemia,concrete_autoencoder,ConcreteAutoencoder,60,60,28,train,1.901482105255127
leukemia,concrete_autoencoder,ConcreteAutoencoder,60,60,29,train,1.8953453302383425
leukemia,concrete_autoencoder,ConcreteAutoencoder,60,60,30,train,1.896867156028748
leukemia,concrete_autoencoder,ConcreteAutoencoder,60,60,31,train,1.89410138130188
leukemia,concrete_autoencoder,ConcreteAutoencoder,60,60,32,train,1.8907257318496704
leukemia,concrete_autoencoder,ConcreteAutoencoder,60,60,33,train,1.887062430381775
leukemia,concrete_autoencoder,ConcreteAutoencoder,60,60,34,train,1.890419363975525
leukemia,concrete_autoencoder,ConcreteAutoencoder,60,60,35,train,1.882834315299988
leukemia,concrete_autoencoder,ConcreteAutoencoder,60,60,36,train,1.8851994276046755
leukemia,concrete_autoencoder,ConcreteAutoencoder,60,60,37,train,1.889102816581726
leukemia,concrete_autoencoder,ConcreteAutoencoder,60,60,38,train,1.8961519002914429
leukemia,concrete_autoencoder,ConcreteAutoencoder,60,60,39,train,1.8855845928192136
leukemia,concrete_autoencoder,ConcreteAutoencoder,60,60,40,train,1.90886664390564
leukemia,concrete_autoencoder,ConcreteAutoencoder,60,60,41,train,1.876873254776001
leukemia,concrete_autoencoder,ConcreteAutoencoder,60,60,42,train,1.9111357927322388
leukemia,concrete_autoencoder,ConcreteAutoencoder,60,60,43,train,1.9090442657470703
leukemia,concrete_autoencoder,ConcreteAutoencoder,60,60,44,train,1.899597406387329
leukemia,concrete_autoencoder,ConcreteAutoencoder,60,60,45,train,1.9170105457305908
leukemia,concrete_autoencoder,ConcreteAutoencoder,60,60,46,train,1.934791922569275
leukemia,concrete_autoencoder,ConcreteAutoencoder,60,60,47,train,1.9495428800582888
leukemia,concrete_autoencoder,ConcreteAutoencoder,60,60,48,train,1.964809536933899
leukemia,concrete_autoencoder,ConcreteAutoencoder,60,60,49,train,1.9611907005310056
leukemia,concrete_autoencoder,ConcreteAutoencoder,60,60,50,train,1.9741681814193728
leukemia,concrete_autoencoder,ConcreteAutoencoder,60,60,51,train,1.959729075431824
leukemia,concrete_autoencoder,ConcreteAutoencoder,60,60,52,train,1.987626075744629
leukemia,concrete_autoencoder,ConcreteAutoencoder,60,60,53,train,1.98069441318512
leukemia,concrete_autoencoder,ConcreteAutoencoder,60,60,54,train,1.9644534587860107
leukemia,concrete_autoencoder,ConcreteAutoencoder,60,60,55,train,1.9847136735916135
leukemia,concrete_autoencoder,ConcreteAutoencoder,60,60,56,train,1.9685405492782595
leukemia,concrete_autoencoder,ConcreteAutoencoder,60,60,57,train,1.980485439300537
leukemia,concrete_autoencoder,ConcreteAutoencoder,60,60,58,train,1.9077177047729488
leukemia,concrete_autoencoder,ConcreteAutoencoder,60,60,59,train,1.9003690481185915
leukemia,concrete_autoencoder,ConcreteAutoencoder,60,60,60,train,1.962967157363892
leukemia,concrete_autoencoder,ConcreteAutoencoder,60,60,61,train,2.0127131938934326
leukemia,concrete_autoencoder,ConcreteAutoencoder,60,60,62,train,1.9077856540679927
leukemia,concrete_autoencoder,ConcreteAutoencoder,60,60,63,train,1.988034963607788
leukemia,concrete_autoencoder,ConcreteAutoencoder,60,60,64,train,2.0029566287994385
leukemia,concrete_autoencoder,ConcreteAutoencoder,60,60,65,train,2.0017240047454834
leukemia,concrete_autoencoder,ConcreteAutoencoder,60,60,66,train,1.963497877120972
leukemia,concrete_autoencoder,ConcreteAutoencoder,60,60,67,train,1.9482673406600952
leukemia,concrete_autoencoder,ConcreteAutoencoder,60,60,68,train,2.0171706676483154
leukemia,concrete_autoencoder,ConcreteAutoencoder,60,60,69,train,1.9810072183609009
leukemia,concrete_autoencoder,ConcreteAutoencoder,60,60,70,train,2.065234422683716
leukemia,concrete_autoencoder,ConcreteAutoencoder,60,60,71,train,1.923112273216248
leukemia,concrete_autoencoder,ConcreteAutoencoder,60,60,72,train,1.9181419610977173
leukemia,concrete_autoencoder,ConcreteAutoencoder,60,60,73,train,2.054317712783813
leukemia,concrete_autoencoder,ConcreteAutoencoder,60,60,74,train,1.981180548667908
leukemia,concrete_autoencoder,ConcreteAutoencoder,60,60,75,train,1.967939019203186
leukemia,concrete_autoencoder,ConcreteAutoencoder,60,60,76,train,1.944929599761963
leukemia,concrete_autoencoder,ConcreteAutoencoder,60,60,77,train,1.988010287284851
leukemia,concrete_autoencoder,ConcreteAutoencoder,60,60,78,train,1.925323486328125
leukemia,concrete_autoencoder,ConcreteAutoencoder,60,60,79,train,1.988797664642334
leukemia,concrete_autoencoder,ConcreteAutoencoder,60,60,80,train,1.904842495918274
leukemia,concrete_autoencoder,ConcreteAutoencoder,60,60,81,train,2.0769460201263428
leukemia,concrete_autoencoder,ConcreteAutoencoder,60,60,82,train,2.039400339126587
leukemia,concrete_autoencoder,ConcreteAutoencoder,60,60,83,train,2.0230824947357178
leukemia,concrete_autoencoder,ConcreteAutoencoder,60,60,84,train,1.9474998712539675
leukemia,concrete_autoencoder,ConcreteAutoencoder,60,60,85,train,2.0340795516967773
leukemia,concrete_autoencoder,ConcreteAutoencoder,60,60,86,train,2.028735399246216
leukemia,concrete_autoencoder,ConcreteAutoencoder,60,60,87,train,1.9343175888061523
leukemia,concrete_autoencoder,ConcreteAutoencoder,60,60,88,train,2.0348191261291504
leukemia,concrete_autoencoder,ConcreteAutoencoder,60,60,89,train,1.9111860990524288
leukemia,concrete_autoencoder,ConcreteAutoencoder,60,60,90,train,1.9498988389968872
leukemia,concrete_autoencoder,ConcreteAutoencoder,60,60,91,train,1.9564542770385744
leukemia,concrete_autoencoder,ConcreteAutoencoder,60,60,92,train,1.9780210256576536
leukemia,concrete_autoencoder,ConcreteAutoencoder,60,60,93,train,1.9645357131958008
leukemia,concrete_autoencoder,ConcreteAutoencoder,60,60,94,train,1.9757428169250488
leukemia,concrete_autoencoder,ConcreteAutoencoder,60,60,95,train,1.9368757009506223
leukemia,concrete_autoencoder,ConcreteAutoencoder,60,60,96,train,1.956300973892212
leukemia,concrete_autoencoder,ConcreteAutoencoder,60,60,97,train,1.8881546258926392
leukemia,concrete_autoencoder,ConcreteAutoencoder,60,60,98,train,1.920754194259644
leukemia,concrete_autoencoder,ConcreteAutoencoder,60,60,99,train,1.9149569272994995
leukemia,concrete_autoencoder,ConcreteAutoencoder,60,60,100,train,1.9749466180801392
leukemia,concrete_autoencoder,ConcreteAutoencoder,60,60,1,validation,2.3234612941741943
leukemia,concrete_autoencoder,ConcreteAutoencoder,60,60,2,validation,2.280526161193848
leukemia,concrete_autoencoder,ConcreteAutoencoder,60,60,3,validation,2.208731174468994
leukemia,concrete_autoencoder,ConcreteAutoencoder,60,60,4,validation,2.1541731357574463
leukemia,concrete_autoencoder,ConcreteAutoencoder,60,60,5,validation,2.135146141052246
leukemia,concrete_autoencoder,ConcreteAutoencoder,60,60,6,validation,2.162996530532837
leukemia,concrete_autoencoder,ConcreteAutoencoder,60,60,7,validation,2.2026047706604004
leukemia,concrete_autoencoder,ConcreteAutoencoder,60,60,8,validation,2.2526423931121826
leukemia,concrete_autoencoder,ConcreteAutoencoder,60,60,9,validation,2.309195041656494
leukemia,concrete_autoencoder,ConcreteAutoencoder,60,60,10,validation,2.3546268939971924
leukemia,concrete_autoencoder,ConcreteAutoencoder,60,60,11,validation,2.374516010284424
leukemia,concrete_autoencoder,ConcreteAutoencoder,60,60,12,validation,2.409614086151123
leukemia,concrete_autoencoder,ConcreteAutoencoder,60,60,13,validation,2.476651191711426
leukemia,concrete_autoencoder,ConcreteAutoencoder,60,60,14,validation,2.549188137054444
leukemia,concrete_autoencoder,ConcreteAutoencoder,60,60,15,validation,2.586741209030152
leukemia,concrete_autoencoder,ConcreteAutoencoder,60,60,16,validation,2.642678737640381
leukemia,concrete_autoencoder,ConcreteAutoencoder,60,60,17,validation,2.6512598991394043
leukemia,concrete_autoencoder,ConcreteAutoencoder,60,60,18,validation,2.71777606010437
leukemia,concrete_autoencoder,ConcreteAutoencoder,60,60,19,validation,2.7006585597991943
leukemia,concrete_autoencoder,ConcreteAutoencoder,60,60,20,validation,2.659123659133911
leukemia,concrete_autoencoder,ConcreteAutoencoder,60,60,21,validation,2.701632499694824
leukemia,concrete_autoencoder,ConcreteAutoencoder,60,60,22,validation,2.7293131351470947
leukemia,concrete_autoencoder,ConcreteAutoencoder,60,60,23,validation,2.7379539012908936
leukemia,concrete_autoencoder,ConcreteAutoencoder,60,60,24,validation,2.775402545928955
leukemia,concrete_autoencoder,ConcreteAutoencoder,60,60,25,validation,2.701812505722046
leukemia,concrete_autoencoder,ConcreteAutoencoder,60,60,26,validation,2.6738882064819336
leukemia,concrete_autoencoder,ConcreteAutoencoder,60,60,27,validation,2.6875574588775635
leukemia,concrete_autoencoder,ConcreteAutoencoder,60,60,28,validation,2.714380979537964
leukemia,concrete_autoencoder,ConcreteAutoencoder,60,60,29,validation,2.804270029067993
leukemia,concrete_autoencoder,ConcreteAutoencoder,60,60,30,validation,2.821422815322876
leukemia,concrete_autoencoder,ConcreteAutoencoder,60,60,31,validation,2.7867424488067627
leukemia,concrete_autoencoder,ConcreteAutoencoder,60,60,32,validation,2.7811059951782227
leukemia,concrete_autoencoder,ConcreteAutoencoder,60,60,33,validation,2.7427103519439697
leukemia,concrete_autoencoder,ConcreteAutoencoder,60,60,34,validation,2.7415308952331543
leukemia,concrete_autoencoder,ConcreteAutoencoder,60,60,35,validation,2.745148181915283
leukemia,concrete_autoencoder,ConcreteAutoencoder,60,60,36,validation,2.7448854446411133
leukemia,concrete_autoencoder,ConcreteAutoencoder,60,60,37,validation,2.7445459365844727
leukemia,concrete_autoencoder,ConcreteAutoencoder,60,60,38,validation,2.6821324825286865
leukemia,concrete_autoencoder,ConcreteAutoencoder,60,60,39,validation,2.644122362136841
leukemia,concrete_autoencoder,ConcreteAutoencoder,60,60,40,validation,2.6598801612854004
leukemia,concrete_autoencoder,ConcreteAutoencoder,60,60,41,validation,2.6506903171539307
leukemia,concrete_autoencoder,ConcreteAutoencoder,60,60,42,validation,2.666738986968994
leukemia,concrete_autoencoder,ConcreteAutoencoder,60,60,43,validation,2.6074843406677246
leukemia,concrete_autoencoder,ConcreteAutoencoder,60,60,44,validation,2.633430242538452
leukemia,concrete_autoencoder,ConcreteAutoencoder,60,60,45,validation,2.671254873275757
leukemia,concrete_autoencoder,ConcreteAutoencoder,60,60,46,validation,2.66089129447937
leukemia,concrete_autoencoder,ConcreteAutoencoder,60,60,47,validation,2.612767457962036
leukemia,concrete_autoencoder,ConcreteAutoencoder,60,60,48,validation,2.6410703659057617
leukemia,concrete_autoencoder,ConcreteAutoencoder,60,60,49,validation,2.659396171569824
leukemia,concrete_autoencoder,ConcreteAutoencoder,60,60,50,validation,2.623392343521118
leukemia,concrete_autoencoder,ConcreteAutoencoder,60,60,51,validation,2.54333233833313
leukemia,concrete_autoencoder,ConcreteAutoencoder,60,60,52,validation,2.50232481956482
leukemia,concrete_autoencoder,ConcreteAutoencoder,60,60,53,validation,2.530919551849365
leukemia,concrete_autoencoder,ConcreteAutoencoder,60,60,54,validation,2.518789529800415
leukemia,concrete_autoencoder,ConcreteAutoencoder,60,60,55,validation,2.5157952308654785
leukemia,concrete_autoencoder,ConcreteAutoencoder,60,60,56,validation,2.5278666019439697
leukemia,concrete_autoencoder,ConcreteAutoencoder,60,60,57,validation,2.5318236351013184
leukemia,concrete_autoencoder,ConcreteAutoencoder,60,60,58,validation,2.574234962463379
leukemia,concrete_autoencoder,ConcreteAutoencoder,60,60,59,validation,2.5681278705596924
leukemia,concrete_autoencoder,ConcreteAutoencoder,60,60,60,validation,2.516318798065185
leukemia,concrete_autoencoder,ConcreteAutoencoder,60,60,61,validation,2.501176357269287
leukemia,concrete_autoencoder,ConcreteAutoencoder,60,60,62,validation,2.452705383300781
leukemia,concrete_autoencoder,ConcreteAutoencoder,60,60,63,validation,2.401406764984131
leukemia,concrete_autoencoder,ConcreteAutoencoder,60,60,64,validation,2.3773796558380127
leukemia,concrete_autoencoder,ConcreteAutoencoder,60,60,65,validation,2.334058284759521
leukemia,concrete_autoencoder,ConcreteAutoencoder,60,60,66,validation,2.3305816650390625
leukemia,concrete_autoencoder,ConcreteAutoencoder,60,60,67,validation,2.3450067043304443
leukemia,concrete_autoencoder,ConcreteAutoencoder,60,60,68,validation,2.334575891494751
leukemia,concrete_autoencoder,ConcreteAutoencoder,60,60,69,validation,2.329211473464966
leukemia,concrete_autoencoder,ConcreteAutoencoder,60,60,70,validation,2.317524671554565
leukemia,concrete_autoencoder,ConcreteAutoencoder,60,60,71,validation,2.3013784885406494
leukemia,concrete_autoencoder,ConcreteAutoencoder,60,60,72,validation,2.3058090209960938
leukemia,concrete_autoencoder,ConcreteAutoencoder,60,60,73,validation,2.300911903381348
leukemia,concrete_autoencoder,ConcreteAutoencoder,60,60,74,validation,2.2931199073791504
leukemia,concrete_autoencoder,ConcreteAutoencoder,60,60,75,validation,2.2904837131500244
leukemia,concrete_autoencoder,ConcreteAutoencoder,60,60,76,validation,2.2833800315856934
leukemia,concrete_autoencoder,ConcreteAutoencoder,60,60,77,validation,2.2746694087982178
leukemia,concrete_autoencoder,ConcreteAutoencoder,60,60,78,validation,2.2719883918762207
leukemia,concrete_autoencoder,ConcreteAutoencoder,60,60,79,validation,2.2793188095092773
leukemia,concrete_autoencoder,ConcreteAutoencoder,60,60,80,validation,2.281588315963745
leukemia,concrete_autoencoder,ConcreteAutoencoder,60,60,81,validation,2.2765555381774902
leukemia,concrete_autoencoder,ConcreteAutoencoder,60,60,82,validation,2.2819924354553223
leukemia,concrete_autoencoder,ConcreteAutoencoder,60,60,83,validation,2.288144111633301
leukemia,concrete_autoencoder,ConcreteAutoencoder,60,60,84,validation,2.298780679702759
leukemia,concrete_autoencoder,ConcreteAutoencoder,60,60,85,validation,2.303171873092652
leukemia,concrete_autoencoder,ConcreteAutoencoder,60,60,86,validation,2.300510168075561
leukemia,concrete_autoencoder,ConcreteAutoencoder,60,60,87,validation,2.3045005798339844
leukemia,concrete_autoencoder,ConcreteAutoencoder,60,60,88,validation,2.3266122341156006
leukemia,concrete_autoencoder,ConcreteAutoencoder,60,60,89,validation,2.3294622898101807
leukemia,concrete_autoencoder,ConcreteAutoencoder,60,60,90,validation,2.352768421173096
leukemia,concrete_autoencoder,ConcreteAutoencoder,60,60,91,validation,2.3568155765533447
leukemia,concrete_autoencoder,ConcreteAutoencoder,60,60,92,validation,2.3328161239624023
leukemia,concrete_autoencoder,ConcreteAutoencoder,60,60,93,validation,2.3241028785705566
leukemia,concrete_autoencoder,ConcreteAutoencoder,60,60,94,validation,2.2973756790161133
leukemia,concrete_autoencoder,ConcreteAutoencoder,60,60,95,validation,2.287760972976685
leukemia,concrete_autoencoder,ConcreteAutoencoder,60,60,96,validation,2.28060245513916
leukemia,concrete_autoencoder,ConcreteAutoencoder,60,60,97,validation,2.2714664936065674
leukemia,concrete_autoencoder,ConcreteAutoencoder,60,60,98,validation,2.2134103775024414
leukemia,concrete_autoencoder,ConcreteAutoencoder,60,60,99,validation,2.2192866802215576
leukemia,concrete_autoencoder,ConcreteAutoencoder,60,60,100,validation,2.196598768234253
leukemia,concrete_autoencoder,ConcreteAutoencoder,30,30,1,train,2.249746561050415
leukemia,concrete_autoencoder,ConcreteAutoencoder,30,30,2,train,2.209230661392212
leukemia,concrete_autoencoder,ConcreteAutoencoder,30,30,3,train,2.171718120574951
leukemia,concrete_autoencoder,ConcreteAutoencoder,30,30,4,train,2.1387205123901367
leukemia,concrete_autoencoder,ConcreteAutoencoder,30,30,5,train,2.109076976776123
leukemia,concrete_autoencoder,ConcreteAutoencoder,30,30,6,train,2.0822412967681885
leukemia,concrete_autoencoder,ConcreteAutoencoder,30,30,7,train,2.058762311935425
leukemia,concrete_autoencoder,ConcreteAutoencoder,30,30,8,train,2.038782119750977
leukemia,concrete_autoencoder,ConcreteAutoencoder,30,30,9,train,2.0197153091430664
leukemia,concrete_autoencoder,ConcreteAutoencoder,30,30,10,train,2.004533290863037
leukemia,concrete_autoencoder,ConcreteAutoencoder,30,30,11,train,1.9905328750610352
leukemia,concrete_autoencoder,ConcreteAutoencoder,30,30,12,train,1.9777475595474243
leukemia,concrete_autoencoder,ConcreteAutoencoder,30,30,13,train,1.9677762985229488
leukemia,concrete_autoencoder,ConcreteAutoencoder,30,30,14,train,1.9590047597885127
leukemia,concrete_autoencoder,ConcreteAutoencoder,30,30,15,train,1.9510282278060915
leukemia,concrete_autoencoder,ConcreteAutoencoder,30,30,16,train,1.9442505836486816
leukemia,concrete_autoencoder,ConcreteAutoencoder,30,30,17,train,1.938521385192871
leukemia,concrete_autoencoder,ConcreteAutoencoder,30,30,18,train,1.9331905841827397
leukemia,concrete_autoencoder,ConcreteAutoencoder,30,30,19,train,1.928562879562378
leukemia,concrete_autoencoder,ConcreteAutoencoder,30,30,20,train,1.9246573448181152
leukemia,concrete_autoencoder,ConcreteAutoencoder,30,30,21,train,1.9213628768920896
leukemia,concrete_autoencoder,ConcreteAutoencoder,30,30,22,train,1.9186245203018188
leukemia,concrete_autoencoder,ConcreteAutoencoder,30,30,23,train,1.912546157836914
leukemia,concrete_autoencoder,ConcreteAutoencoder,30,30,24,train,1.9119731187820437
leukemia,concrete_autoencoder,ConcreteAutoencoder,30,30,25,train,1.9063541889190676
leukemia,concrete_autoencoder,ConcreteAutoencoder,30,30,26,train,1.9068212509155276
leukemia,concrete_autoencoder,ConcreteAutoencoder,30,30,27,train,1.903834700584412
leukemia,concrete_autoencoder,ConcreteAutoencoder,30,30,28,train,1.9007623195648196
leukemia,concrete_autoencoder,ConcreteAutoencoder,30,30,29,train,1.8987632989883425
leukemia,concrete_autoencoder,ConcreteAutoencoder,30,30,30,train,1.8918744325637815
leukemia,concrete_autoencoder,ConcreteAutoencoder,30,30,31,train,1.9012240171432493
leukemia,concrete_autoencoder,ConcreteAutoencoder,30,30,32,train,1.8912324905395508
leukemia,concrete_autoencoder,ConcreteAutoencoder,30,30,33,train,1.8885639905929563
leukemia,concrete_autoencoder,ConcreteAutoencoder,30,30,34,train,1.8823579549789429
leukemia,concrete_autoencoder,ConcreteAutoencoder,30,30,35,train,1.8930416107177732
leukemia,concrete_autoencoder,ConcreteAutoencoder,30,30,36,train,1.8781979084014893
leukemia,concrete_autoencoder,ConcreteAutoencoder,30,30,37,train,1.889186978340149
leukemia,concrete_autoencoder,ConcreteAutoencoder,30,30,38,train,1.8787981271743772
leukemia,concrete_autoencoder,ConcreteAutoencoder,30,30,39,train,1.8830045461654663
leukemia,concrete_autoencoder,ConcreteAutoencoder,30,30,40,train,1.8947844505310056
leukemia,concrete_autoencoder,ConcreteAutoencoder,30,30,41,train,1.892618417739868
leukemia,concrete_autoencoder,ConcreteAutoencoder,30,30,42,train,1.9128766059875488
leukemia,concrete_autoencoder,ConcreteAutoencoder,30,30,43,train,1.911768674850464
leukemia,concrete_autoencoder,ConcreteAutoencoder,30,30,44,train,1.9221999645233157
leukemia,concrete_autoencoder,ConcreteAutoencoder,30,30,45,train,1.9332464933395384
leukemia,concrete_autoencoder,ConcreteAutoencoder,30,30,46,train,1.9323575496673584
leukemia,concrete_autoencoder,ConcreteAutoencoder,30,30,47,train,1.9122402667999268
leukemia,concrete_autoencoder,ConcreteAutoencoder,30,30,48,train,1.9598774909973145
leukemia,concrete_autoencoder,ConcreteAutoencoder,30,30,49,train,1.958036184310913
leukemia,concrete_autoencoder,ConcreteAutoencoder,30,30,50,train,1.978456735610962
leukemia,concrete_autoencoder,ConcreteAutoencoder,30,30,51,train,1.8924044370651243
leukemia,concrete_autoencoder,ConcreteAutoencoder,30,30,52,train,1.922629952430725
leukemia,concrete_autoencoder,ConcreteAutoencoder,30,30,53,train,1.9686882495880127
leukemia,concrete_autoencoder,ConcreteAutoencoder,30,30,54,train,1.967150092124939
leukemia,concrete_autoencoder,ConcreteAutoencoder,30,30,55,train,1.9677801132202148
leukemia,concrete_autoencoder,ConcreteAutoencoder,30,30,56,train,2.007200241088867
leukemia,concrete_autoencoder,ConcreteAutoencoder,30,30,57,train,1.9806489944458008
leukemia,concrete_autoencoder,ConcreteAutoencoder,30,30,58,train,1.8838222026824951
leukemia,concrete_autoencoder,ConcreteAutoencoder,30,30,59,train,1.974317193031311
leukemia,concrete_autoencoder,ConcreteAutoencoder,30,30,60,train,1.963997721672058
leukemia,concrete_autoencoder,ConcreteAutoencoder,30,30,61,train,1.9543936252593996
leukemia,concrete_autoencoder,ConcreteAutoencoder,30,30,62,train,1.9361813068389893
leukemia,concrete_autoencoder,ConcreteAutoencoder,30,30,63,train,1.908094048500061
leukemia,concrete_autoencoder,ConcreteAutoencoder,30,30,64,train,1.9344849586486816
leukemia,concrete_autoencoder,ConcreteAutoencoder,30,30,65,train,2.022679567337036
leukemia,concrete_autoencoder,ConcreteAutoencoder,30,30,66,train,1.966424584388733
leukemia,concrete_autoencoder,ConcreteAutoencoder,30,30,67,train,1.946926474571228
leukemia,concrete_autoencoder,ConcreteAutoencoder,30,30,68,train,2.027082920074463
leukemia,concrete_autoencoder,ConcreteAutoencoder,30,30,69,train,1.9615837335586548
leukemia,concrete_autoencoder,ConcreteAutoencoder,30,30,70,train,1.9352015256881716
leukemia,concrete_autoencoder,ConcreteAutoencoder,30,30,71,train,1.9499776363372805
leukemia,concrete_autoencoder,ConcreteAutoencoder,30,30,72,train,2.018254041671753
leukemia,concrete_autoencoder,ConcreteAutoencoder,30,30,73,train,1.9318015575408936
leukemia,concrete_autoencoder,ConcreteAutoencoder,30,30,74,train,1.998283624649048
leukemia,concrete_autoencoder,ConcreteAutoencoder,30,30,75,train,1.8872870206832888
leukemia,concrete_autoencoder,ConcreteAutoencoder,30,30,76,train,2.052474021911621
leukemia,concrete_autoencoder,ConcreteAutoencoder,30,30,77,train,1.9078729152679443
leukemia,concrete_autoencoder,ConcreteAutoencoder,30,30,78,train,1.961879849433899
leukemia,concrete_autoencoder,ConcreteAutoencoder,30,30,79,train,1.904137372970581
leukemia,concrete_autoencoder,ConcreteAutoencoder,30,30,80,train,1.932705640792847
leukemia,concrete_autoencoder,ConcreteAutoencoder,30,30,81,train,2.000457525253296
leukemia,concrete_autoencoder,ConcreteAutoencoder,30,30,82,train,1.9683879613876345
leukemia,concrete_autoencoder,ConcreteAutoencoder,30,30,83,train,1.987001657485962
leukemia,concrete_autoencoder,ConcreteAutoencoder,30,30,84,train,1.993761777877808
leukemia,concrete_autoencoder,ConcreteAutoencoder,30,30,85,train,1.9579216241836548
leukemia,concrete_autoencoder,ConcreteAutoencoder,30,30,86,train,2.0287082195281982
leukemia,concrete_autoencoder,ConcreteAutoencoder,30,30,87,train,1.9621386528015137
leukemia,concrete_autoencoder,ConcreteAutoencoder,30,30,88,train,1.952473521232605
leukemia,concrete_autoencoder,ConcreteAutoencoder,30,30,89,train,1.9800045490264893
leukemia,concrete_autoencoder,ConcreteAutoencoder,30,30,90,train,1.916218638420105
leukemia,concrete_autoencoder,ConcreteAutoencoder,30,30,91,train,1.998199701309204
leukemia,concrete_autoencoder,ConcreteAutoencoder,30,30,92,train,2.004271507263184
leukemia,concrete_autoencoder,ConcreteAutoencoder,30,30,93,train,1.926171064376831
leukemia,concrete_autoencoder,ConcreteAutoencoder,30,30,94,train,1.9084527492523196
leukemia,concrete_autoencoder,ConcreteAutoencoder,30,30,95,train,1.9763660430908203
leukemia,concrete_autoencoder,ConcreteAutoencoder,30,30,96,train,1.9454822540283203
leukemia,concrete_autoencoder,ConcreteAutoencoder,30,30,97,train,2.0087594985961914
leukemia,concrete_autoencoder,ConcreteAutoencoder,30,30,98,train,2.023214817047119
leukemia,concrete_autoencoder,ConcreteAutoencoder,30,30,99,train,1.9469428062438965
leukemia,concrete_autoencoder,ConcreteAutoencoder,30,30,100,train,1.8707584142684937
leukemia,concrete_autoencoder,ConcreteAutoencoder,30,30,1,validation,2.208380460739136
leukemia,concrete_autoencoder,ConcreteAutoencoder,30,30,2,validation,2.1778523921966557
leukemia,concrete_autoencoder,ConcreteAutoencoder,30,30,3,validation,2.1402063369750977
leukemia,concrete_autoencoder,ConcreteAutoencoder,30,30,4,validation,2.105905055999756
leukemia,concrete_autoencoder,ConcreteAutoencoder,30,30,5,validation,2.0712273120880127
leukemia,concrete_autoencoder,ConcreteAutoencoder,30,30,6,validation,2.060321569442749
leukemia,concrete_autoencoder,ConcreteAutoencoder,30,30,7,validation,2.044628381729126
leukemia,concrete_autoencoder,ConcreteAutoencoder,30,30,8,validation,2.034077882766724
leukemia,concrete_autoencoder,ConcreteAutoencoder,30,30,9,validation,2.0309267044067383
leukemia,concrete_autoencoder,ConcreteAutoencoder,30,30,10,validation,2.0442044734954834
leukemia,concrete_autoencoder,ConcreteAutoencoder,30,30,11,validation,2.063070774078369
leukemia,concrete_autoencoder,ConcreteAutoencoder,30,30,12,validation,2.071408033370972
leukemia,concrete_autoencoder,ConcreteAutoencoder,30,30,13,validation,2.0885467529296875
leukemia,concrete_autoencoder,ConcreteAutoencoder,30,30,14,validation,2.103180170059204
leukemia,concrete_autoencoder,ConcreteAutoencoder,30,30,15,validation,2.1239140033721924
leukemia,concrete_autoencoder,ConcreteAutoencoder,30,30,16,validation,2.1406500339508057
leukemia,concrete_autoencoder,ConcreteAutoencoder,30,30,17,validation,2.1560873985290527
leukemia,concrete_autoencoder,ConcreteAutoencoder,30,30,18,validation,2.175826072692871
leukemia,concrete_autoencoder,ConcreteAutoencoder,30,30,19,validation,2.220062732696533
leukemia,concrete_autoencoder,ConcreteAutoencoder,30,30,20,validation,2.23636794090271
leukemia,concrete_autoencoder,ConcreteAutoencoder,30,30,21,validation,2.243180751800537
leukemia,concrete_autoencoder,ConcreteAutoencoder,30,30,22,validation,2.257840394973755
leukemia,concrete_autoencoder,ConcreteAutoencoder,30,30,23,validation,2.269760847091675
leukemia,concrete_autoencoder,ConcreteAutoencoder,30,30,24,validation,2.280838966369629
leukemia,concrete_autoencoder,ConcreteAutoencoder,30,30,25,validation,2.290489673614502
leukemia,concrete_autoencoder,ConcreteAutoencoder,30,30,26,validation,2.3233747482299805
leukemia,concrete_autoencoder,ConcreteAutoencoder,30,30,27,validation,2.3567631244659424
leukemia,concrete_autoencoder,ConcreteAutoencoder,30,30,28,validation,2.36414122581482
leukemia,concrete_autoencoder,ConcreteAutoencoder,30,30,29,validation,2.3837132453918457
leukemia,concrete_autoencoder,ConcreteAutoencoder,30,30,30,validation,2.385394334793091
leukemia,concrete_autoencoder,ConcreteAutoencoder,30,30,31,validation,2.3583037853240967
leukemia,concrete_autoencoder,ConcreteAutoencoder,30,30,32,validation,2.362459421157837
leukemia,concrete_autoencoder,ConcreteAutoencoder,30,30,33,validation,2.3289148807525635
leukemia,concrete_autoencoder,ConcreteAutoencoder,30,30,34,validation,2.382035493850708
leukemia,concrete_autoencoder,ConcreteAutoencoder,30,30,35,validation,2.380855083465576
leukemia,concrete_autoencoder,ConcreteAutoencoder,30,30,36,validation,2.379200220108032
leukemia,concrete_autoencoder,ConcreteAutoencoder,30,30,37,validation,2.4450998306274414
leukemia,concrete_autoencoder,ConcreteAutoencoder,30,30,38,validation,2.428009510040283
leukemia,concrete_autoencoder,ConcreteAutoencoder,30,30,39,validation,2.3913018703460693
leukemia,concrete_autoencoder,ConcreteAutoencoder,30,30,40,validation,2.384283781051636
leukemia,concrete_autoencoder,ConcreteAutoencoder,30,30,41,validation,2.448796510696411
leukemia,concrete_autoencoder,ConcreteAutoencoder,30,30,42,validation,2.382699489593506
leukemia,concrete_autoencoder,ConcreteAutoencoder,30,30,43,validation,2.4190027713775635
leukemia,concrete_autoencoder,ConcreteAutoencoder,30,30,44,validation,2.463404417037964
leukemia,concrete_autoencoder,ConcreteAutoencoder,30,30,45,validation,2.46545672416687
leukemia,concrete_autoencoder,ConcreteAutoencoder,30,30,46,validation,2.480942964553833
leukemia,concrete_autoencoder,ConcreteAutoencoder,30,30,47,validation,2.470048427581787
leukemia,concrete_autoencoder,ConcreteAutoencoder,30,30,48,validation,2.457232713699341
leukemia,concrete_autoencoder,ConcreteAutoencoder,30,30,49,validation,2.3566813468933105
leukemia,concrete_autoencoder,ConcreteAutoencoder,30,30,50,validation,2.325924634933472
leukemia,concrete_autoencoder,ConcreteAutoencoder,30,30,51,validation,2.2863078117370605
leukemia,concrete_autoencoder,ConcreteAutoencoder,30,30,52,validation,2.2926249504089355
leukemia,concrete_autoencoder,ConcreteAutoencoder,30,30,53,validation,2.2898547649383545
leukemia,concrete_autoencoder,ConcreteAutoencoder,30,30,54,validation,2.306476593017578
leukemia,concrete_autoencoder,ConcreteAutoencoder,30,30,55,validation,2.2905519008636475
leukemia,concrete_autoencoder,ConcreteAutoencoder,30,30,56,validation,2.263721704483032
leukemia,concrete_autoencoder,ConcreteAutoencoder,30,30,57,validation,2.2685704231262207
leukemia,concrete_autoencoder,ConcreteAutoencoder,30,30,58,validation,2.254659414291382
leukemia,concrete_autoencoder,ConcreteAutoencoder,30,30,59,validation,2.1928298473358154
leukemia,concrete_autoencoder,ConcreteAutoencoder,30,30,60,validation,2.18841290473938
leukemia,concrete_autoencoder,ConcreteAutoencoder,30,30,61,validation,2.1803853511810303
leukemia,concrete_autoencoder,ConcreteAutoencoder,30,30,62,validation,2.185260057449341
leukemia,concrete_autoencoder,ConcreteAutoencoder,30,30,63,validation,2.225592613220215
leukemia,concrete_autoencoder,ConcreteAutoencoder,30,30,64,validation,2.2118923664093018
leukemia,concrete_autoencoder,ConcreteAutoencoder,30,30,65,validation,2.2022385597229004
leukemia,concrete_autoencoder,ConcreteAutoencoder,30,30,66,validation,2.210764646530152
leukemia,concrete_autoencoder,ConcreteAutoencoder,30,30,67,validation,2.182137012481689
leukemia,concrete_autoencoder,ConcreteAutoencoder,30,30,68,validation,2.1928296089172363
leukemia,concrete_autoencoder,ConcreteAutoencoder,30,30,69,validation,2.18545913696289
leukemia,concrete_autoencoder,ConcreteAutoencoder,30,30,70,validation,2.193711757659912
leukemia,concrete_autoencoder,ConcreteAutoencoder,30,30,71,validation,2.187603235244751
leukemia,concrete_autoencoder,ConcreteAutoencoder,30,30,72,validation,2.176682949066162
leukemia,concrete_autoencoder,ConcreteAutoencoder,30,30,73,validation,2.165640354156494
leukemia,concrete_autoencoder,ConcreteAutoencoder,30,30,74,validation,2.159148693084717
leukemia,concrete_autoencoder,ConcreteAutoencoder,30,30,75,validation,2.1580581665039062
leukemia,concrete_autoencoder,ConcreteAutoencoder,30,30,76,validation,2.1550934314727783
leukemia,concrete_autoencoder,ConcreteAutoencoder,30,30,77,validation,2.154247999191284
leukemia,concrete_autoencoder,ConcreteAutoencoder,30,30,78,validation,2.155076265335083
leukemia,concrete_autoencoder,ConcreteAutoencoder,30,30,79,validation,2.169918298721313
leukemia,concrete_autoencoder,ConcreteAutoencoder,30,30,80,validation,2.172072649002075
leukemia,concrete_autoencoder,ConcreteAutoencoder,30,30,81,validation,2.173227548599243
leukemia,concrete_autoencoder,ConcreteAutoencoder,30,30,82,validation,2.172987461090088
leukemia,concrete_autoencoder,ConcreteAutoencoder,30,30,83,validation,2.1729607582092285
leukemia,concrete_autoencoder,ConcreteAutoencoder,30,30,84,validation,2.171404838562012
leukemia,concrete_autoencoder,ConcreteAutoencoder,30,30,85,validation,2.1667110919952397
leukemia,concrete_autoencoder,ConcreteAutoencoder,30,30,86,validation,2.138768434524536
leukemia,concrete_autoencoder,ConcreteAutoencoder,30,30,87,validation,2.133934736251831
leukemia,concrete_autoencoder,ConcreteAutoencoder,30,30,88,validation,2.1310627460479736
leukemia,concrete_autoencoder,ConcreteAutoencoder,30,30,89,validation,2.127504825592041
leukemia,concrete_autoencoder,ConcreteAutoencoder,30,30,90,validation,2.124440908432007
leukemia,concrete_autoencoder,ConcreteAutoencoder,30,30,91,validation,2.1210696697235107
leukemia,concrete_autoencoder,ConcreteAutoencoder,30,30,92,validation,2.115028381347656
leukemia,concrete_autoencoder,ConcreteAutoencoder,30,30,93,validation,2.110366106033325
leukemia,concrete_autoencoder,ConcreteAutoencoder,30,30,94,validation,2.1072168350219727
leukemia,concrete_autoencoder,ConcreteAutoencoder,30,30,95,validation,2.106029748916626
leukemia,concrete_autoencoder,ConcreteAutoencoder,30,30,96,validation,2.103554010391236
leukemia,concrete_autoencoder,ConcreteAutoencoder,30,30,97,validation,2.099630117416382
leukemia,concrete_autoencoder,ConcreteAutoencoder,30,30,98,validation,2.098719835281372
leukemia,concrete_autoencoder,ConcreteAutoencoder,30,30,99,validation,2.097804307937622
leukemia,concrete_autoencoder,ConcreteAutoencoder,30,30,100,validation,2.0953240394592285
leukemia,concrete_autoencoder,ConcreteAutoencoder,10,10,1,train,2.2449450492858887
leukemia,concrete_autoencoder,ConcreteAutoencoder,10,10,2,train,2.2298734188079834
leukemia,concrete_autoencoder,ConcreteAutoencoder,10,10,3,train,2.2150557041168213
leukemia,concrete_autoencoder,ConcreteAutoencoder,10,10,4,train,2.2020483016967773
leukemia,concrete_autoencoder,ConcreteAutoencoder,10,10,5,train,2.1892359256744385
leukemia,concrete_autoencoder,ConcreteAutoencoder,10,10,6,train,2.1764957904815674
leukemia,concrete_autoencoder,ConcreteAutoencoder,10,10,7,train,2.1646242141723637
leukemia,concrete_autoencoder,ConcreteAutoencoder,10,10,8,train,2.153154134750366
leukemia,concrete_autoencoder,ConcreteAutoencoder,10,10,9,train,2.1419591903686523
leukemia,concrete_autoencoder,ConcreteAutoencoder,10,10,10,train,2.1315338611602783
leukemia,concrete_autoencoder,ConcreteAutoencoder,10,10,11,train,2.121581792831421
leukemia,concrete_autoencoder,ConcreteAutoencoder,10,10,12,train,2.1105196475982666
leukemia,concrete_autoencoder,ConcreteAutoencoder,10,10,13,train,2.1025989055633545
leukemia,concrete_autoencoder,ConcreteAutoencoder,10,10,14,train,2.0927813053131104
leukemia,concrete_autoencoder,ConcreteAutoencoder,10,10,15,train,2.084279537200928
leukemia,concrete_autoencoder,ConcreteAutoencoder,10,10,16,train,2.075968742370605
leukemia,concrete_autoencoder,ConcreteAutoencoder,10,10,17,train,2.0682528018951416
leukemia,concrete_autoencoder,ConcreteAutoencoder,10,10,18,train,2.05991005897522
leukemia,concrete_autoencoder,ConcreteAutoencoder,10,10,19,train,2.0515296459198
leukemia,concrete_autoencoder,ConcreteAutoencoder,10,10,20,train,2.0432255268096924
leukemia,concrete_autoencoder,ConcreteAutoencoder,10,10,21,train,2.036881923675537
leukemia,concrete_autoencoder,ConcreteAutoencoder,10,10,22,train,2.030576467514038
leukemia,concrete_autoencoder,ConcreteAutoencoder,10,10,23,train,2.0240657329559326
leukemia,concrete_autoencoder,ConcreteAutoencoder,10,10,24,train,2.016179323196411
leukemia,concrete_autoencoder,ConcreteAutoencoder,10,10,25,train,2.0073935985565186
leukemia,concrete_autoencoder,ConcreteAutoencoder,10,10,26,train,2.004980564117432
leukemia,concrete_autoencoder,ConcreteAutoencoder,10,10,27,train,1.997612714767456
leukemia,concrete_autoencoder,ConcreteAutoencoder,10,10,28,train,1.98948347568512
leukemia,concrete_autoencoder,ConcreteAutoencoder,10,10,29,train,1.9843790531158447
leukemia,concrete_autoencoder,ConcreteAutoencoder,10,10,30,train,1.980502367019653
leukemia,concrete_autoencoder,ConcreteAutoencoder,10,10,31,train,1.9755184650421145
leukemia,concrete_autoencoder,ConcreteAutoencoder,10,10,32,train,1.9666293859481807
leukemia,concrete_autoencoder,ConcreteAutoencoder,10,10,33,train,1.9739171266555784
leukemia,concrete_autoencoder,ConcreteAutoencoder,10,10,34,train,1.9594465494155884
leukemia,concrete_autoencoder,ConcreteAutoencoder,10,10,35,train,1.951856255531311
leukemia,concrete_autoencoder,ConcreteAutoencoder,10,10,36,train,1.9516072273254397
leukemia,concrete_autoencoder,ConcreteAutoencoder,10,10,37,train,1.9434969425201416
leukemia,concrete_autoencoder,ConcreteAutoencoder,10,10,38,train,1.9403753280639648
leukemia,concrete_autoencoder,ConcreteAutoencoder,10,10,39,train,1.9415373802185056
leukemia,concrete_autoencoder,ConcreteAutoencoder,10,10,40,train,1.9141138792037964
leukemia,concrete_autoencoder,ConcreteAutoencoder,10,10,41,train,1.958945035934448
leukemia,concrete_autoencoder,ConcreteAutoencoder,10,10,42,train,1.9368754625320437
leukemia,concrete_autoencoder,ConcreteAutoencoder,10,10,43,train,1.9404845237731931
leukemia,concrete_autoencoder,ConcreteAutoencoder,10,10,44,train,1.9255112409591677
leukemia,concrete_autoencoder,ConcreteAutoencoder,10,10,45,train,1.9325865507125852
leukemia,concrete_autoencoder,ConcreteAutoencoder,10,10,46,train,1.9688800573349
leukemia,concrete_autoencoder,ConcreteAutoencoder,10,10,47,train,1.9667240381240845
leukemia,concrete_autoencoder,ConcreteAutoencoder,10,10,48,train,1.924526333808899
leukemia,concrete_autoencoder,ConcreteAutoencoder,10,10,49,train,1.9307973384857176
leukemia,concrete_autoencoder,ConcreteAutoencoder,10,10,50,train,1.98844051361084
leukemia,concrete_autoencoder,ConcreteAutoencoder,10,10,51,train,2.0292344093322754
leukemia,concrete_autoencoder,ConcreteAutoencoder,10,10,52,train,1.9657819271087649
leukemia,concrete_autoencoder,ConcreteAutoencoder,10,10,53,train,2.006553649902344
leukemia,concrete_autoencoder,ConcreteAutoencoder,10,10,54,train,1.997476816177368
leukemia,concrete_autoencoder,ConcreteAutoencoder,10,10,55,train,1.9719460010528564
leukemia,concrete_autoencoder,ConcreteAutoencoder,10,10,56,train,1.905328154563904
leukemia,concrete_autoencoder,ConcreteAutoencoder,10,10,57,train,1.9782254695892332
leukemia,concrete_autoencoder,ConcreteAutoencoder,10,10,58,train,1.9533427953720093
leukemia,concrete_autoencoder,ConcreteAutoencoder,10,10,59,train,2.026637077331543
leukemia,concrete_autoencoder,ConcreteAutoencoder,10,10,60,train,2.007821798324585
leukemia,concrete_autoencoder,ConcreteAutoencoder,10,10,61,train,1.953763961791992
leukemia,concrete_autoencoder,ConcreteAutoencoder,10,10,62,train,2.0154049396514893
leukemia,concrete_autoencoder,ConcreteAutoencoder,10,10,63,train,1.9871186017990112
leukemia,concrete_autoencoder,ConcreteAutoencoder,10,10,64,train,1.9699584245681765
leukemia,concrete_autoencoder,ConcreteAutoencoder,10,10,65,train,2.2092342376708984
leukemia,concrete_autoencoder,ConcreteAutoencoder,10,10,66,train,2.011997699737549
leukemia,concrete_autoencoder,ConcreteAutoencoder,10,10,67,train,2.0118393898010254
leukemia,concrete_autoencoder,ConcreteAutoencoder,10,10,68,train,1.9447754621505735
leukemia,concrete_autoencoder,ConcreteAutoencoder,10,10,69,train,1.910674810409546
leukemia,concrete_autoencoder,ConcreteAutoencoder,10,10,70,train,2.0348496437072754
leukemia,concrete_autoencoder,ConcreteAutoencoder,10,10,71,train,2.0742311477661133
leukemia,concrete_autoencoder,ConcreteAutoencoder,10,10,72,train,1.9537882804870603
leukemia,concrete_autoencoder,ConcreteAutoencoder,10,10,73,train,2.0422496795654297
leukemia,concrete_autoencoder,ConcreteAutoencoder,10,10,74,train,2.0025906562805176
leukemia,concrete_autoencoder,ConcreteAutoencoder,10,10,75,train,1.9245994091033936
leukemia,concrete_autoencoder,ConcreteAutoencoder,10,10,76,train,2.0029172897338867
leukemia,concrete_autoencoder,ConcreteAutoencoder,10,10,77,train,1.9249248504638672
leukemia,concrete_autoencoder,ConcreteAutoencoder,10,10,78,train,1.983334183692932
leukemia,concrete_autoencoder,ConcreteAutoencoder,10,10,79,train,1.9731099605560305
leukemia,concrete_autoencoder,ConcreteAutoencoder,10,10,80,train,2.0324625968933105
leukemia,concrete_autoencoder,ConcreteAutoencoder,10,10,81,train,2.0110530853271484
leukemia,concrete_autoencoder,ConcreteAutoencoder,10,10,82,train,1.9188295602798464
leukemia,concrete_autoencoder,ConcreteAutoencoder,10,10,83,train,1.9193586111068728
leukemia,concrete_autoencoder,ConcreteAutoencoder,10,10,84,train,2.032054901123047
leukemia,concrete_autoencoder,ConcreteAutoencoder,10,10,85,train,2.033277988433838
leukemia,concrete_autoencoder,ConcreteAutoencoder,10,10,86,train,2.020754337310791
leukemia,concrete_autoencoder,ConcreteAutoencoder,10,10,87,train,1.9575001001358032
leukemia,concrete_autoencoder,ConcreteAutoencoder,10,10,88,train,2.026860475540161
leukemia,concrete_autoencoder,ConcreteAutoencoder,10,10,89,train,2.18467116355896
leukemia,concrete_autoencoder,ConcreteAutoencoder,10,10,90,train,2.001817464828491
leukemia,concrete_autoencoder,ConcreteAutoencoder,10,10,91,train,2.0536015033721924
leukemia,concrete_autoencoder,ConcreteAutoencoder,10,10,92,train,2.0330240726470947
leukemia,concrete_autoencoder,ConcreteAutoencoder,10,10,93,train,2.0694539546966557
leukemia,concrete_autoencoder,ConcreteAutoencoder,10,10,94,train,1.914745092391968
leukemia,concrete_autoencoder,ConcreteAutoencoder,10,10,95,train,2.185839891433716
leukemia,concrete_autoencoder,ConcreteAutoencoder,10,10,96,train,2.076859951019287
leukemia,concrete_autoencoder,ConcreteAutoencoder,10,10,97,train,2.233894109725952
leukemia,concrete_autoencoder,ConcreteAutoencoder,10,10,98,train,2.0487313270568848
leukemia,concrete_autoencoder,ConcreteAutoencoder,10,10,99,train,1.9310745000839236
leukemia,concrete_autoencoder,ConcreteAutoencoder,10,10,100,train,2.16458511352539
leukemia,concrete_autoencoder,ConcreteAutoencoder,10,10,1,validation,2.149308443069458
leukemia,concrete_autoencoder,ConcreteAutoencoder,10,10,2,validation,2.134845018386841
leukemia,concrete_autoencoder,ConcreteAutoencoder,10,10,3,validation,2.117387294769287
leukemia,concrete_autoencoder,ConcreteAutoencoder,10,10,4,validation,2.104767084121704
leukemia,concrete_autoencoder,ConcreteAutoencoder,10,10,5,validation,2.0905721187591557
leukemia,concrete_autoencoder,ConcreteAutoencoder,10,10,6,validation,2.071884632110596
leukemia,concrete_autoencoder,ConcreteAutoencoder,10,10,7,validation,2.059816598892212
leukemia,concrete_autoencoder,ConcreteAutoencoder,10,10,8,validation,2.0673089027404785
leukemia,concrete_autoencoder,ConcreteAutoencoder,10,10,9,validation,2.0602803230285645
leukemia,concrete_autoencoder,ConcreteAutoencoder,10,10,10,validation,2.054508924484253
leukemia,concrete_autoencoder,ConcreteAutoencoder,10,10,11,validation,2.0492987632751465
leukemia,concrete_autoencoder,ConcreteAutoencoder,10,10,12,validation,2.045387983322144
leukemia,concrete_autoencoder,ConcreteAutoencoder,10,10,13,validation,2.042106866836548
leukemia,concrete_autoencoder,ConcreteAutoencoder,10,10,14,validation,2.0401148796081543
leukemia,concrete_autoencoder,ConcreteAutoencoder,10,10,15,validation,2.038623094558716
leukemia,concrete_autoencoder,ConcreteAutoencoder,10,10,16,validation,2.0382776260375977
leukemia,concrete_autoencoder,ConcreteAutoencoder,10,10,17,validation,2.039027690887451
leukemia,concrete_autoencoder,ConcreteAutoencoder,10,10,18,validation,2.0401852130889893
leukemia,concrete_autoencoder,ConcreteAutoencoder,10,10,19,validation,2.049977779388428
leukemia,concrete_autoencoder,ConcreteAutoencoder,10,10,20,validation,2.0000243186950684
leukemia,concrete_autoencoder,ConcreteAutoencoder,10,10,21,validation,1.9999009370803835
leukemia,concrete_autoencoder,ConcreteAutoencoder,10,10,22,validation,1.9995687007904053
leukemia,concrete_autoencoder,ConcreteAutoencoder,10,10,23,validation,1.995622158050537
leukemia,concrete_autoencoder,ConcreteAutoencoder,10,10,24,validation,1.997167468070984
leukemia,concrete_autoencoder,ConcreteAutoencoder,10,10,25,validation,1.9997475147247317
leukemia,concrete_autoencoder,ConcreteAutoencoder,10,10,26,validation,1.9917322397232056
leukemia,concrete_autoencoder,ConcreteAutoencoder,10,10,27,validation,1.9961565732955933
leukemia,concrete_autoencoder,ConcreteAutoencoder,10,10,28,validation,2.0010969638824463
leukemia,concrete_autoencoder,ConcreteAutoencoder,10,10,29,validation,2.00478196144104
leukemia,concrete_autoencoder,ConcreteAutoencoder,10,10,30,validation,2.008767604827881
leukemia,concrete_autoencoder,ConcreteAutoencoder,10,10,31,validation,2.0128753185272217
leukemia,concrete_autoencoder,ConcreteAutoencoder,10,10,32,validation,2.0171825885772705
leukemia,concrete_autoencoder,ConcreteAutoencoder,10,10,33,validation,2.0228495597839355
leukemia,concrete_autoencoder,ConcreteAutoencoder,10,10,34,validation,2.0270144939422607
leukemia,concrete_autoencoder,ConcreteAutoencoder,10,10,35,validation,2.020768642425537
leukemia,concrete_autoencoder,ConcreteAutoencoder,10,10,36,validation,2.006569623947144
leukemia,concrete_autoencoder,ConcreteAutoencoder,10,10,37,validation,2.0104727745056152
leukemia,concrete_autoencoder,ConcreteAutoencoder,10,10,38,validation,2.062870502471924
leukemia,concrete_autoencoder,ConcreteAutoencoder,10,10,39,validation,2.1047041416168213
leukemia,concrete_autoencoder,ConcreteAutoencoder,10,10,40,validation,2.1025595664978027
leukemia,concrete_autoencoder,ConcreteAutoencoder,10,10,41,validation,2.046103477478028
leukemia,concrete_autoencoder,ConcreteAutoencoder,10,10,42,validation,2.04834508895874
leukemia,concrete_autoencoder,ConcreteAutoencoder,10,10,43,validation,2.1102254390716557
leukemia,concrete_autoencoder,ConcreteAutoencoder,10,10,44,validation,2.136993408203125
leukemia,concrete_autoencoder,ConcreteAutoencoder,10,10,45,validation,2.0806357860565186
leukemia,concrete_autoencoder,ConcreteAutoencoder,10,10,46,validation,2.0964934825897217
leukemia,concrete_autoencoder,ConcreteAutoencoder,10,10,47,validation,2.0968830585479736
leukemia,concrete_autoencoder,ConcreteAutoencoder,10,10,48,validation,2.0954880714416504
leukemia,concrete_autoencoder,ConcreteAutoencoder,10,10,49,validation,2.0928120613098145
leukemia,concrete_autoencoder,ConcreteAutoencoder,10,10,50,validation,2.110835552215576
leukemia,concrete_autoencoder,ConcreteAutoencoder,10,10,51,validation,2.1034343242645264
leukemia,concrete_autoencoder,ConcreteAutoencoder,10,10,52,validation,2.182145118713379
leukemia,concrete_autoencoder,ConcreteAutoencoder,10,10,53,validation,2.147200107574463
leukemia,concrete_autoencoder,ConcreteAutoencoder,10,10,54,validation,2.1439766883850098
leukemia,concrete_autoencoder,ConcreteAutoencoder,10,10,55,validation,2.1388609409332275
leukemia,concrete_autoencoder,ConcreteAutoencoder,10,10,56,validation,2.1038031578063965
leukemia,concrete_autoencoder,ConcreteAutoencoder,10,10,57,validation,2.1004366874694824
leukemia,concrete_autoencoder,ConcreteAutoencoder,10,10,58,validation,2.067826747894287
leukemia,concrete_autoencoder,ConcreteAutoencoder,10,10,59,validation,2.099863290786743
leukemia,concrete_autoencoder,ConcreteAutoencoder,10,10,60,validation,2.097384214401245
leukemia,concrete_autoencoder,ConcreteAutoencoder,10,10,61,validation,2.095669269561768
leukemia,concrete_autoencoder,ConcreteAutoencoder,10,10,62,validation,2.093324422836304
leukemia,concrete_autoencoder,ConcreteAutoencoder,10,10,63,validation,2.0892159938812256
leukemia,concrete_autoencoder,ConcreteAutoencoder,10,10,64,validation,2.0858161449432373
leukemia,concrete_autoencoder,ConcreteAutoencoder,10,10,65,validation,2.0226564407348637
leukemia,concrete_autoencoder,ConcreteAutoencoder,10,10,66,validation,2.0186421871185303
leukemia,concrete_autoencoder,ConcreteAutoencoder,10,10,67,validation,2.014644861221313
leukemia,concrete_autoencoder,ConcreteAutoencoder,10,10,68,validation,2.0101735591888428
leukemia,concrete_autoencoder,ConcreteAutoencoder,10,10,69,validation,2.0205445289611816
leukemia,concrete_autoencoder,ConcreteAutoencoder,10,10,70,validation,2.0176432132720947
leukemia,concrete_autoencoder,ConcreteAutoencoder,10,10,71,validation,2.0145604610443115
leukemia,concrete_autoencoder,ConcreteAutoencoder,10,10,72,validation,2.009815454483032
leukemia,concrete_autoencoder,ConcreteAutoencoder,10,10,73,validation,1.9659581184387207
leukemia,concrete_autoencoder,ConcreteAutoencoder,10,10,74,validation,1.9613045454025269
leukemia,concrete_autoencoder,ConcreteAutoencoder,10,10,75,validation,1.95747983455658
leukemia,concrete_autoencoder,ConcreteAutoencoder,10,10,76,validation,1.9543136358261108
leukemia,concrete_autoencoder,ConcreteAutoencoder,10,10,77,validation,1.9534744024276731
leukemia,concrete_autoencoder,ConcreteAutoencoder,10,10,78,validation,1.9512522220611568
leukemia,concrete_autoencoder,ConcreteAutoencoder,10,10,79,validation,1.948370337486267
leukemia,concrete_autoencoder,ConcreteAutoencoder,10,10,80,validation,1.9452099800109863
leukemia,concrete_autoencoder,ConcreteAutoencoder,10,10,81,validation,1.943014979362488
leukemia,concrete_autoencoder,ConcreteAutoencoder,10,10,82,validation,1.9403407573699951
leukemia,concrete_autoencoder,ConcreteAutoencoder,10,10,83,validation,1.9378191232681277
leukemia,concrete_autoencoder,ConcreteAutoencoder,10,10,84,validation,1.9354784488677976
leukemia,concrete_autoencoder,ConcreteAutoencoder,10,10,85,validation,1.933172821998596
leukemia,concrete_autoencoder,ConcreteAutoencoder,10,10,86,validation,1.9308865070343015
leukemia,concrete_autoencoder,ConcreteAutoencoder,10,10,87,validation,1.9547795057296755
leukemia,concrete_autoencoder,ConcreteAutoencoder,10,10,88,validation,1.9463123083114624
leukemia,concrete_autoencoder,ConcreteAutoencoder,10,10,89,validation,1.9979586601257324
leukemia,concrete_autoencoder,ConcreteAutoencoder,10,10,90,validation,1.9958142042160036
leukemia,concrete_autoencoder,ConcreteAutoencoder,10,10,91,validation,1.9939059019088743
leukemia,concrete_autoencoder,ConcreteAutoencoder,10,10,92,validation,1.9919648170471191
leukemia,concrete_autoencoder,ConcreteAutoencoder,10,10,93,validation,1.9902138710021973
leukemia,concrete_autoencoder,ConcreteAutoencoder,10,10,94,validation,1.9923102855682373
leukemia,concrete_autoencoder,ConcreteAutoencoder,10,10,95,validation,1.9914977550506592
leukemia,concrete_autoencoder,ConcreteAutoencoder,10,10,96,validation,1.9911696910858157
leukemia,concrete_autoencoder,ConcreteAutoencoder,10,10,97,validation,1.9996908903121948
leukemia,concrete_autoencoder,ConcreteAutoencoder,10,10,98,validation,1.99863862991333
leukemia,concrete_autoencoder,ConcreteAutoencoder,10,10,99,validation,1.997083306312561
leukemia,concrete_autoencoder,ConcreteAutoencoder,10,10,100,validation,1.995178461074829
leukemia,concrete_autoencoder,ConcreteAutoencoder,5,5,1,train,2.2480971813201904
leukemia,concrete_autoencoder,ConcreteAutoencoder,5,5,2,train,2.239435911178589
leukemia,concrete_autoencoder,ConcreteAutoencoder,5,5,3,train,2.23222279548645
leukemia,concrete_autoencoder,ConcreteAutoencoder,5,5,4,train,2.224663734436035
leukemia,concrete_autoencoder,ConcreteAutoencoder,5,5,5,train,2.217202663421631
leukemia,concrete_autoencoder,ConcreteAutoencoder,5,5,6,train,2.2097878456115723
leukemia,concrete_autoencoder,ConcreteAutoencoder,5,5,7,train,2.2026844024658203
leukemia,concrete_autoencoder,ConcreteAutoencoder,5,5,8,train,2.1963796615600586
leukemia,concrete_autoencoder,ConcreteAutoencoder,5,5,9,train,2.1894690990448
leukemia,concrete_autoencoder,ConcreteAutoencoder,5,5,10,train,2.1826958656311035
leukemia,concrete_autoencoder,ConcreteAutoencoder,5,5,11,train,2.1762850284576416
leukemia,concrete_autoencoder,ConcreteAutoencoder,5,5,12,train,2.169879913330078
leukemia,concrete_autoencoder,ConcreteAutoencoder,5,5,13,train,2.163562059402466
leukemia,concrete_autoencoder,ConcreteAutoencoder,5,5,14,train,2.1575021743774414
leukemia,concrete_autoencoder,ConcreteAutoencoder,5,5,15,train,2.1520516872406006
leukemia,concrete_autoencoder,ConcreteAutoencoder,5,5,16,train,2.145823240280152
leukemia,concrete_autoencoder,ConcreteAutoencoder,5,5,17,train,2.139909505844116
leukemia,concrete_autoencoder,ConcreteAutoencoder,5,5,18,train,2.1341419219970703
leukemia,concrete_autoencoder,ConcreteAutoencoder,5,5,19,train,2.128700017929077
leukemia,concrete_autoencoder,ConcreteAutoencoder,5,5,20,train,2.122504234313965
leukemia,concrete_autoencoder,ConcreteAutoencoder,5,5,21,train,2.1168901920318604
leukemia,concrete_autoencoder,ConcreteAutoencoder,5,5,22,train,2.1133296489715576
leukemia,concrete_autoencoder,ConcreteAutoencoder,5,5,23,train,2.1064014434814453
leukemia,concrete_autoencoder,ConcreteAutoencoder,5,5,24,train,2.102103471755981
leukemia,concrete_autoencoder,ConcreteAutoencoder,5,5,25,train,2.095512866973877
leukemia,concrete_autoencoder,ConcreteAutoencoder,5,5,26,train,2.088343620300293
leukemia,concrete_autoencoder,ConcreteAutoencoder,5,5,27,train,2.085394382476806
leukemia,concrete_autoencoder,ConcreteAutoencoder,5,5,28,train,2.0787031650543213
leukemia,concrete_autoencoder,ConcreteAutoencoder,5,5,29,train,2.0710270404815674
leukemia,concrete_autoencoder,ConcreteAutoencoder,5,5,30,train,2.0694541931152344
leukemia,concrete_autoencoder,ConcreteAutoencoder,5,5,31,train,2.0593302249908447
leukemia,concrete_autoencoder,ConcreteAutoencoder,5,5,32,train,2.0602054595947266
leukemia,concrete_autoencoder,ConcreteAutoencoder,5,5,33,train,2.05729341506958
leukemia,concrete_autoencoder,ConcreteAutoencoder,5,5,34,train,2.048952579498291
leukemia,concrete_autoencoder,ConcreteAutoencoder,5,5,35,train,2.045769453048706
leukemia,concrete_autoencoder,ConcreteAutoencoder,5,5,36,train,2.0289108753204346
leukemia,concrete_autoencoder,ConcreteAutoencoder,5,5,37,train,2.0348289012908936
leukemia,concrete_autoencoder,ConcreteAutoencoder,5,5,38,train,2.0186920166015625
leukemia,concrete_autoencoder,ConcreteAutoencoder,5,5,39,train,2.040348768234253
leukemia,concrete_autoencoder,ConcreteAutoencoder,5,5,40,train,2.038119316101074
leukemia,concrete_autoencoder,ConcreteAutoencoder,5,5,41,train,1.9995567798614504
leukemia,concrete_autoencoder,ConcreteAutoencoder,5,5,42,train,2.078953266143799
leukemia,concrete_autoencoder,ConcreteAutoencoder,5,5,43,train,2.073094129562378
leukemia,concrete_autoencoder,ConcreteAutoencoder,5,5,44,train,2.0317232608795166
leukemia,concrete_autoencoder,ConcreteAutoencoder,5,5,45,train,1.9966157674789429
leukemia,concrete_autoencoder,ConcreteAutoencoder,5,5,46,train,2.0226194858551025
leukemia,concrete_autoencoder,ConcreteAutoencoder,5,5,47,train,1.9869426488876345
leukemia,concrete_autoencoder,ConcreteAutoencoder,5,5,48,train,2.0492212772369385
leukemia,concrete_autoencoder,ConcreteAutoencoder,5,5,49,train,2.03774642944336
leukemia,concrete_autoencoder,ConcreteAutoencoder,5,5,50,train,2.062934160232544
leukemia,concrete_autoencoder,ConcreteAutoencoder,5,5,51,train,2.030858039855957
leukemia,concrete_autoencoder,ConcreteAutoencoder,5,5,52,train,2.0961668491363525
leukemia,concrete_autoencoder,ConcreteAutoencoder,5,5,53,train,2.043548107147217
leukemia,concrete_autoencoder,ConcreteAutoencoder,5,5,54,train,2.100924015045166
leukemia,concrete_autoencoder,ConcreteAutoencoder,5,5,55,train,2.0726757049560547
leukemia,concrete_autoencoder,ConcreteAutoencoder,5,5,56,train,1.977179288864136
leukemia,concrete_autoencoder,ConcreteAutoencoder,5,5,57,train,2.040443658828736
leukemia,concrete_autoencoder,ConcreteAutoencoder,5,5,58,train,1.9663264751434328
leukemia,concrete_autoencoder,ConcreteAutoencoder,5,5,59,train,1.974876284599304
leukemia,concrete_autoencoder,ConcreteAutoencoder,5,5,60,train,2.0403079986572266
leukemia,concrete_autoencoder,ConcreteAutoencoder,5,5,61,train,2.1791188716888428
leukemia,concrete_autoencoder,ConcreteAutoencoder,5,5,62,train,2.0682849884033203
leukemia,concrete_autoencoder,ConcreteAutoencoder,5,5,63,train,1.9469894170761108
leukemia,concrete_autoencoder,ConcreteAutoencoder,5,5,64,train,2.057946920394897
leukemia,concrete_autoencoder,ConcreteAutoencoder,5,5,65,train,1.9908355474472048
leukemia,concrete_autoencoder,ConcreteAutoencoder,5,5,66,train,1.9818923473358157
leukemia,concrete_autoencoder,ConcreteAutoencoder,5,5,67,train,2.003601551055908
leukemia,concrete_autoencoder,ConcreteAutoencoder,5,5,68,train,2.029966115951538
leukemia,concrete_autoencoder,ConcreteAutoencoder,5,5,69,train,2.121312141418457
leukemia,concrete_autoencoder,ConcreteAutoencoder,5,5,70,train,2.107329845428467
leukemia,concrete_autoencoder,ConcreteAutoencoder,5,5,71,train,2.0552663803100586
leukemia,concrete_autoencoder,ConcreteAutoencoder,5,5,72,train,2.0721030235290527
leukemia,concrete_autoencoder,ConcreteAutoencoder,5,5,73,train,2.113086700439453
leukemia,concrete_autoencoder,ConcreteAutoencoder,5,5,74,train,2.006367444992065
leukemia,concrete_autoencoder,ConcreteAutoencoder,5,5,75,train,2.091737508773804
leukemia,concrete_autoencoder,ConcreteAutoencoder,5,5,76,train,2.057926177978516
leukemia,concrete_autoencoder,ConcreteAutoencoder,5,5,77,train,2.122025728225708
leukemia,concrete_autoencoder,ConcreteAutoencoder,5,5,78,train,1.9545350074768064
leukemia,concrete_autoencoder,ConcreteAutoencoder,5,5,79,train,1.9848406314849851
leukemia,concrete_autoencoder,ConcreteAutoencoder,5,5,80,train,2.080266237258911
leukemia,concrete_autoencoder,ConcreteAutoencoder,5,5,81,train,2.0773375034332275
leukemia,concrete_autoencoder,ConcreteAutoencoder,5,5,82,train,2.0898499488830566
leukemia,concrete_autoencoder,ConcreteAutoencoder,5,5,83,train,2.0292444229125977
leukemia,concrete_autoencoder,ConcreteAutoencoder,5,5,84,train,2.099097967147827
leukemia,concrete_autoencoder,ConcreteAutoencoder,5,5,85,train,2.015994071960449
leukemia,concrete_autoencoder,ConcreteAutoencoder,5,5,86,train,2.105459451675415
leukemia,concrete_autoencoder,ConcreteAutoencoder,5,5,87,train,2.10090446472168
leukemia,concrete_autoencoder,ConcreteAutoencoder,5,5,88,train,2.0993432998657227
leukemia,concrete_autoencoder,ConcreteAutoencoder,5,5,89,train,2.043507575988769
leukemia,concrete_autoencoder,ConcreteAutoencoder,5,5,90,train,2.00723648071289
leukemia,concrete_autoencoder,ConcreteAutoencoder,5,5,91,train,1.9853333234786987
leukemia,concrete_autoencoder,ConcreteAutoencoder,5,5,92,train,2.2248647212982178
leukemia,concrete_autoencoder,ConcreteAutoencoder,5,5,93,train,2.099841833114624
leukemia,concrete_autoencoder,ConcreteAutoencoder,5,5,94,train,2.2174086570739746
leukemia,concrete_autoencoder,ConcreteAutoencoder,5,5,95,train,2.054532289505005
leukemia,concrete_autoencoder,ConcreteAutoencoder,5,5,96,train,2.002606153488159
leukemia,concrete_autoencoder,ConcreteAutoencoder,5,5,97,train,2.074543237686157
leukemia,concrete_autoencoder,ConcreteAutoencoder,5,5,98,train,2.2622804641723637
leukemia,concrete_autoencoder,ConcreteAutoencoder,5,5,99,train,1.9640305042266848
leukemia,concrete_autoencoder,ConcreteAutoencoder,5,5,100,train,2.1530683040618896
leukemia,concrete_autoencoder,ConcreteAutoencoder,5,5,1,validation,2.139124155044556
leukemia,concrete_autoencoder,ConcreteAutoencoder,5,5,2,validation,2.1307222843170166
leukemia,concrete_autoencoder,ConcreteAutoencoder,5,5,3,validation,2.11786150932312
leukemia,concrete_autoencoder,ConcreteAutoencoder,5,5,4,validation,2.110292196273804
leukemia,concrete_autoencoder,ConcreteAutoencoder,5,5,5,validation,2.101865291595459
leukemia,concrete_autoencoder,ConcreteAutoencoder,5,5,6,validation,2.093693733215332
leukemia,concrete_autoencoder,ConcreteAutoencoder,5,5,7,validation,2.0813310146331787
leukemia,concrete_autoencoder,ConcreteAutoencoder,5,5,8,validation,2.073309898376465
leukemia,concrete_autoencoder,ConcreteAutoencoder,5,5,9,validation,2.0657951831817627
leukemia,concrete_autoencoder,ConcreteAutoencoder,5,5,10,validation,2.0588152408599854
leukemia,concrete_autoencoder,ConcreteAutoencoder,5,5,11,validation,2.0523557662963867
leukemia,concrete_autoencoder,ConcreteAutoencoder,5,5,12,validation,2.046271324157715
leukemia,concrete_autoencoder,ConcreteAutoencoder,5,5,13,validation,2.040644407272339
leukemia,concrete_autoencoder,ConcreteAutoencoder,5,5,14,validation,2.0353987216949463
leukemia,concrete_autoencoder,ConcreteAutoencoder,5,5,15,validation,2.0103561878204346
leukemia,concrete_autoencoder,ConcreteAutoencoder,5,5,16,validation,2.0053677558898926
leukemia,concrete_autoencoder,ConcreteAutoencoder,5,5,17,validation,1.9833837747573853
leukemia,concrete_autoencoder,ConcreteAutoencoder,5,5,18,validation,1.9811813831329343
leukemia,concrete_autoencoder,ConcreteAutoencoder,5,5,19,validation,1.991093754768372
leukemia,concrete_autoencoder,ConcreteAutoencoder,5,5,20,validation,1.9868767261505127
leukemia,concrete_autoencoder,ConcreteAutoencoder,5,5,21,validation,1.9827958345413208
leukemia,concrete_autoencoder,ConcreteAutoencoder,5,5,22,validation,1.962947487831116
leukemia,concrete_autoencoder,ConcreteAutoencoder,5,5,23,validation,1.9610193967819212
leukemia,concrete_autoencoder,ConcreteAutoencoder,5,5,24,validation,1.976191163063049
leukemia,concrete_autoencoder,ConcreteAutoencoder,5,5,25,validation,1.9701316356658936
leukemia,concrete_autoencoder,ConcreteAutoencoder,5,5,26,validation,1.9671376943588257
leukemia,concrete_autoencoder,ConcreteAutoencoder,5,5,27,validation,1.9871350526809688
leukemia,concrete_autoencoder,ConcreteAutoencoder,5,5,28,validation,1.985167980194092
leukemia,concrete_autoencoder,ConcreteAutoencoder,5,5,29,validation,1.9839158058166504
leukemia,concrete_autoencoder,ConcreteAutoencoder,5,5,30,validation,1.9825670719146729
leukemia,concrete_autoencoder,ConcreteAutoencoder,5,5,31,validation,1.981671690940857
leukemia,concrete_autoencoder,ConcreteAutoencoder,5,5,32,validation,1.981042504310608
leukemia,concrete_autoencoder,ConcreteAutoencoder,5,5,33,validation,1.981011152267456
leukemia,concrete_autoencoder,ConcreteAutoencoder,5,5,34,validation,1.9550148248672483
leukemia,concrete_autoencoder,ConcreteAutoencoder,5,5,35,validation,1.954090595245361
leukemia,concrete_autoencoder,ConcreteAutoencoder,5,5,36,validation,1.9529187679290767
leukemia,concrete_autoencoder,ConcreteAutoencoder,5,5,37,validation,1.9550585746765137
leukemia,concrete_autoencoder,ConcreteAutoencoder,5,5,38,validation,1.956596851348877
leukemia,concrete_autoencoder,ConcreteAutoencoder,5,5,39,validation,1.9558318853378296
leukemia,concrete_autoencoder,ConcreteAutoencoder,5,5,40,validation,1.9554715156555176
leukemia,concrete_autoencoder,ConcreteAutoencoder,5,5,41,validation,1.9556187391281128
leukemia,concrete_autoencoder,ConcreteAutoencoder,5,5,42,validation,1.955867409706116
leukemia,concrete_autoencoder,ConcreteAutoencoder,5,5,43,validation,1.94899320602417
leukemia,concrete_autoencoder,ConcreteAutoencoder,5,5,44,validation,1.980496525764465
leukemia,concrete_autoencoder,ConcreteAutoencoder,5,5,45,validation,1.9806571006774905
leukemia,concrete_autoencoder,ConcreteAutoencoder,5,5,46,validation,1.98113226890564
leukemia,concrete_autoencoder,ConcreteAutoencoder,5,5,47,validation,1.9822537899017332
leukemia,concrete_autoencoder,ConcreteAutoencoder,5,5,48,validation,1.982344508171081
leukemia,concrete_autoencoder,ConcreteAutoencoder,5,5,49,validation,1.983736038208008
leukemia,concrete_autoencoder,ConcreteAutoencoder,5,5,50,validation,1.9967941045761108
leukemia,concrete_autoencoder,ConcreteAutoencoder,5,5,51,validation,2.012878179550171
leukemia,concrete_autoencoder,ConcreteAutoencoder,5,5,52,validation,1.992501974105835
leukemia,concrete_autoencoder,ConcreteAutoencoder,5,5,53,validation,1.9929333925247192
leukemia,concrete_autoencoder,ConcreteAutoencoder,5,5,54,validation,1.993678331375122
leukemia,concrete_autoencoder,ConcreteAutoencoder,5,5,55,validation,1.987759113311768
leukemia,concrete_autoencoder,ConcreteAutoencoder,5,5,56,validation,1.986233472824097
leukemia,concrete_autoencoder,ConcreteAutoencoder,5,5,57,validation,1.9847028255462649
leukemia,concrete_autoencoder,ConcreteAutoencoder,5,5,58,validation,1.9829316139221191
leukemia,concrete_autoencoder,ConcreteAutoencoder,5,5,59,validation,1.9917997121810915
leukemia,concrete_autoencoder,ConcreteAutoencoder,5,5,60,validation,1.9899983406066892
leukemia,concrete_autoencoder,ConcreteAutoencoder,5,5,61,validation,1.988495230674744
leukemia,concrete_autoencoder,ConcreteAutoencoder,5,5,62,validation,1.9875788688659668
leukemia,concrete_autoencoder,ConcreteAutoencoder,5,5,63,validation,1.986813306808472
leukemia,concrete_autoencoder,ConcreteAutoencoder,5,5,64,validation,1.9852492809295652
leukemia,concrete_autoencoder,ConcreteAutoencoder,5,5,65,validation,1.9831212759017944
leukemia,concrete_autoencoder,ConcreteAutoencoder,5,5,66,validation,1.9816875457763672
leukemia,concrete_autoencoder,ConcreteAutoencoder,5,5,67,validation,1.980433702468872
leukemia,concrete_autoencoder,ConcreteAutoencoder,5,5,68,validation,1.97938871383667
leukemia,concrete_autoencoder,ConcreteAutoencoder,5,5,69,validation,1.979345679283142
leukemia,concrete_autoencoder,ConcreteAutoencoder,5,5,70,validation,1.9787335395812988
leukemia,concrete_autoencoder,ConcreteAutoencoder,5,5,71,validation,1.9603055715560915
leukemia,concrete_autoencoder,ConcreteAutoencoder,5,5,72,validation,1.9599487781524656
leukemia,concrete_autoencoder,ConcreteAutoencoder,5,5,73,validation,1.960741400718689
leukemia,concrete_autoencoder,ConcreteAutoencoder,5,5,74,validation,1.961666464805603
leukemia,concrete_autoencoder,ConcreteAutoencoder,5,5,75,validation,1.961463928222656
leukemia,concrete_autoencoder,ConcreteAutoencoder,5,5,76,validation,1.961344003677368
leukemia,concrete_autoencoder,ConcreteAutoencoder,5,5,77,validation,1.9607678651809688
leukemia,concrete_autoencoder,ConcreteAutoencoder,5,5,78,validation,1.959721803665161
leukemia,concrete_autoencoder,ConcreteAutoencoder,5,5,79,validation,1.9579824209213257
leukemia,concrete_autoencoder,ConcreteAutoencoder,5,5,80,validation,1.956255316734314
leukemia,concrete_autoencoder,ConcreteAutoencoder,5,5,81,validation,1.954638123512268
leukemia,concrete_autoencoder,ConcreteAutoencoder,5,5,82,validation,1.9536669254302976
leukemia,concrete_autoencoder,ConcreteAutoencoder,5,5,83,validation,1.9530705213546755
leukemia,concrete_autoencoder,ConcreteAutoencoder,5,5,84,validation,1.9521944522857664
leukemia,concrete_autoencoder,ConcreteAutoencoder,5,5,85,validation,1.9510256052017207
leukemia,concrete_autoencoder,ConcreteAutoencoder,5,5,86,validation,1.9499163627624512
leukemia,concrete_autoencoder,ConcreteAutoencoder,5,5,87,validation,1.9486870765686035
leukemia,concrete_autoencoder,ConcreteAutoencoder,5,5,88,validation,1.94780707359314
leukemia,concrete_autoencoder,ConcreteAutoencoder,5,5,89,validation,1.9469856023788448
leukemia,concrete_autoencoder,ConcreteAutoencoder,5,5,90,validation,1.946068525314331
leukemia,concrete_autoencoder,ConcreteAutoencoder,5,5,91,validation,1.9449093341827397
leukemia,concrete_autoencoder,ConcreteAutoencoder,5,5,92,validation,1.9440271854400637
leukemia,concrete_autoencoder,ConcreteAutoencoder,5,5,93,validation,1.943081021308899
leukemia,concrete_autoencoder,ConcreteAutoencoder,5,5,94,validation,1.9423390626907349
leukemia,concrete_autoencoder,ConcreteAutoencoder,5,5,95,validation,1.9422202110290527
leukemia,concrete_autoencoder,ConcreteAutoencoder,5,5,96,validation,1.9232773780822756
leukemia,concrete_autoencoder,ConcreteAutoencoder,5,5,97,validation,1.922565221786499
leukemia,concrete_autoencoder,ConcreteAutoencoder,5,5,98,validation,1.922120690345764
leukemia,concrete_autoencoder,ConcreteAutoencoder,5,5,99,validation,1.9218038320541384
leukemia,concrete_autoencoder,ConcreteAutoencoder,5,5,100,validation,1.9213206768035889
leukemia,concrete_autoencoder,ConcreteAutoencoder,1,1,1,train,2.246438503265381
leukemia,concrete_autoencoder,ConcreteAutoencoder,1,1,2,train,2.243912696838379
leukemia,concrete_autoencoder,ConcreteAutoencoder,1,1,3,train,2.241433620452881
leukemia,concrete_autoencoder,ConcreteAutoencoder,1,1,4,train,2.239104747772217
leukemia,concrete_autoencoder,ConcreteAutoencoder,1,1,5,train,2.236816167831421
leukemia,concrete_autoencoder,ConcreteAutoencoder,1,1,6,train,2.23452091217041
leukemia,concrete_autoencoder,ConcreteAutoencoder,1,1,7,train,2.232391834259033
leukemia,concrete_autoencoder,ConcreteAutoencoder,1,1,8,train,2.230013370513916
leukemia,concrete_autoencoder,ConcreteAutoencoder,1,1,9,train,2.2277841567993164
leukemia,concrete_autoencoder,ConcreteAutoencoder,1,1,10,train,2.225648641586304
leukemia,concrete_autoencoder,ConcreteAutoencoder,1,1,11,train,2.2235307693481445
leukemia,concrete_autoencoder,ConcreteAutoencoder,1,1,12,train,2.2215769290924072
leukemia,concrete_autoencoder,ConcreteAutoencoder,1,1,13,train,2.219162702560425
leukemia,concrete_autoencoder,ConcreteAutoencoder,1,1,14,train,2.217022180557251
leukemia,concrete_autoencoder,ConcreteAutoencoder,1,1,15,train,2.214829683303833
leukemia,concrete_autoencoder,ConcreteAutoencoder,1,1,16,train,2.2130286693573
leukemia,concrete_autoencoder,ConcreteAutoencoder,1,1,17,train,2.2108163833618164
leukemia,concrete_autoencoder,ConcreteAutoencoder,1,1,18,train,2.2087149620056152
leukemia,concrete_autoencoder,ConcreteAutoencoder,1,1,19,train,2.206563949584961
leukemia,concrete_autoencoder,ConcreteAutoencoder,1,1,20,train,2.204620122909546
leukemia,concrete_autoencoder,ConcreteAutoencoder,1,1,21,train,2.202481746673584
leukemia,concrete_autoencoder,ConcreteAutoencoder,1,1,22,train,2.200998067855835
leukemia,concrete_autoencoder,ConcreteAutoencoder,1,1,23,train,2.198798656463623
leukemia,concrete_autoencoder,ConcreteAutoencoder,1,1,24,train,2.1976327896118164
leukemia,concrete_autoencoder,ConcreteAutoencoder,1,1,25,train,2.194063186645508
leukemia,concrete_autoencoder,ConcreteAutoencoder,1,1,26,train,2.1944148540496826
leukemia,concrete_autoencoder,ConcreteAutoencoder,1,1,27,train,2.1905760765075684
leukemia,concrete_autoencoder,ConcreteAutoencoder,1,1,28,train,2.187601089477539
leukemia,concrete_autoencoder,ConcreteAutoencoder,1,1,29,train,2.18586540222168
leukemia,concrete_autoencoder,ConcreteAutoencoder,1,1,30,train,2.1848151683807373
leukemia,concrete_autoencoder,ConcreteAutoencoder,1,1,31,train,2.1802690029144287
leukemia,concrete_autoencoder,ConcreteAutoencoder,1,1,32,train,2.180856466293335
leukemia,concrete_autoencoder,ConcreteAutoencoder,1,1,33,train,2.179499864578247
leukemia,concrete_autoencoder,ConcreteAutoencoder,1,1,34,train,2.177466630935669
leukemia,concrete_autoencoder,ConcreteAutoencoder,1,1,35,train,2.16836166381836
leukemia,concrete_autoencoder,ConcreteAutoencoder,1,1,36,train,2.176851987838745
leukemia,concrete_autoencoder,ConcreteAutoencoder,1,1,37,train,2.1702167987823486
leukemia,concrete_autoencoder,ConcreteAutoencoder,1,1,38,train,2.161083698272705
leukemia,concrete_autoencoder,ConcreteAutoencoder,1,1,39,train,2.1837892532348637
leukemia,concrete_autoencoder,ConcreteAutoencoder,1,1,40,train,2.1748290061950684
leukemia,concrete_autoencoder,ConcreteAutoencoder,1,1,41,train,2.163001537322998
leukemia,concrete_autoencoder,ConcreteAutoencoder,1,1,42,train,2.2155933380126958
leukemia,concrete_autoencoder,ConcreteAutoencoder,1,1,43,train,2.1557767391204834
leukemia,concrete_autoencoder,ConcreteAutoencoder,1,1,44,train,2.14707088470459
leukemia,concrete_autoencoder,ConcreteAutoencoder,1,1,45,train,2.151234865188598
leukemia,concrete_autoencoder,ConcreteAutoencoder,1,1,46,train,2.165979146957397
leukemia,concrete_autoencoder,ConcreteAutoencoder,1,1,47,train,2.2287776470184326
leukemia,concrete_autoencoder,ConcreteAutoencoder,1,1,48,train,2.16399884223938
leukemia,concrete_autoencoder,ConcreteAutoencoder,1,1,49,train,2.185511350631714
leukemia,concrete_autoencoder,ConcreteAutoencoder,1,1,50,train,2.129848957061768
leukemia,concrete_autoencoder,ConcreteAutoencoder,1,1,51,train,2.172668933868408
leukemia,concrete_autoencoder,ConcreteAutoencoder,1,1,52,train,2.162553310394287
leukemia,concrete_autoencoder,ConcreteAutoencoder,1,1,53,train,2.209889888763428
leukemia,concrete_autoencoder,ConcreteAutoencoder,1,1,54,train,2.099684953689575
leukemia,concrete_autoencoder,ConcreteAutoencoder,1,1,55,train,2.180140495300293
leukemia,concrete_autoencoder,ConcreteAutoencoder,1,1,56,train,2.1817715167999268
leukemia,concrete_autoencoder,ConcreteAutoencoder,1,1,57,train,2.1462793350219727
leukemia,concrete_autoencoder,ConcreteAutoencoder,1,1,58,train,2.159030675888061
leukemia,concrete_autoencoder,ConcreteAutoencoder,1,1,59,train,2.161569356918335
leukemia,concrete_autoencoder,ConcreteAutoencoder,1,1,60,train,2.217032194137573
leukemia,concrete_autoencoder,ConcreteAutoencoder,1,1,61,train,2.176776170730591
leukemia,concrete_autoencoder,ConcreteAutoencoder,1,1,62,train,2.12056827545166
leukemia,concrete_autoencoder,ConcreteAutoencoder,1,1,63,train,2.161921501159668
leukemia,concrete_autoencoder,ConcreteAutoencoder,1,1,64,train,2.1424999237060547
leukemia,concrete_autoencoder,ConcreteAutoencoder,1,1,65,train,2.1069977283477783
leukemia,concrete_autoencoder,ConcreteAutoencoder,1,1,66,train,2.147704124450684
leukemia,concrete_autoencoder,ConcreteAutoencoder,1,1,67,train,2.1401143074035645
leukemia,concrete_autoencoder,ConcreteAutoencoder,1,1,68,train,2.1437435150146484
leukemia,concrete_autoencoder,ConcreteAutoencoder,1,1,69,train,2.094525098800659
leukemia,concrete_autoencoder,ConcreteAutoencoder,1,1,70,train,2.15243935585022
leukemia,concrete_autoencoder,ConcreteAutoencoder,1,1,71,train,2.1266746520996094
leukemia,concrete_autoencoder,ConcreteAutoencoder,1,1,72,train,2.287836790084839
leukemia,concrete_autoencoder,ConcreteAutoencoder,1,1,73,train,2.2305381298065186
leukemia,concrete_autoencoder,ConcreteAutoencoder,1,1,74,train,2.2303240299224854
leukemia,concrete_autoencoder,ConcreteAutoencoder,1,1,75,train,2.0866990089416504
leukemia,concrete_autoencoder,ConcreteAutoencoder,1,1,76,train,2.1000232696533203
leukemia,concrete_autoencoder,ConcreteAutoencoder,1,1,77,train,2.126630544662476
leukemia,concrete_autoencoder,ConcreteAutoencoder,1,1,78,train,2.2341859340667725
leukemia,concrete_autoencoder,ConcreteAutoencoder,1,1,79,train,2.180555582046509
leukemia,concrete_autoencoder,ConcreteAutoencoder,1,1,80,train,2.1101789474487305
leukemia,concrete_autoencoder,ConcreteAutoencoder,1,1,81,train,2.212311267852783
leukemia,concrete_autoencoder,ConcreteAutoencoder,1,1,82,train,2.1506175994873047
leukemia,concrete_autoencoder,ConcreteAutoencoder,1,1,83,train,2.125396251678467
leukemia,concrete_autoencoder,ConcreteAutoencoder,1,1,84,train,2.126370668411255
leukemia,concrete_autoencoder,ConcreteAutoencoder,1,1,85,train,2.1314094066619877
leukemia,concrete_autoencoder,ConcreteAutoencoder,1,1,86,train,2.0814194679260254
leukemia,concrete_autoencoder,ConcreteAutoencoder,1,1,87,train,2.17193865776062
leukemia,concrete_autoencoder,ConcreteAutoencoder,1,1,88,train,2.1848859786987305
leukemia,concrete_autoencoder,ConcreteAutoencoder,1,1,89,train,2.195844411849976
leukemia,concrete_autoencoder,ConcreteAutoencoder,1,1,90,train,2.2103121280670166
leukemia,concrete_autoencoder,ConcreteAutoencoder,1,1,91,train,2.205981492996216
leukemia,concrete_autoencoder,ConcreteAutoencoder,1,1,92,train,2.208789825439453
leukemia,concrete_autoencoder,ConcreteAutoencoder,1,1,93,train,2.1277318000793457
leukemia,concrete_autoencoder,ConcreteAutoencoder,1,1,94,train,2.0780906677246094
leukemia,concrete_autoencoder,ConcreteAutoencoder,1,1,95,train,2.2822461128234863
leukemia,concrete_autoencoder,ConcreteAutoencoder,1,1,96,train,2.2281110286712646
leukemia,concrete_autoencoder,ConcreteAutoencoder,1,1,97,train,2.242311716079712
leukemia,concrete_autoencoder,ConcreteAutoencoder,1,1,98,train,2.1056997776031494
leukemia,concrete_autoencoder,ConcreteAutoencoder,1,1,99,train,2.196658134460449
leukemia,concrete_autoencoder,ConcreteAutoencoder,1,1,100,train,2.1488523483276367
leukemia,concrete_autoencoder,ConcreteAutoencoder,1,1,1,validation,2.1351943016052246
leukemia,concrete_autoencoder,ConcreteAutoencoder,1,1,2,validation,2.1358017921447754
leukemia,concrete_autoencoder,ConcreteAutoencoder,1,1,3,validation,2.136436939239502
leukemia,concrete_autoencoder,ConcreteAutoencoder,1,1,4,validation,2.137345552444458
leukemia,concrete_autoencoder,ConcreteAutoencoder,1,1,5,validation,2.1230623722076416
leukemia,concrete_autoencoder,ConcreteAutoencoder,1,1,6,validation,2.1210691928863525
leukemia,concrete_autoencoder,ConcreteAutoencoder,1,1,7,validation,2.119131565093994
leukemia,concrete_autoencoder,ConcreteAutoencoder,1,1,8,validation,2.117292642593384
leukemia,concrete_autoencoder,ConcreteAutoencoder,1,1,9,validation,2.115484952926636
leukemia,concrete_autoencoder,ConcreteAutoencoder,1,1,10,validation,2.1136605739593506
leukemia,concrete_autoencoder,ConcreteAutoencoder,1,1,11,validation,2.1119306087493896
leukemia,concrete_autoencoder,ConcreteAutoencoder,1,1,12,validation,2.110316753387451
leukemia,concrete_autoencoder,ConcreteAutoencoder,1,1,13,validation,2.108754396438598
leukemia,concrete_autoencoder,ConcreteAutoencoder,1,1,14,validation,2.107182741165161
leukemia,concrete_autoencoder,ConcreteAutoencoder,1,1,15,validation,2.1057138442993164
leukemia,concrete_autoencoder,ConcreteAutoencoder,1,1,16,validation,2.1042914390563965
leukemia,concrete_autoencoder,ConcreteAutoencoder,1,1,17,validation,2.1028318405151367
leukemia,concrete_autoencoder,ConcreteAutoencoder,1,1,18,validation,2.101483106613159
leukemia,concrete_autoencoder,ConcreteAutoencoder,1,1,19,validation,2.100188732147217
leukemia,concrete_autoencoder,ConcreteAutoencoder,1,1,20,validation,2.098917245864868
leukemia,concrete_autoencoder,ConcreteAutoencoder,1,1,21,validation,2.097738027572632
leukemia,concrete_autoencoder,ConcreteAutoencoder,1,1,22,validation,2.096592426300049
leukemia,concrete_autoencoder,ConcreteAutoencoder,1,1,23,validation,2.0955162048339844
leukemia,concrete_autoencoder,ConcreteAutoencoder,1,1,24,validation,2.094548463821411
leukemia,concrete_autoencoder,ConcreteAutoencoder,1,1,25,validation,2.0936315059661865
leukemia,concrete_autoencoder,ConcreteAutoencoder,1,1,26,validation,2.09270977973938
leukemia,concrete_autoencoder,ConcreteAutoencoder,1,1,27,validation,2.091905355453491
leukemia,concrete_autoencoder,ConcreteAutoencoder,1,1,28,validation,2.0910229682922363
leukemia,concrete_autoencoder,ConcreteAutoencoder,1,1,29,validation,2.090160131454468
leukemia,concrete_autoencoder,ConcreteAutoencoder,1,1,30,validation,2.0894112586975098
leukemia,concrete_autoencoder,ConcreteAutoencoder,1,1,31,validation,2.0886244773864746
leukemia,concrete_autoencoder,ConcreteAutoencoder,1,1,32,validation,2.0879194736480717
leukemia,concrete_autoencoder,ConcreteAutoencoder,1,1,33,validation,2.0873799324035645
leukemia,concrete_autoencoder,ConcreteAutoencoder,1,1,34,validation,2.086838960647583
leukemia,concrete_autoencoder,ConcreteAutoencoder,1,1,35,validation,2.0862693786621094
leukemia,concrete_autoencoder,ConcreteAutoencoder,1,1,36,validation,2.0856733322143555
leukemia,concrete_autoencoder,ConcreteAutoencoder,1,1,37,validation,2.085326671600342
leukemia,concrete_autoencoder,ConcreteAutoencoder,1,1,38,validation,2.0849051475524902
leukemia,concrete_autoencoder,ConcreteAutoencoder,1,1,39,validation,2.084548234939575
leukemia,concrete_autoencoder,ConcreteAutoencoder,1,1,40,validation,2.084359169006348
leukemia,concrete_autoencoder,ConcreteAutoencoder,1,1,41,validation,2.084020137786865
leukemia,concrete_autoencoder,ConcreteAutoencoder,1,1,42,validation,2.0493881702423096
leukemia,concrete_autoencoder,ConcreteAutoencoder,1,1,43,validation,2.048225879669189
leukemia,concrete_autoencoder,ConcreteAutoencoder,1,1,44,validation,2.046743631362915
leukemia,concrete_autoencoder,ConcreteAutoencoder,1,1,45,validation,2.04516339302063
leukemia,concrete_autoencoder,ConcreteAutoencoder,1,1,46,validation,2.0439822673797607
leukemia,concrete_autoencoder,ConcreteAutoencoder,1,1,47,validation,2.043278694152832
leukemia,concrete_autoencoder,ConcreteAutoencoder,1,1,48,validation,2.042917013168335
leukemia,concrete_autoencoder,ConcreteAutoencoder,1,1,49,validation,2.042404890060425
leukemia,concrete_autoencoder,ConcreteAutoencoder,1,1,50,validation,2.0415217876434326
leukemia,concrete_autoencoder,ConcreteAutoencoder,1,1,51,validation,2.0402848720550537
leukemia,concrete_autoencoder,ConcreteAutoencoder,1,1,52,validation,2.039052248001098
leukemia,concrete_autoencoder,ConcreteAutoencoder,1,1,53,validation,2.038456916809082
leukemia,concrete_autoencoder,ConcreteAutoencoder,1,1,54,validation,2.0375866889953613
leukemia,concrete_autoencoder,ConcreteAutoencoder,1,1,55,validation,2.036862850189209
leukemia,concrete_autoencoder,ConcreteAutoencoder,1,1,56,validation,2.036334276199341
leukemia,concrete_autoencoder,ConcreteAutoencoder,1,1,57,validation,2.0356390476226807
leukemia,concrete_autoencoder,ConcreteAutoencoder,1,1,58,validation,2.0350611209869385
leukemia,concrete_autoencoder,ConcreteAutoencoder,1,1,59,validation,2.0779569149017334
leukemia,concrete_autoencoder,ConcreteAutoencoder,1,1,60,validation,2.077923059463501
leukemia,concrete_autoencoder,ConcreteAutoencoder,1,1,61,validation,2.078132390975952
leukemia,concrete_autoencoder,ConcreteAutoencoder,1,1,62,validation,2.0781731605529785
leukemia,concrete_autoencoder,ConcreteAutoencoder,1,1,63,validation,2.0777013301849365
leukemia,concrete_autoencoder,ConcreteAutoencoder,1,1,64,validation,2.077252149581909
leukemia,concrete_autoencoder,ConcreteAutoencoder,1,1,65,validation,2.0768256187438965
leukemia,concrete_autoencoder,ConcreteAutoencoder,1,1,66,validation,2.0765161514282227
leukemia,concrete_autoencoder,ConcreteAutoencoder,1,1,67,validation,2.076097011566162
leukemia,concrete_autoencoder,ConcreteAutoencoder,1,1,68,validation,2.075628757476806
leukemia,concrete_autoencoder,ConcreteAutoencoder,1,1,69,validation,2.075251579284668
leukemia,concrete_autoencoder,ConcreteAutoencoder,1,1,70,validation,2.074889659881592
leukemia,concrete_autoencoder,ConcreteAutoencoder,1,1,71,validation,2.074655771255493
leukemia,concrete_autoencoder,ConcreteAutoencoder,1,1,72,validation,2.074493169784546
leukemia,concrete_autoencoder,ConcreteAutoencoder,1,1,73,validation,2.074427366256714
leukemia,concrete_autoencoder,ConcreteAutoencoder,1,1,74,validation,2.074568033218384
leukemia,concrete_autoencoder,ConcreteAutoencoder,1,1,75,validation,2.074596881866455
leukemia,concrete_autoencoder,ConcreteAutoencoder,1,1,76,validation,2.074418783187866
leukemia,concrete_autoencoder,ConcreteAutoencoder,1,1,77,validation,2.073870182037353
leukemia,concrete_autoencoder,ConcreteAutoencoder,1,1,78,validation,2.0735127925872803
leukemia,concrete_autoencoder,ConcreteAutoencoder,1,1,79,validation,2.073005199432373
leukemia,concrete_autoencoder,ConcreteAutoencoder,1,1,80,validation,2.072540521621704
leukemia,concrete_autoencoder,ConcreteAutoencoder,1,1,81,validation,2.072364568710327
leukemia,concrete_autoencoder,ConcreteAutoencoder,1,1,82,validation,2.072098970413208
leukemia,concrete_autoencoder,ConcreteAutoencoder,1,1,83,validation,2.0717215538024902
leukemia,concrete_autoencoder,ConcreteAutoencoder,1,1,84,validation,2.0714128017425537
leukemia,concrete_autoencoder,ConcreteAutoencoder,1,1,85,validation,2.0711586475372314
leukemia,concrete_autoencoder,ConcreteAutoencoder,1,1,86,validation,2.070961236953736
leukemia,concrete_autoencoder,ConcreteAutoencoder,1,1,87,validation,2.070838689804077
leukemia,concrete_autoencoder,ConcreteAutoencoder,1,1,88,validation,2.070744037628174
leukemia,concrete_autoencoder,ConcreteAutoencoder,1,1,89,validation,2.070598602294922
leukemia,concrete_autoencoder,ConcreteAutoencoder,1,1,90,validation,2.0705292224884038
leukemia,concrete_autoencoder,ConcreteAutoencoder,1,1,91,validation,2.070475816726685
leukemia,concrete_autoencoder,ConcreteAutoencoder,1,1,92,validation,2.070534467697144
leukemia,concrete_autoencoder,ConcreteAutoencoder,1,1,93,validation,2.070606470108032
leukemia,concrete_autoencoder,ConcreteAutoencoder,1,1,94,validation,2.070542097091675
leukemia,concrete_autoencoder,ConcreteAutoencoder,1,1,95,validation,2.0705275535583496
leukemia,concrete_autoencoder,ConcreteAutoencoder,1,1,96,validation,2.0705506801605225
leukemia,concrete_autoencoder,ConcreteAutoencoder,1,1,97,validation,2.0706357955932617
leukemia,concrete_autoencoder,ConcreteAutoencoder,1,1,98,validation,2.0707812309265137
leukemia,concrete_autoencoder,ConcreteAutoencoder,1,1,99,validation,2.070929288864136
leukemia,concrete_autoencoder,ConcreteAutoencoder,1,1,100,validation,2.07098126411438
madelon,concrete_autoencoder,ConcreteAutoencoder,60,60,1,train,19357.181640625
madelon,concrete_autoencoder,ConcreteAutoencoder,60,60,2,train,923.1935424804688
madelon,concrete_autoencoder,ConcreteAutoencoder,60,60,3,train,926.892822265625
madelon,concrete_autoencoder,ConcreteAutoencoder,60,60,4,train,930.4199829101562
madelon,concrete_autoencoder,ConcreteAutoencoder,60,60,5,train,932.5181884765625
madelon,concrete_autoencoder,ConcreteAutoencoder,60,60,6,train,934.11572265625
madelon,concrete_autoencoder,ConcreteAutoencoder,60,60,7,train,936.5650024414062
madelon,concrete_autoencoder,ConcreteAutoencoder,60,60,8,train,936.4725952148438
madelon,concrete_autoencoder,ConcreteAutoencoder,60,60,9,train,938.5795288085938
madelon,concrete_autoencoder,ConcreteAutoencoder,60,60,10,train,938.2940063476562
madelon,concrete_autoencoder,ConcreteAutoencoder,60,60,11,train,941.8018798828125
madelon,concrete_autoencoder,ConcreteAutoencoder,60,60,12,train,945.5965576171875
madelon,concrete_autoencoder,ConcreteAutoencoder,60,60,13,train,944.7664184570312
madelon,concrete_autoencoder,ConcreteAutoencoder,60,60,14,train,945.8699951171875
madelon,concrete_autoencoder,ConcreteAutoencoder,60,60,15,train,948.7155151367188
madelon,concrete_autoencoder,ConcreteAutoencoder,60,60,16,train,947.6613159179688
madelon,concrete_autoencoder,ConcreteAutoencoder,60,60,17,train,950.0868530273438
madelon,concrete_autoencoder,ConcreteAutoencoder,60,60,18,train,952.0361938476562
madelon,concrete_autoencoder,ConcreteAutoencoder,60,60,19,train,952.2147216796875
madelon,concrete_autoencoder,ConcreteAutoencoder,60,60,20,train,952.0558471679688
madelon,concrete_autoencoder,ConcreteAutoencoder,60,60,21,train,952.0879516601562
madelon,concrete_autoencoder,ConcreteAutoencoder,60,60,22,train,952.11767578125
madelon,concrete_autoencoder,ConcreteAutoencoder,60,60,23,train,954.7332763671875
madelon,concrete_autoencoder,ConcreteAutoencoder,60,60,24,train,949.3786010742188
madelon,concrete_autoencoder,ConcreteAutoencoder,60,60,25,train,949.2280883789062
madelon,concrete_autoencoder,ConcreteAutoencoder,60,60,26,train,953.4385986328125
madelon,concrete_autoencoder,ConcreteAutoencoder,60,60,27,train,952.160888671875
madelon,concrete_autoencoder,ConcreteAutoencoder,60,60,28,train,951.6747436523438
madelon,concrete_autoencoder,ConcreteAutoencoder,60,60,29,train,947.8522338867188
madelon,concrete_autoencoder,ConcreteAutoencoder,60,60,30,train,946.3026123046875
madelon,concrete_autoencoder,ConcreteAutoencoder,60,60,31,train,948.1857299804688
madelon,concrete_autoencoder,ConcreteAutoencoder,60,60,32,train,945.507568359375
madelon,concrete_autoencoder,ConcreteAutoencoder,60,60,33,train,944.60888671875
madelon,concrete_autoencoder,ConcreteAutoencoder,60,60,34,train,940.1445922851562
madelon,concrete_autoencoder,ConcreteAutoencoder,60,60,35,train,942.880859375
madelon,concrete_autoencoder,ConcreteAutoencoder,60,60,36,train,939.1262817382812
madelon,concrete_autoencoder,ConcreteAutoencoder,60,60,37,train,934.8412475585938
madelon,concrete_autoencoder,ConcreteAutoencoder,60,60,38,train,931.1656494140625
madelon,concrete_autoencoder,ConcreteAutoencoder,60,60,39,train,922.96142578125
madelon,concrete_autoencoder,ConcreteAutoencoder,60,60,40,train,926.1693115234375
madelon,concrete_autoencoder,ConcreteAutoencoder,60,60,41,train,922.82470703125
madelon,concrete_autoencoder,ConcreteAutoencoder,60,60,42,train,926.9473876953125
madelon,concrete_autoencoder,ConcreteAutoencoder,60,60,43,train,920.9851684570312
madelon,concrete_autoencoder,ConcreteAutoencoder,60,60,44,train,921.7706909179688
madelon,concrete_autoencoder,ConcreteAutoencoder,60,60,45,train,916.821044921875
madelon,concrete_autoencoder,ConcreteAutoencoder,60,60,46,train,919.1284790039062
madelon,concrete_autoencoder,ConcreteAutoencoder,60,60,47,train,923.0441284179688
madelon,concrete_autoencoder,ConcreteAutoencoder,60,60,48,train,926.2011108398438
madelon,concrete_autoencoder,ConcreteAutoencoder,60,60,49,train,918.59375
madelon,concrete_autoencoder,ConcreteAutoencoder,60,60,50,train,919.8240966796875
madelon,concrete_autoencoder,ConcreteAutoencoder,60,60,51,train,915.8243408203125
madelon,concrete_autoencoder,ConcreteAutoencoder,60,60,52,train,908.1318359375
madelon,concrete_autoencoder,ConcreteAutoencoder,60,60,53,train,911.1143798828125
madelon,concrete_autoencoder,ConcreteAutoencoder,60,60,54,train,904.9888916015625
madelon,concrete_autoencoder,ConcreteAutoencoder,60,60,55,train,906.091552734375
madelon,concrete_autoencoder,ConcreteAutoencoder,60,60,56,train,899.5780029296875
madelon,concrete_autoencoder,ConcreteAutoencoder,60,60,57,train,897.1472778320312
madelon,concrete_autoencoder,ConcreteAutoencoder,60,60,58,train,896.4564819335938
madelon,concrete_autoencoder,ConcreteAutoencoder,60,60,59,train,885.450927734375
madelon,concrete_autoencoder,ConcreteAutoencoder,60,60,60,train,878.8035888671875
madelon,concrete_autoencoder,ConcreteAutoencoder,60,60,61,train,878.2128295898438
madelon,concrete_autoencoder,ConcreteAutoencoder,60,60,62,train,868.593994140625
madelon,concrete_autoencoder,ConcreteAutoencoder,60,60,63,train,868.0119018554688
madelon,concrete_autoencoder,ConcreteAutoencoder,60,60,64,train,868.9920654296875
madelon,concrete_autoencoder,ConcreteAutoencoder,60,60,65,train,860.9287109375
madelon,concrete_autoencoder,ConcreteAutoencoder,60,60,66,train,854.8594970703125
madelon,concrete_autoencoder,ConcreteAutoencoder,60,60,67,train,850.045654296875
madelon,concrete_autoencoder,ConcreteAutoencoder,60,60,68,train,842.9406127929688
madelon,concrete_autoencoder,ConcreteAutoencoder,60,60,69,train,844.8784790039062
madelon,concrete_autoencoder,ConcreteAutoencoder,60,60,70,train,835.012939453125
madelon,concrete_autoencoder,ConcreteAutoencoder,60,60,71,train,835.8759765625
madelon,concrete_autoencoder,ConcreteAutoencoder,60,60,72,train,837.3595581054688
madelon,concrete_autoencoder,ConcreteAutoencoder,60,60,73,train,829.6434326171875
madelon,concrete_autoencoder,ConcreteAutoencoder,60,60,74,train,829.328857421875
madelon,concrete_autoencoder,ConcreteAutoencoder,60,60,75,train,822.5377197265625
madelon,concrete_autoencoder,ConcreteAutoencoder,60,60,76,train,823.3768310546875
madelon,concrete_autoencoder,ConcreteAutoencoder,60,60,77,train,817.1504516601562
madelon,concrete_autoencoder,ConcreteAutoencoder,60,60,78,train,814.9920043945312
madelon,concrete_autoencoder,ConcreteAutoencoder,60,60,79,train,816.8860473632812
madelon,concrete_autoencoder,ConcreteAutoencoder,60,60,80,train,806.8955078125
madelon,concrete_autoencoder,ConcreteAutoencoder,60,60,81,train,807.7975463867188
madelon,concrete_autoencoder,ConcreteAutoencoder,60,60,82,train,804.6019287109375
madelon,concrete_autoencoder,ConcreteAutoencoder,60,60,83,train,801.5008544921875
madelon,concrete_autoencoder,ConcreteAutoencoder,60,60,84,train,801.671875
madelon,concrete_autoencoder,ConcreteAutoencoder,60,60,85,train,799.4185791015625
madelon,concrete_autoencoder,ConcreteAutoencoder,60,60,86,train,806.4554443359375
madelon,concrete_autoencoder,ConcreteAutoencoder,60,60,87,train,798.829833984375
madelon,concrete_autoencoder,ConcreteAutoencoder,60,60,88,train,797.4306640625
madelon,concrete_autoencoder,ConcreteAutoencoder,60,60,89,train,793.2547607421875
madelon,concrete_autoencoder,ConcreteAutoencoder,60,60,90,train,787.9805297851562
madelon,concrete_autoencoder,ConcreteAutoencoder,60,60,91,train,787.8710327148438
madelon,concrete_autoencoder,ConcreteAutoencoder,60,60,92,train,788.1550903320312
madelon,concrete_autoencoder,ConcreteAutoencoder,60,60,93,train,789.2448120117188
madelon,concrete_autoencoder,ConcreteAutoencoder,60,60,94,train,779.5764770507812
madelon,concrete_autoencoder,ConcreteAutoencoder,60,60,95,train,782.1158447265625
madelon,concrete_autoencoder,ConcreteAutoencoder,60,60,96,train,780.03662109375
madelon,concrete_autoencoder,ConcreteAutoencoder,60,60,97,train,777.8023681640625
madelon,concrete_autoencoder,ConcreteAutoencoder,60,60,98,train,779.9519653320312
madelon,concrete_autoencoder,ConcreteAutoencoder,60,60,99,train,775.9439086914062
madelon,concrete_autoencoder,ConcreteAutoencoder,60,60,100,train,779.9445190429688
madelon,concrete_autoencoder,ConcreteAutoencoder,60,60,1,validation,1135.24462890625
madelon,concrete_autoencoder,ConcreteAutoencoder,60,60,2,validation,1527.084716796875
madelon,concrete_autoencoder,ConcreteAutoencoder,60,60,3,validation,2438.768310546875
madelon,concrete_autoencoder,ConcreteAutoencoder,60,60,4,validation,2620.585693359375
madelon,concrete_autoencoder,ConcreteAutoencoder,60,60,5,validation,2858.5751953125
madelon,concrete_autoencoder,ConcreteAutoencoder,60,60,6,validation,3113.519775390625
madelon,concrete_autoencoder,ConcreteAutoencoder,60,60,7,validation,3121.583740234375
madelon,concrete_autoencoder,ConcreteAutoencoder,60,60,8,validation,3131.493896484375
madelon,concrete_autoencoder,ConcreteAutoencoder,60,60,9,validation,3150.278076171875
madelon,concrete_autoencoder,ConcreteAutoencoder,60,60,10,validation,3144.28662109375
madelon,concrete_autoencoder,ConcreteAutoencoder,60,60,11,validation,3139.409912109375
madelon,concrete_autoencoder,ConcreteAutoencoder,60,60,12,validation,3156.65771484375
madelon,concrete_autoencoder,ConcreteAutoencoder,60,60,13,validation,3076.11083984375
madelon,concrete_autoencoder,ConcreteAutoencoder,60,60,14,validation,3088.285888671875
madelon,concrete_autoencoder,ConcreteAutoencoder,60,60,15,validation,3025.81982421875
madelon,concrete_autoencoder,ConcreteAutoencoder,60,60,16,validation,3070.639892578125
madelon,concrete_autoencoder,ConcreteAutoencoder,60,60,17,validation,3044.22119140625
madelon,concrete_autoencoder,ConcreteAutoencoder,60,60,18,validation,3049.262939453125
madelon,concrete_autoencoder,ConcreteAutoencoder,60,60,19,validation,3016.842041015625
madelon,concrete_autoencoder,ConcreteAutoencoder,60,60,20,validation,3024.3017578125
madelon,concrete_autoencoder,ConcreteAutoencoder,60,60,21,validation,3028.71435546875
madelon,concrete_autoencoder,ConcreteAutoencoder,60,60,22,validation,3031.536376953125
madelon,concrete_autoencoder,ConcreteAutoencoder,60,60,23,validation,3016.636474609375
madelon,concrete_autoencoder,ConcreteAutoencoder,60,60,24,validation,3031.6337890625
madelon,concrete_autoencoder,ConcreteAutoencoder,60,60,25,validation,3002.987060546875
madelon,concrete_autoencoder,ConcreteAutoencoder,60,60,26,validation,3004.467529296875
madelon,concrete_autoencoder,ConcreteAutoencoder,60,60,27,validation,2961.5625
madelon,concrete_autoencoder,ConcreteAutoencoder,60,60,28,validation,2936.832275390625
madelon,concrete_autoencoder,ConcreteAutoencoder,60,60,29,validation,2817.1328125
madelon,concrete_autoencoder,ConcreteAutoencoder,60,60,30,validation,2682.865478515625
madelon,concrete_autoencoder,ConcreteAutoencoder,60,60,31,validation,2686.298095703125
madelon,concrete_autoencoder,ConcreteAutoencoder,60,60,32,validation,2523.124755859375
madelon,concrete_autoencoder,ConcreteAutoencoder,60,60,33,validation,2404.105224609375
madelon,concrete_autoencoder,ConcreteAutoencoder,60,60,34,validation,2373.613037109375
madelon,concrete_autoencoder,ConcreteAutoencoder,60,60,35,validation,2280.035400390625
madelon,concrete_autoencoder,ConcreteAutoencoder,60,60,36,validation,2188.81982421875
madelon,concrete_autoencoder,ConcreteAutoencoder,60,60,37,validation,2093.71630859375
madelon,concrete_autoencoder,ConcreteAutoencoder,60,60,38,validation,2055.147705078125
madelon,concrete_autoencoder,ConcreteAutoencoder,60,60,39,validation,1971.730712890625
madelon,concrete_autoencoder,ConcreteAutoencoder,60,60,40,validation,1882.718994140625
madelon,concrete_autoencoder,ConcreteAutoencoder,60,60,41,validation,1883.8212890625
madelon,concrete_autoencoder,ConcreteAutoencoder,60,60,42,validation,1818.896484375
madelon,concrete_autoencoder,ConcreteAutoencoder,60,60,43,validation,1819.3009033203125
madelon,concrete_autoencoder,ConcreteAutoencoder,60,60,44,validation,1766.28857421875
madelon,concrete_autoencoder,ConcreteAutoencoder,60,60,45,validation,1655.091796875
madelon,concrete_autoencoder,ConcreteAutoencoder,60,60,46,validation,1663.058349609375
madelon,concrete_autoencoder,ConcreteAutoencoder,60,60,47,validation,1630.685791015625
madelon,concrete_autoencoder,ConcreteAutoencoder,60,60,48,validation,1629.598876953125
madelon,concrete_autoencoder,ConcreteAutoencoder,60,60,49,validation,1603.2960205078125
madelon,concrete_autoencoder,ConcreteAutoencoder,60,60,50,validation,1566.091552734375
madelon,concrete_autoencoder,ConcreteAutoencoder,60,60,51,validation,1540.765380859375
madelon,concrete_autoencoder,ConcreteAutoencoder,60,60,52,validation,1533.237060546875
madelon,concrete_autoencoder,ConcreteAutoencoder,60,60,53,validation,1440.6689453125
madelon,concrete_autoencoder,ConcreteAutoencoder,60,60,54,validation,1442.2611083984375
madelon,concrete_autoencoder,ConcreteAutoencoder,60,60,55,validation,1367.9964599609375
madelon,concrete_autoencoder,ConcreteAutoencoder,60,60,56,validation,1339.2808837890625
madelon,concrete_autoencoder,ConcreteAutoencoder,60,60,57,validation,1326.8668212890625
madelon,concrete_autoencoder,ConcreteAutoencoder,60,60,58,validation,1297.6016845703125
madelon,concrete_autoencoder,ConcreteAutoencoder,60,60,59,validation,1258.8037109375
madelon,concrete_autoencoder,ConcreteAutoencoder,60,60,60,validation,1255.885986328125
madelon,concrete_autoencoder,ConcreteAutoencoder,60,60,61,validation,1200.2640380859375
madelon,concrete_autoencoder,ConcreteAutoencoder,60,60,62,validation,1166.5216064453125
madelon,concrete_autoencoder,ConcreteAutoencoder,60,60,63,validation,1164.7850341796875
madelon,concrete_autoencoder,ConcreteAutoencoder,60,60,64,validation,1139.7803955078125
madelon,concrete_autoencoder,ConcreteAutoencoder,60,60,65,validation,1079.9644775390625
madelon,concrete_autoencoder,ConcreteAutoencoder,60,60,66,validation,1110.6937255859375
madelon,concrete_autoencoder,ConcreteAutoencoder,60,60,67,validation,1098.9178466796875
madelon,concrete_autoencoder,ConcreteAutoencoder,60,60,68,validation,1056.9365234375
madelon,concrete_autoencoder,ConcreteAutoencoder,60,60,69,validation,1003.4736328125
madelon,concrete_autoencoder,ConcreteAutoencoder,60,60,70,validation,988.0137939453125
madelon,concrete_autoencoder,ConcreteAutoencoder,60,60,71,validation,987.212646484375
madelon,concrete_autoencoder,ConcreteAutoencoder,60,60,72,validation,963.427734375
madelon,concrete_autoencoder,ConcreteAutoencoder,60,60,73,validation,961.6416015625
madelon,concrete_autoencoder,ConcreteAutoencoder,60,60,74,validation,969.3280639648438
madelon,concrete_autoencoder,ConcreteAutoencoder,60,60,75,validation,979.2838745117188
madelon,concrete_autoencoder,ConcreteAutoencoder,60,60,76,validation,938.4439086914062
madelon,concrete_autoencoder,ConcreteAutoencoder,60,60,77,validation,932.274169921875
madelon,concrete_autoencoder,ConcreteAutoencoder,60,60,78,validation,925.8275146484375
madelon,concrete_autoencoder,ConcreteAutoencoder,60,60,79,validation,931.207275390625
madelon,concrete_autoencoder,ConcreteAutoencoder,60,60,80,validation,928.4395141601562
madelon,concrete_autoencoder,ConcreteAutoencoder,60,60,81,validation,911.7615966796875
madelon,concrete_autoencoder,ConcreteAutoencoder,60,60,82,validation,905.7083740234375
madelon,concrete_autoencoder,ConcreteAutoencoder,60,60,83,validation,924.1513671875
madelon,concrete_autoencoder,ConcreteAutoencoder,60,60,84,validation,887.6185302734375
madelon,concrete_autoencoder,ConcreteAutoencoder,60,60,85,validation,912.662109375
madelon,concrete_autoencoder,ConcreteAutoencoder,60,60,86,validation,886.9334716796875
madelon,concrete_autoencoder,ConcreteAutoencoder,60,60,87,validation,881.2557983398438
madelon,concrete_autoencoder,ConcreteAutoencoder,60,60,88,validation,874.4390258789062
madelon,concrete_autoencoder,ConcreteAutoencoder,60,60,89,validation,869.2449951171875
madelon,concrete_autoencoder,ConcreteAutoencoder,60,60,90,validation,885.4974365234375
madelon,concrete_autoencoder,ConcreteAutoencoder,60,60,91,validation,862.7395629882812
madelon,concrete_autoencoder,ConcreteAutoencoder,60,60,92,validation,866.5637817382812
madelon,concrete_autoencoder,ConcreteAutoencoder,60,60,93,validation,865.1024169921875
madelon,concrete_autoencoder,ConcreteAutoencoder,60,60,94,validation,860.9814453125
madelon,concrete_autoencoder,ConcreteAutoencoder,60,60,95,validation,861.4594116210938
madelon,concrete_autoencoder,ConcreteAutoencoder,60,60,96,validation,874.037109375
madelon,concrete_autoencoder,ConcreteAutoencoder,60,60,97,validation,851.225341796875
madelon,concrete_autoencoder,ConcreteAutoencoder,60,60,98,validation,851.672119140625
madelon,concrete_autoencoder,ConcreteAutoencoder,60,60,99,validation,845.3645629882812
madelon,concrete_autoencoder,ConcreteAutoencoder,60,60,100,validation,839.3651733398438
madelon,concrete_autoencoder,ConcreteAutoencoder,30,30,1,train,32416.73828125
madelon,concrete_autoencoder,ConcreteAutoencoder,30,30,2,train,913.7542114257812
madelon,concrete_autoencoder,ConcreteAutoencoder,30,30,3,train,915.4822387695312
madelon,concrete_autoencoder,ConcreteAutoencoder,30,30,4,train,916.6744384765625
madelon,concrete_autoencoder,ConcreteAutoencoder,30,30,5,train,917.4281005859375
madelon,concrete_autoencoder,ConcreteAutoencoder,30,30,6,train,919.337890625
madelon,concrete_autoencoder,ConcreteAutoencoder,30,30,7,train,918.8198852539062
madelon,concrete_autoencoder,ConcreteAutoencoder,30,30,8,train,919.8804931640625
madelon,concrete_autoencoder,ConcreteAutoencoder,30,30,9,train,920.7430419921875
madelon,concrete_autoencoder,ConcreteAutoencoder,30,30,10,train,921.4640502929688
madelon,concrete_autoencoder,ConcreteAutoencoder,30,30,11,train,921.97412109375
madelon,concrete_autoencoder,ConcreteAutoencoder,30,30,12,train,923.7689208984375
madelon,concrete_autoencoder,ConcreteAutoencoder,30,30,13,train,924.3292846679688
madelon,concrete_autoencoder,ConcreteAutoencoder,30,30,14,train,923.5668334960938
madelon,concrete_autoencoder,ConcreteAutoencoder,30,30,15,train,924.601806640625
madelon,concrete_autoencoder,ConcreteAutoencoder,30,30,16,train,925.7839965820312
madelon,concrete_autoencoder,ConcreteAutoencoder,30,30,17,train,927.1939697265625
madelon,concrete_autoencoder,ConcreteAutoencoder,30,30,18,train,927.0269165039062
madelon,concrete_autoencoder,ConcreteAutoencoder,30,30,19,train,929.38623046875
madelon,concrete_autoencoder,ConcreteAutoencoder,30,30,20,train,927.2200317382812
madelon,concrete_autoencoder,ConcreteAutoencoder,30,30,21,train,928.6898193359375
madelon,concrete_autoencoder,ConcreteAutoencoder,30,30,22,train,930.2911987304688
madelon,concrete_autoencoder,ConcreteAutoencoder,30,30,23,train,930.4445190429688
madelon,concrete_autoencoder,ConcreteAutoencoder,30,30,24,train,931.5040893554688
madelon,concrete_autoencoder,ConcreteAutoencoder,30,30,25,train,929.7404174804688
madelon,concrete_autoencoder,ConcreteAutoencoder,30,30,26,train,929.4146728515625
madelon,concrete_autoencoder,ConcreteAutoencoder,30,30,27,train,930.45556640625
madelon,concrete_autoencoder,ConcreteAutoencoder,30,30,28,train,932.9542236328125
madelon,concrete_autoencoder,ConcreteAutoencoder,30,30,29,train,930.8137817382812
madelon,concrete_autoencoder,ConcreteAutoencoder,30,30,30,train,930.0244140625
madelon,concrete_autoencoder,ConcreteAutoencoder,30,30,31,train,932.5503540039062
madelon,concrete_autoencoder,ConcreteAutoencoder,30,30,32,train,931.2134399414062
madelon,concrete_autoencoder,ConcreteAutoencoder,30,30,33,train,933.3091430664062
madelon,concrete_autoencoder,ConcreteAutoencoder,30,30,34,train,932.577392578125
madelon,concrete_autoencoder,ConcreteAutoencoder,30,30,35,train,931.5347290039062
madelon,concrete_autoencoder,ConcreteAutoencoder,30,30,36,train,932.7950439453125
madelon,concrete_autoencoder,ConcreteAutoencoder,30,30,37,train,932.1889038085938
madelon,concrete_autoencoder,ConcreteAutoencoder,30,30,38,train,935.142822265625
madelon,concrete_autoencoder,ConcreteAutoencoder,30,30,39,train,930.4237060546875
madelon,concrete_autoencoder,ConcreteAutoencoder,30,30,40,train,931.3978881835938
madelon,concrete_autoencoder,ConcreteAutoencoder,30,30,41,train,930.3541259765625
madelon,concrete_autoencoder,ConcreteAutoencoder,30,30,42,train,928.2449340820312
madelon,concrete_autoencoder,ConcreteAutoencoder,30,30,43,train,924.107421875
madelon,concrete_autoencoder,ConcreteAutoencoder,30,30,44,train,916.1611938476562
madelon,concrete_autoencoder,ConcreteAutoencoder,30,30,45,train,910.8399047851562
madelon,concrete_autoencoder,ConcreteAutoencoder,30,30,46,train,902.1387939453125
madelon,concrete_autoencoder,ConcreteAutoencoder,30,30,47,train,899.9215087890625
madelon,concrete_autoencoder,ConcreteAutoencoder,30,30,48,train,895.824462890625
madelon,concrete_autoencoder,ConcreteAutoencoder,30,30,49,train,886.8739013671875
madelon,concrete_autoencoder,ConcreteAutoencoder,30,30,50,train,886.7628784179688
madelon,concrete_autoencoder,ConcreteAutoencoder,30,30,51,train,877.3226928710938
madelon,concrete_autoencoder,ConcreteAutoencoder,30,30,52,train,879.1713256835938
madelon,concrete_autoencoder,ConcreteAutoencoder,30,30,53,train,877.9092407226562
madelon,concrete_autoencoder,ConcreteAutoencoder,30,30,54,train,863.8345336914062
madelon,concrete_autoencoder,ConcreteAutoencoder,30,30,55,train,864.079833984375
madelon,concrete_autoencoder,ConcreteAutoencoder,30,30,56,train,851.266845703125
madelon,concrete_autoencoder,ConcreteAutoencoder,30,30,57,train,859.396728515625
madelon,concrete_autoencoder,ConcreteAutoencoder,30,30,58,train,857.8287963867188
madelon,concrete_autoencoder,ConcreteAutoencoder,30,30,59,train,849.9776000976562
madelon,concrete_autoencoder,ConcreteAutoencoder,30,30,60,train,859.4848022460938
madelon,concrete_autoencoder,ConcreteAutoencoder,30,30,61,train,850.21826171875
madelon,concrete_autoencoder,ConcreteAutoencoder,30,30,62,train,845.4140014648438
madelon,concrete_autoencoder,ConcreteAutoencoder,30,30,63,train,851.0963745117188
madelon,concrete_autoencoder,ConcreteAutoencoder,30,30,64,train,848.5856323242188
madelon,concrete_autoencoder,ConcreteAutoencoder,30,30,65,train,841.734130859375
madelon,concrete_autoencoder,ConcreteAutoencoder,30,30,66,train,831.5557861328125
madelon,concrete_autoencoder,ConcreteAutoencoder,30,30,67,train,838.888671875
madelon,concrete_autoencoder,ConcreteAutoencoder,30,30,68,train,833.7738037109375
madelon,concrete_autoencoder,ConcreteAutoencoder,30,30,69,train,835.3988647460938
madelon,concrete_autoencoder,ConcreteAutoencoder,30,30,70,train,833.32763671875
madelon,concrete_autoencoder,ConcreteAutoencoder,30,30,71,train,825.7569580078125
madelon,concrete_autoencoder,ConcreteAutoencoder,30,30,72,train,821.3553466796875
madelon,concrete_autoencoder,ConcreteAutoencoder,30,30,73,train,828.07958984375
madelon,concrete_autoencoder,ConcreteAutoencoder,30,30,74,train,819.7692260742188
madelon,concrete_autoencoder,ConcreteAutoencoder,30,30,75,train,820.0630493164062
madelon,concrete_autoencoder,ConcreteAutoencoder,30,30,76,train,818.5074462890625
madelon,concrete_autoencoder,ConcreteAutoencoder,30,30,77,train,822.1571044921875
madelon,concrete_autoencoder,ConcreteAutoencoder,30,30,78,train,818.36865234375
madelon,concrete_autoencoder,ConcreteAutoencoder,30,30,79,train,816.9248657226562
madelon,concrete_autoencoder,ConcreteAutoencoder,30,30,80,train,821.6065673828125
madelon,concrete_autoencoder,ConcreteAutoencoder,30,30,81,train,815.4971923828125
madelon,concrete_autoencoder,ConcreteAutoencoder,30,30,82,train,805.7679443359375
madelon,concrete_autoencoder,ConcreteAutoencoder,30,30,83,train,805.509765625
madelon,concrete_autoencoder,ConcreteAutoencoder,30,30,84,train,808.34228515625
madelon,concrete_autoencoder,ConcreteAutoencoder,30,30,85,train,803.9544677734375
madelon,concrete_autoencoder,ConcreteAutoencoder,30,30,86,train,804.1455078125
madelon,concrete_autoencoder,ConcreteAutoencoder,30,30,87,train,803.1983642578125
madelon,concrete_autoencoder,ConcreteAutoencoder,30,30,88,train,800.1293334960938
madelon,concrete_autoencoder,ConcreteAutoencoder,30,30,89,train,797.4730224609375
madelon,concrete_autoencoder,ConcreteAutoencoder,30,30,90,train,805.9259643554688
madelon,concrete_autoencoder,ConcreteAutoencoder,30,30,91,train,798.633544921875
madelon,concrete_autoencoder,ConcreteAutoencoder,30,30,92,train,792.5421142578125
madelon,concrete_autoencoder,ConcreteAutoencoder,30,30,93,train,791.9788208007812
madelon,concrete_autoencoder,ConcreteAutoencoder,30,30,94,train,797.630615234375
madelon,concrete_autoencoder,ConcreteAutoencoder,30,30,95,train,797.448974609375
madelon,concrete_autoencoder,ConcreteAutoencoder,30,30,96,train,796.81884765625
madelon,concrete_autoencoder,ConcreteAutoencoder,30,30,97,train,795.3488159179688
madelon,concrete_autoencoder,ConcreteAutoencoder,30,30,98,train,787.4797973632812
madelon,concrete_autoencoder,ConcreteAutoencoder,30,30,99,train,787.0226440429688
madelon,concrete_autoencoder,ConcreteAutoencoder,30,30,100,train,793.3058471679688
madelon,concrete_autoencoder,ConcreteAutoencoder,30,30,1,validation,1363.6513671875
madelon,concrete_autoencoder,ConcreteAutoencoder,30,30,2,validation,1402.7042236328125
madelon,concrete_autoencoder,ConcreteAutoencoder,30,30,3,validation,1464.57470703125
madelon,concrete_autoencoder,ConcreteAutoencoder,30,30,4,validation,1653.8311767578125
madelon,concrete_autoencoder,ConcreteAutoencoder,30,30,5,validation,1735.52294921875
madelon,concrete_autoencoder,ConcreteAutoencoder,30,30,6,validation,1763.91796875
madelon,concrete_autoencoder,ConcreteAutoencoder,30,30,7,validation,2008.6640625
madelon,concrete_autoencoder,ConcreteAutoencoder,30,30,8,validation,1998.320068359375
madelon,concrete_autoencoder,ConcreteAutoencoder,30,30,9,validation,2080.218017578125
madelon,concrete_autoencoder,ConcreteAutoencoder,30,30,10,validation,1975.421630859375
madelon,concrete_autoencoder,ConcreteAutoencoder,30,30,11,validation,1962.427978515625
madelon,concrete_autoencoder,ConcreteAutoencoder,30,30,12,validation,2003.55712890625
madelon,concrete_autoencoder,ConcreteAutoencoder,30,30,13,validation,1996.2012939453125
madelon,concrete_autoencoder,ConcreteAutoencoder,30,30,14,validation,2000.5797119140625
madelon,concrete_autoencoder,ConcreteAutoencoder,30,30,15,validation,1986.3905029296875
madelon,concrete_autoencoder,ConcreteAutoencoder,30,30,16,validation,1987.87109375
madelon,concrete_autoencoder,ConcreteAutoencoder,30,30,17,validation,1987.9031982421875
madelon,concrete_autoencoder,ConcreteAutoencoder,30,30,18,validation,1992.43359375
madelon,concrete_autoencoder,ConcreteAutoencoder,30,30,19,validation,1988.54833984375
madelon,concrete_autoencoder,ConcreteAutoencoder,30,30,20,validation,1938.3743896484375
madelon,concrete_autoencoder,ConcreteAutoencoder,30,30,21,validation,1935.597900390625
madelon,concrete_autoencoder,ConcreteAutoencoder,30,30,22,validation,1980.335205078125
madelon,concrete_autoencoder,ConcreteAutoencoder,30,30,23,validation,1948.9969482421875
madelon,concrete_autoencoder,ConcreteAutoencoder,30,30,24,validation,1936.179443359375
madelon,concrete_autoencoder,ConcreteAutoencoder,30,30,25,validation,1933.5921630859375
madelon,concrete_autoencoder,ConcreteAutoencoder,30,30,26,validation,1929.8984375
madelon,concrete_autoencoder,ConcreteAutoencoder,30,30,27,validation,1842.1468505859375
madelon,concrete_autoencoder,ConcreteAutoencoder,30,30,28,validation,1828.3397216796875
madelon,concrete_autoencoder,ConcreteAutoencoder,30,30,29,validation,1794.7606201171875
madelon,concrete_autoencoder,ConcreteAutoencoder,30,30,30,validation,1814.341552734375
madelon,concrete_autoencoder,ConcreteAutoencoder,30,30,31,validation,1818.1148681640625
madelon,concrete_autoencoder,ConcreteAutoencoder,30,30,32,validation,1810.1947021484375
madelon,concrete_autoencoder,ConcreteAutoencoder,30,30,33,validation,1791.0562744140625
madelon,concrete_autoencoder,ConcreteAutoencoder,30,30,34,validation,1730.9481201171875
madelon,concrete_autoencoder,ConcreteAutoencoder,30,30,35,validation,1668.0374755859375
madelon,concrete_autoencoder,ConcreteAutoencoder,30,30,36,validation,1633.807861328125
madelon,concrete_autoencoder,ConcreteAutoencoder,30,30,37,validation,1622.552001953125
madelon,concrete_autoencoder,ConcreteAutoencoder,30,30,38,validation,1621.2491455078125
madelon,concrete_autoencoder,ConcreteAutoencoder,30,30,39,validation,1576.6278076171875
madelon,concrete_autoencoder,ConcreteAutoencoder,30,30,40,validation,1469.5716552734375
madelon,concrete_autoencoder,ConcreteAutoencoder,30,30,41,validation,1457.458740234375
madelon,concrete_autoencoder,ConcreteAutoencoder,30,30,42,validation,1422.1326904296875
madelon,concrete_autoencoder,ConcreteAutoencoder,30,30,43,validation,1383.205322265625
madelon,concrete_autoencoder,ConcreteAutoencoder,30,30,44,validation,1389.2569580078125
madelon,concrete_autoencoder,ConcreteAutoencoder,30,30,45,validation,1358.69287109375
madelon,concrete_autoencoder,ConcreteAutoencoder,30,30,46,validation,1349.8297119140625
madelon,concrete_autoencoder,ConcreteAutoencoder,30,30,47,validation,1353.4765625
madelon,concrete_autoencoder,ConcreteAutoencoder,30,30,48,validation,1377.9981689453125
madelon,concrete_autoencoder,ConcreteAutoencoder,30,30,49,validation,1346.9072265625
madelon,concrete_autoencoder,ConcreteAutoencoder,30,30,50,validation,1324.95068359375
madelon,concrete_autoencoder,ConcreteAutoencoder,30,30,51,validation,1334.5758056640625
madelon,concrete_autoencoder,ConcreteAutoencoder,30,30,52,validation,1285.8023681640625
madelon,concrete_autoencoder,ConcreteAutoencoder,30,30,53,validation,1277.7586669921875
madelon,concrete_autoencoder,ConcreteAutoencoder,30,30,54,validation,1257.967529296875
madelon,concrete_autoencoder,ConcreteAutoencoder,30,30,55,validation,1217.44091796875
madelon,concrete_autoencoder,ConcreteAutoencoder,30,30,56,validation,1213.2095947265625
madelon,concrete_autoencoder,ConcreteAutoencoder,30,30,57,validation,1210.21142578125
madelon,concrete_autoencoder,ConcreteAutoencoder,30,30,58,validation,1193.023193359375
madelon,concrete_autoencoder,ConcreteAutoencoder,30,30,59,validation,1172.665283203125
madelon,concrete_autoencoder,ConcreteAutoencoder,30,30,60,validation,1177.3668212890625
madelon,concrete_autoencoder,ConcreteAutoencoder,30,30,61,validation,1169.749267578125
madelon,concrete_autoencoder,ConcreteAutoencoder,30,30,62,validation,1166.0389404296875
madelon,concrete_autoencoder,ConcreteAutoencoder,30,30,63,validation,1140.1964111328125
madelon,concrete_autoencoder,ConcreteAutoencoder,30,30,64,validation,1129.439697265625
madelon,concrete_autoencoder,ConcreteAutoencoder,30,30,65,validation,1127.6236572265625
madelon,concrete_autoencoder,ConcreteAutoencoder,30,30,66,validation,1142.446044921875
madelon,concrete_autoencoder,ConcreteAutoencoder,30,30,67,validation,1117.7354736328125
madelon,concrete_autoencoder,ConcreteAutoencoder,30,30,68,validation,1011.6724853515625
madelon,concrete_autoencoder,ConcreteAutoencoder,30,30,69,validation,1017.9038696289062
madelon,concrete_autoencoder,ConcreteAutoencoder,30,30,70,validation,1003.525146484375
madelon,concrete_autoencoder,ConcreteAutoencoder,30,30,71,validation,992.0935668945312
madelon,concrete_autoencoder,ConcreteAutoencoder,30,30,72,validation,1083.6922607421875
madelon,concrete_autoencoder,ConcreteAutoencoder,30,30,73,validation,1070.2598876953125
madelon,concrete_autoencoder,ConcreteAutoencoder,30,30,74,validation,977.8473510742188
madelon,concrete_autoencoder,ConcreteAutoencoder,30,30,75,validation,949.17724609375
madelon,concrete_autoencoder,ConcreteAutoencoder,30,30,76,validation,971.064208984375
madelon,concrete_autoencoder,ConcreteAutoencoder,30,30,77,validation,954.978271484375
madelon,concrete_autoencoder,ConcreteAutoencoder,30,30,78,validation,935.9677734375
madelon,concrete_autoencoder,ConcreteAutoencoder,30,30,79,validation,933.5299072265625
madelon,concrete_autoencoder,ConcreteAutoencoder,30,30,80,validation,966.357421875
madelon,concrete_autoencoder,ConcreteAutoencoder,30,30,81,validation,979.4721069335938
madelon,concrete_autoencoder,ConcreteAutoencoder,30,30,82,validation,982.623779296875
madelon,concrete_autoencoder,ConcreteAutoencoder,30,30,83,validation,913.4110107421875
madelon,concrete_autoencoder,ConcreteAutoencoder,30,30,84,validation,907.9722290039062
madelon,concrete_autoencoder,ConcreteAutoencoder,30,30,85,validation,912.2897338867188
madelon,concrete_autoencoder,ConcreteAutoencoder,30,30,86,validation,909.8140258789062
madelon,concrete_autoencoder,ConcreteAutoencoder,30,30,87,validation,910.2890625
madelon,concrete_autoencoder,ConcreteAutoencoder,30,30,88,validation,917.2672729492188
madelon,concrete_autoencoder,ConcreteAutoencoder,30,30,89,validation,899.20849609375
madelon,concrete_autoencoder,ConcreteAutoencoder,30,30,90,validation,908.8936157226562
madelon,concrete_autoencoder,ConcreteAutoencoder,30,30,91,validation,900.4136352539062
madelon,concrete_autoencoder,ConcreteAutoencoder,30,30,92,validation,897.2261962890625
madelon,concrete_autoencoder,ConcreteAutoencoder,30,30,93,validation,893.1015625
madelon,concrete_autoencoder,ConcreteAutoencoder,30,30,94,validation,903.7011108398438
madelon,concrete_autoencoder,ConcreteAutoencoder,30,30,95,validation,895.9896240234375
madelon,concrete_autoencoder,ConcreteAutoencoder,30,30,96,validation,897.4671020507812
madelon,concrete_autoencoder,ConcreteAutoencoder,30,30,97,validation,890.6958618164062
madelon,concrete_autoencoder,ConcreteAutoencoder,30,30,98,validation,891.262451171875
madelon,concrete_autoencoder,ConcreteAutoencoder,30,30,99,validation,882.6317749023438
madelon,concrete_autoencoder,ConcreteAutoencoder,30,30,100,validation,883.180908203125
madelon,concrete_autoencoder,ConcreteAutoencoder,10,10,1,train,79802.578125
madelon,concrete_autoencoder,ConcreteAutoencoder,10,10,2,train,2442.048095703125
madelon,concrete_autoencoder,ConcreteAutoencoder,10,10,3,train,919.7521362304688
madelon,concrete_autoencoder,ConcreteAutoencoder,10,10,4,train,910.4218139648438
madelon,concrete_autoencoder,ConcreteAutoencoder,10,10,5,train,910.3583984375
madelon,concrete_autoencoder,ConcreteAutoencoder,10,10,6,train,910.48193359375
madelon,concrete_autoencoder,ConcreteAutoencoder,10,10,7,train,910.6240844726562
madelon,concrete_autoencoder,ConcreteAutoencoder,10,10,8,train,911.1490478515625
madelon,concrete_autoencoder,ConcreteAutoencoder,10,10,9,train,911.403076171875
madelon,concrete_autoencoder,ConcreteAutoencoder,10,10,10,train,911.7084350585938
madelon,concrete_autoencoder,ConcreteAutoencoder,10,10,11,train,911.6090698242188
madelon,concrete_autoencoder,ConcreteAutoencoder,10,10,12,train,911.6807861328125
madelon,concrete_autoencoder,ConcreteAutoencoder,10,10,13,train,911.8936157226562
madelon,concrete_autoencoder,ConcreteAutoencoder,10,10,14,train,912.2861328125
madelon,concrete_autoencoder,ConcreteAutoencoder,10,10,15,train,912.5977783203125
madelon,concrete_autoencoder,ConcreteAutoencoder,10,10,16,train,912.8076171875
madelon,concrete_autoencoder,ConcreteAutoencoder,10,10,17,train,912.6747436523438
madelon,concrete_autoencoder,ConcreteAutoencoder,10,10,18,train,913.3414306640625
madelon,concrete_autoencoder,ConcreteAutoencoder,10,10,19,train,913.7468872070312
madelon,concrete_autoencoder,ConcreteAutoencoder,10,10,20,train,913.7211303710938
madelon,concrete_autoencoder,ConcreteAutoencoder,10,10,21,train,914.0738525390625
madelon,concrete_autoencoder,ConcreteAutoencoder,10,10,22,train,914.4197998046875
madelon,concrete_autoencoder,ConcreteAutoencoder,10,10,23,train,914.6101684570312
madelon,concrete_autoencoder,ConcreteAutoencoder,10,10,24,train,914.6923828125
madelon,concrete_autoencoder,ConcreteAutoencoder,10,10,25,train,915.0155029296875
madelon,concrete_autoencoder,ConcreteAutoencoder,10,10,26,train,914.7435302734375
madelon,concrete_autoencoder,ConcreteAutoencoder,10,10,27,train,916.0382690429688
madelon,concrete_autoencoder,ConcreteAutoencoder,10,10,28,train,916.4354248046875
madelon,concrete_autoencoder,ConcreteAutoencoder,10,10,29,train,917.2094116210938
madelon,concrete_autoencoder,ConcreteAutoencoder,10,10,30,train,917.066650390625
madelon,concrete_autoencoder,ConcreteAutoencoder,10,10,31,train,917.116943359375
madelon,concrete_autoencoder,ConcreteAutoencoder,10,10,32,train,918.853515625
madelon,concrete_autoencoder,ConcreteAutoencoder,10,10,33,train,918.6690063476562
madelon,concrete_autoencoder,ConcreteAutoencoder,10,10,34,train,921.8402709960938
madelon,concrete_autoencoder,ConcreteAutoencoder,10,10,35,train,923.10693359375
madelon,concrete_autoencoder,ConcreteAutoencoder,10,10,36,train,925.1691284179688
madelon,concrete_autoencoder,ConcreteAutoencoder,10,10,37,train,927.0023803710938
madelon,concrete_autoencoder,ConcreteAutoencoder,10,10,38,train,931.08837890625
madelon,concrete_autoencoder,ConcreteAutoencoder,10,10,39,train,930.178466796875
madelon,concrete_autoencoder,ConcreteAutoencoder,10,10,40,train,934.384521484375
madelon,concrete_autoencoder,ConcreteAutoencoder,10,10,41,train,937.9443969726562
madelon,concrete_autoencoder,ConcreteAutoencoder,10,10,42,train,945.2113037109375
madelon,concrete_autoencoder,ConcreteAutoencoder,10,10,43,train,946.5198974609375
madelon,concrete_autoencoder,ConcreteAutoencoder,10,10,44,train,949.8812255859375
madelon,concrete_autoencoder,ConcreteAutoencoder,10,10,45,train,952.4777221679688
madelon,concrete_autoencoder,ConcreteAutoencoder,10,10,46,train,959.5269775390625
madelon,concrete_autoencoder,ConcreteAutoencoder,10,10,47,train,969.7874755859375
madelon,concrete_autoencoder,ConcreteAutoencoder,10,10,48,train,966.4695434570312
madelon,concrete_autoencoder,ConcreteAutoencoder,10,10,49,train,974.8949584960938
madelon,concrete_autoencoder,ConcreteAutoencoder,10,10,50,train,972.838134765625
madelon,concrete_autoencoder,ConcreteAutoencoder,10,10,51,train,986.6961669921875
madelon,concrete_autoencoder,ConcreteAutoencoder,10,10,52,train,983.500244140625
madelon,concrete_autoencoder,ConcreteAutoencoder,10,10,53,train,987.298583984375
madelon,concrete_autoencoder,ConcreteAutoencoder,10,10,54,train,994.704833984375
madelon,concrete_autoencoder,ConcreteAutoencoder,10,10,55,train,988.2011108398438
madelon,concrete_autoencoder,ConcreteAutoencoder,10,10,56,train,995.0036010742188
madelon,concrete_autoencoder,ConcreteAutoencoder,10,10,57,train,987.3152465820312
madelon,concrete_autoencoder,ConcreteAutoencoder,10,10,58,train,998.0444946289062
madelon,concrete_autoencoder,ConcreteAutoencoder,10,10,59,train,997.6575927734375
madelon,concrete_autoencoder,ConcreteAutoencoder,10,10,60,train,1000.2083740234375
madelon,concrete_autoencoder,ConcreteAutoencoder,10,10,61,train,1003.5713500976562
madelon,concrete_autoencoder,ConcreteAutoencoder,10,10,62,train,1008.0048217773438
madelon,concrete_autoencoder,ConcreteAutoencoder,10,10,63,train,999.583740234375
madelon,concrete_autoencoder,ConcreteAutoencoder,10,10,64,train,994.025634765625
madelon,concrete_autoencoder,ConcreteAutoencoder,10,10,65,train,1001.4569091796875
madelon,concrete_autoencoder,ConcreteAutoencoder,10,10,66,train,998.2750244140625
madelon,concrete_autoencoder,ConcreteAutoencoder,10,10,67,train,1002.9427490234375
madelon,concrete_autoencoder,ConcreteAutoencoder,10,10,68,train,1008.6052856445312
madelon,concrete_autoencoder,ConcreteAutoencoder,10,10,69,train,998.7813720703125
madelon,concrete_autoencoder,ConcreteAutoencoder,10,10,70,train,1007.3140869140625
madelon,concrete_autoencoder,ConcreteAutoencoder,10,10,71,train,1007.3023681640625
madelon,concrete_autoencoder,ConcreteAutoencoder,10,10,72,train,1017.8718872070312
madelon,concrete_autoencoder,ConcreteAutoencoder,10,10,73,train,1011.9745483398438
madelon,concrete_autoencoder,ConcreteAutoencoder,10,10,74,train,1011.0953369140625
madelon,concrete_autoencoder,ConcreteAutoencoder,10,10,75,train,1009.287353515625
madelon,concrete_autoencoder,ConcreteAutoencoder,10,10,76,train,1011.88427734375
madelon,concrete_autoencoder,ConcreteAutoencoder,10,10,77,train,1008.84521484375
madelon,concrete_autoencoder,ConcreteAutoencoder,10,10,78,train,1011.1019287109375
madelon,concrete_autoencoder,ConcreteAutoencoder,10,10,79,train,1013.9008178710938
madelon,concrete_autoencoder,ConcreteAutoencoder,10,10,80,train,1010.0816040039062
madelon,concrete_autoencoder,ConcreteAutoencoder,10,10,81,train,1009.9419555664062
madelon,concrete_autoencoder,ConcreteAutoencoder,10,10,82,train,1012.8103637695312
madelon,concrete_autoencoder,ConcreteAutoencoder,10,10,83,train,999.9027099609375
madelon,concrete_autoencoder,ConcreteAutoencoder,10,10,84,train,1016.833984375
madelon,concrete_autoencoder,ConcreteAutoencoder,10,10,85,train,1005.02587890625
madelon,concrete_autoencoder,ConcreteAutoencoder,10,10,86,train,1018.7222290039062
madelon,concrete_autoencoder,ConcreteAutoencoder,10,10,87,train,1001.4642944335938
madelon,concrete_autoencoder,ConcreteAutoencoder,10,10,88,train,1015.1932983398438
madelon,concrete_autoencoder,ConcreteAutoencoder,10,10,89,train,1009.2733154296875
madelon,concrete_autoencoder,ConcreteAutoencoder,10,10,90,train,1001.9063720703125
madelon,concrete_autoencoder,ConcreteAutoencoder,10,10,91,train,1004.5783081054688
madelon,concrete_autoencoder,ConcreteAutoencoder,10,10,92,train,1002.3308715820312
madelon,concrete_autoencoder,ConcreteAutoencoder,10,10,93,train,998.0948486328125
madelon,concrete_autoencoder,ConcreteAutoencoder,10,10,94,train,1004.0828857421875
madelon,concrete_autoencoder,ConcreteAutoencoder,10,10,95,train,1002.3209228515625
madelon,concrete_autoencoder,ConcreteAutoencoder,10,10,96,train,993.4274291992188
madelon,concrete_autoencoder,ConcreteAutoencoder,10,10,97,train,998.6651000976562
madelon,concrete_autoencoder,ConcreteAutoencoder,10,10,98,train,997.9978637695312
madelon,concrete_autoencoder,ConcreteAutoencoder,10,10,99,train,998.16796875
madelon,concrete_autoencoder,ConcreteAutoencoder,10,10,100,train,1005.86767578125
madelon,concrete_autoencoder,ConcreteAutoencoder,10,10,1,validation,6174.24072265625
madelon,concrete_autoencoder,ConcreteAutoencoder,10,10,2,validation,1469.748779296875
madelon,concrete_autoencoder,ConcreteAutoencoder,10,10,3,validation,1570.8475341796875
madelon,concrete_autoencoder,ConcreteAutoencoder,10,10,4,validation,1575.58154296875
madelon,concrete_autoencoder,ConcreteAutoencoder,10,10,5,validation,1581.4246826171875
madelon,concrete_autoencoder,ConcreteAutoencoder,10,10,6,validation,1580.695556640625
madelon,concrete_autoencoder,ConcreteAutoencoder,10,10,7,validation,1578.5177001953125
madelon,concrete_autoencoder,ConcreteAutoencoder,10,10,8,validation,1461.33642578125
madelon,concrete_autoencoder,ConcreteAutoencoder,10,10,9,validation,1498.15478515625
madelon,concrete_autoencoder,ConcreteAutoencoder,10,10,10,validation,1483.8892822265625
madelon,concrete_autoencoder,ConcreteAutoencoder,10,10,11,validation,1478.0357666015625
madelon,concrete_autoencoder,ConcreteAutoencoder,10,10,12,validation,1481.03564453125
madelon,concrete_autoencoder,ConcreteAutoencoder,10,10,13,validation,1627.4261474609375
madelon,concrete_autoencoder,ConcreteAutoencoder,10,10,14,validation,1625.6063232421875
madelon,concrete_autoencoder,ConcreteAutoencoder,10,10,15,validation,1546.708251953125
madelon,concrete_autoencoder,ConcreteAutoencoder,10,10,16,validation,1568.172607421875
madelon,concrete_autoencoder,ConcreteAutoencoder,10,10,17,validation,1563.2996826171875
madelon,concrete_autoencoder,ConcreteAutoencoder,10,10,18,validation,1565.696044921875
madelon,concrete_autoencoder,ConcreteAutoencoder,10,10,19,validation,1592.368896484375
madelon,concrete_autoencoder,ConcreteAutoencoder,10,10,20,validation,1479.72705078125
madelon,concrete_autoencoder,ConcreteAutoencoder,10,10,21,validation,1641.0150146484375
madelon,concrete_autoencoder,ConcreteAutoencoder,10,10,22,validation,1770.4830322265625
madelon,concrete_autoencoder,ConcreteAutoencoder,10,10,23,validation,1679.587890625
madelon,concrete_autoencoder,ConcreteAutoencoder,10,10,24,validation,1684.2476806640625
madelon,concrete_autoencoder,ConcreteAutoencoder,10,10,25,validation,1679.000244140625
madelon,concrete_autoencoder,ConcreteAutoencoder,10,10,26,validation,1754.800048828125
madelon,concrete_autoencoder,ConcreteAutoencoder,10,10,27,validation,1613.2479248046875
madelon,concrete_autoencoder,ConcreteAutoencoder,10,10,28,validation,1632.267822265625
madelon,concrete_autoencoder,ConcreteAutoencoder,10,10,29,validation,1663.9307861328125
madelon,concrete_autoencoder,ConcreteAutoencoder,10,10,30,validation,1664.62841796875
madelon,concrete_autoencoder,ConcreteAutoencoder,10,10,31,validation,1810.864013671875
madelon,concrete_autoencoder,ConcreteAutoencoder,10,10,32,validation,1672.201416015625
madelon,concrete_autoencoder,ConcreteAutoencoder,10,10,33,validation,2060.291015625
madelon,concrete_autoencoder,ConcreteAutoencoder,10,10,34,validation,1924.4764404296875
madelon,concrete_autoencoder,ConcreteAutoencoder,10,10,35,validation,1926.29931640625
madelon,concrete_autoencoder,ConcreteAutoencoder,10,10,36,validation,1931.1826171875
madelon,concrete_autoencoder,ConcreteAutoencoder,10,10,37,validation,1493.8502197265625
madelon,concrete_autoencoder,ConcreteAutoencoder,10,10,38,validation,1350.9263916015625
madelon,concrete_autoencoder,ConcreteAutoencoder,10,10,39,validation,1341.2061767578125
madelon,concrete_autoencoder,ConcreteAutoencoder,10,10,40,validation,1330.908447265625
madelon,concrete_autoencoder,ConcreteAutoencoder,10,10,41,validation,1329.6602783203125
madelon,concrete_autoencoder,ConcreteAutoencoder,10,10,42,validation,1323.020263671875
madelon,concrete_autoencoder,ConcreteAutoencoder,10,10,43,validation,1329.740478515625
madelon,concrete_autoencoder,ConcreteAutoencoder,10,10,44,validation,1301.151123046875
madelon,concrete_autoencoder,ConcreteAutoencoder,10,10,45,validation,1311.5845947265625
madelon,concrete_autoencoder,ConcreteAutoencoder,10,10,46,validation,1306.3426513671875
madelon,concrete_autoencoder,ConcreteAutoencoder,10,10,47,validation,1223.1776123046875
madelon,concrete_autoencoder,ConcreteAutoencoder,10,10,48,validation,1224.263427734375
madelon,concrete_autoencoder,ConcreteAutoencoder,10,10,49,validation,1204.0845947265625
madelon,concrete_autoencoder,ConcreteAutoencoder,10,10,50,validation,1227.234375
madelon,concrete_autoencoder,ConcreteAutoencoder,10,10,51,validation,1237.395751953125
madelon,concrete_autoencoder,ConcreteAutoencoder,10,10,52,validation,1184.2220458984375
madelon,concrete_autoencoder,ConcreteAutoencoder,10,10,53,validation,1176.330810546875
madelon,concrete_autoencoder,ConcreteAutoencoder,10,10,54,validation,1172.4031982421875
madelon,concrete_autoencoder,ConcreteAutoencoder,10,10,55,validation,1182.4091796875
madelon,concrete_autoencoder,ConcreteAutoencoder,10,10,56,validation,1213.6182861328125
madelon,concrete_autoencoder,ConcreteAutoencoder,10,10,57,validation,1170.673828125
madelon,concrete_autoencoder,ConcreteAutoencoder,10,10,58,validation,1153.01123046875
madelon,concrete_autoencoder,ConcreteAutoencoder,10,10,59,validation,1153.1451416015625
madelon,concrete_autoencoder,ConcreteAutoencoder,10,10,60,validation,1169.7193603515625
madelon,concrete_autoencoder,ConcreteAutoencoder,10,10,61,validation,1161.6220703125
madelon,concrete_autoencoder,ConcreteAutoencoder,10,10,62,validation,1141.7811279296875
madelon,concrete_autoencoder,ConcreteAutoencoder,10,10,63,validation,1134.0816650390625
madelon,concrete_autoencoder,ConcreteAutoencoder,10,10,64,validation,1166.093017578125
madelon,concrete_autoencoder,ConcreteAutoencoder,10,10,65,validation,1118.813720703125
madelon,concrete_autoencoder,ConcreteAutoencoder,10,10,66,validation,1212.71630859375
madelon,concrete_autoencoder,ConcreteAutoencoder,10,10,67,validation,1204.80712890625
madelon,concrete_autoencoder,ConcreteAutoencoder,10,10,68,validation,1223.950439453125
madelon,concrete_autoencoder,ConcreteAutoencoder,10,10,69,validation,1197.7275390625
madelon,concrete_autoencoder,ConcreteAutoencoder,10,10,70,validation,1200.6275634765625
madelon,concrete_autoencoder,ConcreteAutoencoder,10,10,71,validation,1203.6934814453125
madelon,concrete_autoencoder,ConcreteAutoencoder,10,10,72,validation,1189.5035400390625
madelon,concrete_autoencoder,ConcreteAutoencoder,10,10,73,validation,1199.9168701171875
madelon,concrete_autoencoder,ConcreteAutoencoder,10,10,74,validation,1190.3433837890625
madelon,concrete_autoencoder,ConcreteAutoencoder,10,10,75,validation,1199.0318603515625
madelon,concrete_autoencoder,ConcreteAutoencoder,10,10,76,validation,1193.330078125
madelon,concrete_autoencoder,ConcreteAutoencoder,10,10,77,validation,1199.8253173828125
madelon,concrete_autoencoder,ConcreteAutoencoder,10,10,78,validation,1190.2615966796875
madelon,concrete_autoencoder,ConcreteAutoencoder,10,10,79,validation,1184.7452392578125
madelon,concrete_autoencoder,ConcreteAutoencoder,10,10,80,validation,1182.2119140625
madelon,concrete_autoencoder,ConcreteAutoencoder,10,10,81,validation,1173.81640625
madelon,concrete_autoencoder,ConcreteAutoencoder,10,10,82,validation,1178.1732177734375
madelon,concrete_autoencoder,ConcreteAutoencoder,10,10,83,validation,1169.542236328125
madelon,concrete_autoencoder,ConcreteAutoencoder,10,10,84,validation,1175.3636474609375
madelon,concrete_autoencoder,ConcreteAutoencoder,10,10,85,validation,1188.9022216796875
madelon,concrete_autoencoder,ConcreteAutoencoder,10,10,86,validation,1185.5009765625
madelon,concrete_autoencoder,ConcreteAutoencoder,10,10,87,validation,1174.08984375
madelon,concrete_autoencoder,ConcreteAutoencoder,10,10,88,validation,1170.78662109375
madelon,concrete_autoencoder,ConcreteAutoencoder,10,10,89,validation,1186.76611328125
madelon,concrete_autoencoder,ConcreteAutoencoder,10,10,90,validation,1161.536376953125
madelon,concrete_autoencoder,ConcreteAutoencoder,10,10,91,validation,1164.8720703125
madelon,concrete_autoencoder,ConcreteAutoencoder,10,10,92,validation,1166.05517578125
madelon,concrete_autoencoder,ConcreteAutoencoder,10,10,93,validation,1156.344482421875
madelon,concrete_autoencoder,ConcreteAutoencoder,10,10,94,validation,1156.3853759765625
madelon,concrete_autoencoder,ConcreteAutoencoder,10,10,95,validation,1175.4219970703125
madelon,concrete_autoencoder,ConcreteAutoencoder,10,10,96,validation,1157.8070068359375
madelon,concrete_autoencoder,ConcreteAutoencoder,10,10,97,validation,1158.6229248046875
madelon,concrete_autoencoder,ConcreteAutoencoder,10,10,98,validation,1159.4959716796875
madelon,concrete_autoencoder,ConcreteAutoencoder,10,10,99,validation,1160.866455078125
madelon,concrete_autoencoder,ConcreteAutoencoder,10,10,100,validation,1181.6756591796875
madelon,concrete_autoencoder,ConcreteAutoencoder,5,5,1,train,130641.5546875
madelon,concrete_autoencoder,ConcreteAutoencoder,5,5,2,train,23789.87109375
madelon,concrete_autoencoder,ConcreteAutoencoder,5,5,3,train,3464.127197265625
madelon,concrete_autoencoder,ConcreteAutoencoder,5,5,4,train,1100.2061767578125
madelon,concrete_autoencoder,ConcreteAutoencoder,5,5,5,train,919.3458251953125
madelon,concrete_autoencoder,ConcreteAutoencoder,5,5,6,train,910.0310668945312
madelon,concrete_autoencoder,ConcreteAutoencoder,5,5,7,train,909.7083129882812
madelon,concrete_autoencoder,ConcreteAutoencoder,5,5,8,train,909.8612060546875
madelon,concrete_autoencoder,ConcreteAutoencoder,5,5,9,train,909.7792358398438
madelon,concrete_autoencoder,ConcreteAutoencoder,5,5,10,train,909.977294921875
madelon,concrete_autoencoder,ConcreteAutoencoder,5,5,11,train,909.938720703125
madelon,concrete_autoencoder,ConcreteAutoencoder,5,5,12,train,910.2118530273438
madelon,concrete_autoencoder,ConcreteAutoencoder,5,5,13,train,910.4027099609375
madelon,concrete_autoencoder,ConcreteAutoencoder,5,5,14,train,910.3718872070312
madelon,concrete_autoencoder,ConcreteAutoencoder,5,5,15,train,910.400634765625
madelon,concrete_autoencoder,ConcreteAutoencoder,5,5,16,train,910.4111938476562
madelon,concrete_autoencoder,ConcreteAutoencoder,5,5,17,train,910.892822265625
madelon,concrete_autoencoder,ConcreteAutoencoder,5,5,18,train,910.7349853515625
madelon,concrete_autoencoder,ConcreteAutoencoder,5,5,19,train,910.7875366210938
madelon,concrete_autoencoder,ConcreteAutoencoder,5,5,20,train,911.0037841796875
madelon,concrete_autoencoder,ConcreteAutoencoder,5,5,21,train,911.09765625
madelon,concrete_autoencoder,ConcreteAutoencoder,5,5,22,train,911.324462890625
madelon,concrete_autoencoder,ConcreteAutoencoder,5,5,23,train,911.909912109375
madelon,concrete_autoencoder,ConcreteAutoencoder,5,5,24,train,911.4347534179688
madelon,concrete_autoencoder,ConcreteAutoencoder,5,5,25,train,911.9265747070312
madelon,concrete_autoencoder,ConcreteAutoencoder,5,5,26,train,911.793212890625
madelon,concrete_autoencoder,ConcreteAutoencoder,5,5,27,train,912.7463989257812
madelon,concrete_autoencoder,ConcreteAutoencoder,5,5,28,train,912.577880859375
madelon,concrete_autoencoder,ConcreteAutoencoder,5,5,29,train,913.1693115234375
madelon,concrete_autoencoder,ConcreteAutoencoder,5,5,30,train,913.9932861328125
madelon,concrete_autoencoder,ConcreteAutoencoder,5,5,31,train,915.307861328125
madelon,concrete_autoencoder,ConcreteAutoencoder,5,5,32,train,916.8820190429688
madelon,concrete_autoencoder,ConcreteAutoencoder,5,5,33,train,916.892578125
madelon,concrete_autoencoder,ConcreteAutoencoder,5,5,34,train,918.1875
madelon,concrete_autoencoder,ConcreteAutoencoder,5,5,35,train,922.2195434570312
madelon,concrete_autoencoder,ConcreteAutoencoder,5,5,36,train,921.6805419921875
madelon,concrete_autoencoder,ConcreteAutoencoder,5,5,37,train,926.36865234375
madelon,concrete_autoencoder,ConcreteAutoencoder,5,5,38,train,930.9735107421875
madelon,concrete_autoencoder,ConcreteAutoencoder,5,5,39,train,936.5558471679688
madelon,concrete_autoencoder,ConcreteAutoencoder,5,5,40,train,936.8478393554688
madelon,concrete_autoencoder,ConcreteAutoencoder,5,5,41,train,938.982177734375
madelon,concrete_autoencoder,ConcreteAutoencoder,5,5,42,train,946.1397094726562
madelon,concrete_autoencoder,ConcreteAutoencoder,5,5,43,train,954.7109375
madelon,concrete_autoencoder,ConcreteAutoencoder,5,5,44,train,960.0563354492188
madelon,concrete_autoencoder,ConcreteAutoencoder,5,5,45,train,971.0479736328125
madelon,concrete_autoencoder,ConcreteAutoencoder,5,5,46,train,972.8133544921875
madelon,concrete_autoencoder,ConcreteAutoencoder,5,5,47,train,992.343994140625
madelon,concrete_autoencoder,ConcreteAutoencoder,5,5,48,train,985.88525390625
madelon,concrete_autoencoder,ConcreteAutoencoder,5,5,49,train,1003.2974853515625
madelon,concrete_autoencoder,ConcreteAutoencoder,5,5,50,train,1014.3403930664062
madelon,concrete_autoencoder,ConcreteAutoencoder,5,5,51,train,1013.6847534179688
madelon,concrete_autoencoder,ConcreteAutoencoder,5,5,52,train,1001.3397216796875
madelon,concrete_autoencoder,ConcreteAutoencoder,5,5,53,train,1002.0970458984375
madelon,concrete_autoencoder,ConcreteAutoencoder,5,5,54,train,1018.3949584960938
madelon,concrete_autoencoder,ConcreteAutoencoder,5,5,55,train,1010.5758666992188
madelon,concrete_autoencoder,ConcreteAutoencoder,5,5,56,train,1026.119384765625
madelon,concrete_autoencoder,ConcreteAutoencoder,5,5,57,train,1044.415283203125
madelon,concrete_autoencoder,ConcreteAutoencoder,5,5,58,train,1034.52734375
madelon,concrete_autoencoder,ConcreteAutoencoder,5,5,59,train,1056.9661865234375
madelon,concrete_autoencoder,ConcreteAutoencoder,5,5,60,train,1035.264404296875
madelon,concrete_autoencoder,ConcreteAutoencoder,5,5,61,train,1060.4625244140625
madelon,concrete_autoencoder,ConcreteAutoencoder,5,5,62,train,1051.354248046875
madelon,concrete_autoencoder,ConcreteAutoencoder,5,5,63,train,1058.005615234375
madelon,concrete_autoencoder,ConcreteAutoencoder,5,5,64,train,1033.92333984375
madelon,concrete_autoencoder,ConcreteAutoencoder,5,5,65,train,1051.4068603515625
madelon,concrete_autoencoder,ConcreteAutoencoder,5,5,66,train,1064.01953125
madelon,concrete_autoencoder,ConcreteAutoencoder,5,5,67,train,1059.7257080078125
madelon,concrete_autoencoder,ConcreteAutoencoder,5,5,68,train,1062.359375
madelon,concrete_autoencoder,ConcreteAutoencoder,5,5,69,train,1063.265869140625
madelon,concrete_autoencoder,ConcreteAutoencoder,5,5,70,train,1074.3504638671875
madelon,concrete_autoencoder,ConcreteAutoencoder,5,5,71,train,1079.3311767578125
madelon,concrete_autoencoder,ConcreteAutoencoder,5,5,72,train,1076.9971923828125
madelon,concrete_autoencoder,ConcreteAutoencoder,5,5,73,train,1062.845458984375
madelon,concrete_autoencoder,ConcreteAutoencoder,5,5,74,train,1064.631103515625
madelon,concrete_autoencoder,ConcreteAutoencoder,5,5,75,train,1076.962646484375
madelon,concrete_autoencoder,ConcreteAutoencoder,5,5,76,train,1090.6563720703125
madelon,concrete_autoencoder,ConcreteAutoencoder,5,5,77,train,1077.0723876953125
madelon,concrete_autoencoder,ConcreteAutoencoder,5,5,78,train,1072.0496826171875
madelon,concrete_autoencoder,ConcreteAutoencoder,5,5,79,train,1063.616455078125
madelon,concrete_autoencoder,ConcreteAutoencoder,5,5,80,train,1072.9127197265625
madelon,concrete_autoencoder,ConcreteAutoencoder,5,5,81,train,1097.3988037109375
madelon,concrete_autoencoder,ConcreteAutoencoder,5,5,82,train,1077.745849609375
madelon,concrete_autoencoder,ConcreteAutoencoder,5,5,83,train,1088.9925537109375
madelon,concrete_autoencoder,ConcreteAutoencoder,5,5,84,train,1085.8870849609375
madelon,concrete_autoencoder,ConcreteAutoencoder,5,5,85,train,1077.693115234375
madelon,concrete_autoencoder,ConcreteAutoencoder,5,5,86,train,1066.0673828125
madelon,concrete_autoencoder,ConcreteAutoencoder,5,5,87,train,1083.810791015625
madelon,concrete_autoencoder,ConcreteAutoencoder,5,5,88,train,1064.449951171875
madelon,concrete_autoencoder,ConcreteAutoencoder,5,5,89,train,1071.6773681640625
madelon,concrete_autoencoder,ConcreteAutoencoder,5,5,90,train,1080.8646240234375
madelon,concrete_autoencoder,ConcreteAutoencoder,5,5,91,train,1073.64306640625
madelon,concrete_autoencoder,ConcreteAutoencoder,5,5,92,train,1057.7110595703125
madelon,concrete_autoencoder,ConcreteAutoencoder,5,5,93,train,1085.010498046875
madelon,concrete_autoencoder,ConcreteAutoencoder,5,5,94,train,1064.76318359375
madelon,concrete_autoencoder,ConcreteAutoencoder,5,5,95,train,1065.2037353515625
madelon,concrete_autoencoder,ConcreteAutoencoder,5,5,96,train,1075.72607421875
madelon,concrete_autoencoder,ConcreteAutoencoder,5,5,97,train,1069.318359375
madelon,concrete_autoencoder,ConcreteAutoencoder,5,5,98,train,1065.1328125
madelon,concrete_autoencoder,ConcreteAutoencoder,5,5,99,train,1070.708740234375
madelon,concrete_autoencoder,ConcreteAutoencoder,5,5,100,train,1075.6544189453125
madelon,concrete_autoencoder,ConcreteAutoencoder,5,5,1,validation,47998.01171875
madelon,concrete_autoencoder,ConcreteAutoencoder,5,5,2,validation,5704.30517578125
madelon,concrete_autoencoder,ConcreteAutoencoder,5,5,3,validation,1450.61669921875
madelon,concrete_autoencoder,ConcreteAutoencoder,5,5,4,validation,1512.3995361328125
madelon,concrete_autoencoder,ConcreteAutoencoder,5,5,5,validation,1608.9227294921875
madelon,concrete_autoencoder,ConcreteAutoencoder,5,5,6,validation,1629.2249755859375
madelon,concrete_autoencoder,ConcreteAutoencoder,5,5,7,validation,1631.171142578125
madelon,concrete_autoencoder,ConcreteAutoencoder,5,5,8,validation,1630.1453857421875
madelon,concrete_autoencoder,ConcreteAutoencoder,5,5,9,validation,1629.6689453125
madelon,concrete_autoencoder,ConcreteAutoencoder,5,5,10,validation,1628.3759765625
madelon,concrete_autoencoder,ConcreteAutoencoder,5,5,11,validation,1628.1708984375
madelon,concrete_autoencoder,ConcreteAutoencoder,5,5,12,validation,1625.766845703125
madelon,concrete_autoencoder,ConcreteAutoencoder,5,5,13,validation,1625.317626953125
madelon,concrete_autoencoder,ConcreteAutoencoder,5,5,14,validation,1684.8763427734375
madelon,concrete_autoencoder,ConcreteAutoencoder,5,5,15,validation,1684.168212890625
madelon,concrete_autoencoder,ConcreteAutoencoder,5,5,16,validation,1683.158203125
madelon,concrete_autoencoder,ConcreteAutoencoder,5,5,17,validation,1680.786865234375
madelon,concrete_autoencoder,ConcreteAutoencoder,5,5,18,validation,1680.3328857421875
madelon,concrete_autoencoder,ConcreteAutoencoder,5,5,19,validation,1676.9661865234375
madelon,concrete_autoencoder,ConcreteAutoencoder,5,5,20,validation,1604.94384765625
madelon,concrete_autoencoder,ConcreteAutoencoder,5,5,21,validation,1602.1356201171875
madelon,concrete_autoencoder,ConcreteAutoencoder,5,5,22,validation,1598.127685546875
madelon,concrete_autoencoder,ConcreteAutoencoder,5,5,23,validation,1431.97412109375
madelon,concrete_autoencoder,ConcreteAutoencoder,5,5,24,validation,1331.394287109375
madelon,concrete_autoencoder,ConcreteAutoencoder,5,5,25,validation,1327.730712890625
madelon,concrete_autoencoder,ConcreteAutoencoder,5,5,26,validation,1353.075439453125
madelon,concrete_autoencoder,ConcreteAutoencoder,5,5,27,validation,1351.9656982421875
madelon,concrete_autoencoder,ConcreteAutoencoder,5,5,28,validation,1349.6175537109375
madelon,concrete_autoencoder,ConcreteAutoencoder,5,5,29,validation,1296.3763427734375
madelon,concrete_autoencoder,ConcreteAutoencoder,5,5,30,validation,1319.5130615234375
madelon,concrete_autoencoder,ConcreteAutoencoder,5,5,31,validation,1256.9693603515625
madelon,concrete_autoencoder,ConcreteAutoencoder,5,5,32,validation,1245.3642578125
madelon,concrete_autoencoder,ConcreteAutoencoder,5,5,33,validation,1268.0758056640625
madelon,concrete_autoencoder,ConcreteAutoencoder,5,5,34,validation,1222.056640625
madelon,concrete_autoencoder,ConcreteAutoencoder,5,5,35,validation,1131.3411865234375
madelon,concrete_autoencoder,ConcreteAutoencoder,5,5,36,validation,1114.7237548828125
madelon,concrete_autoencoder,ConcreteAutoencoder,5,5,37,validation,1113.313232421875
madelon,concrete_autoencoder,ConcreteAutoencoder,5,5,38,validation,1091.47998046875
madelon,concrete_autoencoder,ConcreteAutoencoder,5,5,39,validation,1094.492431640625
madelon,concrete_autoencoder,ConcreteAutoencoder,5,5,40,validation,1083.363037109375
madelon,concrete_autoencoder,ConcreteAutoencoder,5,5,41,validation,1086.2034912109375
madelon,concrete_autoencoder,ConcreteAutoencoder,5,5,42,validation,1089.2606201171875
madelon,concrete_autoencoder,ConcreteAutoencoder,5,5,43,validation,975.5523071289062
madelon,concrete_autoencoder,ConcreteAutoencoder,5,5,44,validation,974.8899536132812
madelon,concrete_autoencoder,ConcreteAutoencoder,5,5,45,validation,976.5104370117188
madelon,concrete_autoencoder,ConcreteAutoencoder,5,5,46,validation,975.9195556640625
madelon,concrete_autoencoder,ConcreteAutoencoder,5,5,47,validation,976.2523803710938
madelon,concrete_autoencoder,ConcreteAutoencoder,5,5,48,validation,976.3081665039062
madelon,concrete_autoencoder,ConcreteAutoencoder,5,5,49,validation,977.7811889648438
madelon,concrete_autoencoder,ConcreteAutoencoder,5,5,50,validation,976.0648193359375
madelon,concrete_autoencoder,ConcreteAutoencoder,5,5,51,validation,978.2440795898438
madelon,concrete_autoencoder,ConcreteAutoencoder,5,5,52,validation,977.0260620117188
madelon,concrete_autoencoder,ConcreteAutoencoder,5,5,53,validation,976.9862670898438
madelon,concrete_autoencoder,ConcreteAutoencoder,5,5,54,validation,994.2708129882812
madelon,concrete_autoencoder,ConcreteAutoencoder,5,5,55,validation,992.296630859375
madelon,concrete_autoencoder,ConcreteAutoencoder,5,5,56,validation,997.68798828125
madelon,concrete_autoencoder,ConcreteAutoencoder,5,5,57,validation,976.0560913085938
madelon,concrete_autoencoder,ConcreteAutoencoder,5,5,58,validation,976.6827392578125
madelon,concrete_autoencoder,ConcreteAutoencoder,5,5,59,validation,976.974365234375
madelon,concrete_autoencoder,ConcreteAutoencoder,5,5,60,validation,994.1126098632812
madelon,concrete_autoencoder,ConcreteAutoencoder,5,5,61,validation,992.6329956054688
madelon,concrete_autoencoder,ConcreteAutoencoder,5,5,62,validation,993.2168579101562
madelon,concrete_autoencoder,ConcreteAutoencoder,5,5,63,validation,993.9894409179688
madelon,concrete_autoencoder,ConcreteAutoencoder,5,5,64,validation,995.9754638671875
madelon,concrete_autoencoder,ConcreteAutoencoder,5,5,65,validation,991.1431884765625
madelon,concrete_autoencoder,ConcreteAutoencoder,5,5,66,validation,998.0623168945312
madelon,concrete_autoencoder,ConcreteAutoencoder,5,5,67,validation,992.3982543945312
madelon,concrete_autoencoder,ConcreteAutoencoder,5,5,68,validation,998.257568359375
madelon,concrete_autoencoder,ConcreteAutoencoder,5,5,69,validation,992.0427856445312
madelon,concrete_autoencoder,ConcreteAutoencoder,5,5,70,validation,994.4192504882812
madelon,concrete_autoencoder,ConcreteAutoencoder,5,5,71,validation,990.733642578125
madelon,concrete_autoencoder,ConcreteAutoencoder,5,5,72,validation,993.08544921875
madelon,concrete_autoencoder,ConcreteAutoencoder,5,5,73,validation,993.8665771484375
madelon,concrete_autoencoder,ConcreteAutoencoder,5,5,74,validation,973.7573852539062
madelon,concrete_autoencoder,ConcreteAutoencoder,5,5,75,validation,977.8386840820312
madelon,concrete_autoencoder,ConcreteAutoencoder,5,5,76,validation,979.887939453125
madelon,concrete_autoencoder,ConcreteAutoencoder,5,5,77,validation,978.362548828125
madelon,concrete_autoencoder,ConcreteAutoencoder,5,5,78,validation,991.674072265625
madelon,concrete_autoencoder,ConcreteAutoencoder,5,5,79,validation,996.3518676757812
madelon,concrete_autoencoder,ConcreteAutoencoder,5,5,80,validation,990.9235229492188
madelon,concrete_autoencoder,ConcreteAutoencoder,5,5,81,validation,998.435546875
madelon,concrete_autoencoder,ConcreteAutoencoder,5,5,82,validation,996.4718017578125
madelon,concrete_autoencoder,ConcreteAutoencoder,5,5,83,validation,992.2307739257812
madelon,concrete_autoencoder,ConcreteAutoencoder,5,5,84,validation,992.77734375
madelon,concrete_autoencoder,ConcreteAutoencoder,5,5,85,validation,993.7258911132812
madelon,concrete_autoencoder,ConcreteAutoencoder,5,5,86,validation,993.5269165039062
madelon,concrete_autoencoder,ConcreteAutoencoder,5,5,87,validation,1008.1354370117188
madelon,concrete_autoencoder,ConcreteAutoencoder,5,5,88,validation,990.3043823242188
madelon,concrete_autoencoder,ConcreteAutoencoder,5,5,89,validation,995.4157104492188
madelon,concrete_autoencoder,ConcreteAutoencoder,5,5,90,validation,990.9378051757812
madelon,concrete_autoencoder,ConcreteAutoencoder,5,5,91,validation,994.3115844726562
madelon,concrete_autoencoder,ConcreteAutoencoder,5,5,92,validation,990.3033447265625
madelon,concrete_autoencoder,ConcreteAutoencoder,5,5,93,validation,1004.601806640625
madelon,concrete_autoencoder,ConcreteAutoencoder,5,5,94,validation,979.5695190429688
madelon,concrete_autoencoder,ConcreteAutoencoder,5,5,95,validation,978.592529296875
madelon,concrete_autoencoder,ConcreteAutoencoder,5,5,96,validation,1003.4462890625
madelon,concrete_autoencoder,ConcreteAutoencoder,5,5,97,validation,992.615478515625
madelon,concrete_autoencoder,ConcreteAutoencoder,5,5,98,validation,1000.6534423828125
madelon,concrete_autoencoder,ConcreteAutoencoder,5,5,99,validation,996.2725219726562
madelon,concrete_autoencoder,ConcreteAutoencoder,5,5,100,validation,994.9696655273438
madelon,concrete_autoencoder,ConcreteAutoencoder,1,1,1,train,211971.25
madelon,concrete_autoencoder,ConcreteAutoencoder,1,1,2,train,160584.859375
madelon,concrete_autoencoder,ConcreteAutoencoder,1,1,3,train,119291.734375
madelon,concrete_autoencoder,ConcreteAutoencoder,1,1,4,train,86733.8515625
madelon,concrete_autoencoder,ConcreteAutoencoder,1,1,5,train,61596.73828125
madelon,concrete_autoencoder,ConcreteAutoencoder,1,1,6,train,42662.765625
madelon,concrete_autoencoder,ConcreteAutoencoder,1,1,7,train,28777.1171875
madelon,concrete_autoencoder,ConcreteAutoencoder,1,1,8,train,18899.86328125
madelon,concrete_autoencoder,ConcreteAutoencoder,1,1,9,train,12113.833984375
madelon,concrete_autoencoder,ConcreteAutoencoder,1,1,10,train,7615.28173828125
madelon,concrete_autoencoder,ConcreteAutoencoder,1,1,11,train,4754.1943359375
madelon,concrete_autoencoder,ConcreteAutoencoder,1,1,12,train,3017.564697265625
madelon,concrete_autoencoder,ConcreteAutoencoder,1,1,13,train,2007.1214599609375
madelon,concrete_autoencoder,ConcreteAutoencoder,1,1,14,train,1450.661376953125
madelon,concrete_autoencoder,ConcreteAutoencoder,1,1,15,train,1161.7703857421875
madelon,concrete_autoencoder,ConcreteAutoencoder,1,1,16,train,1019.4198608398438
madelon,concrete_autoencoder,ConcreteAutoencoder,1,1,17,train,953.899169921875
madelon,concrete_autoencoder,ConcreteAutoencoder,1,1,18,train,926.5374145507812
madelon,concrete_autoencoder,ConcreteAutoencoder,1,1,19,train,915.826171875
madelon,concrete_autoencoder,ConcreteAutoencoder,1,1,20,train,912.0732421875
madelon,concrete_autoencoder,ConcreteAutoencoder,1,1,21,train,911.348876953125
madelon,concrete_autoencoder,ConcreteAutoencoder,1,1,22,train,911.2591552734375
madelon,concrete_autoencoder,ConcreteAutoencoder,1,1,23,train,911.8109130859375
madelon,concrete_autoencoder,ConcreteAutoencoder,1,1,24,train,912.1829833984375
madelon,concrete_autoencoder,ConcreteAutoencoder,1,1,25,train,913.4866943359375
madelon,concrete_autoencoder,ConcreteAutoencoder,1,1,26,train,913.915283203125
madelon,concrete_autoencoder,ConcreteAutoencoder,1,1,27,train,916.0247802734375
madelon,concrete_autoencoder,ConcreteAutoencoder,1,1,28,train,919.48388671875
madelon,concrete_autoencoder,ConcreteAutoencoder,1,1,29,train,918.8927612304688
madelon,concrete_autoencoder,ConcreteAutoencoder,1,1,30,train,926.2115478515625
madelon,concrete_autoencoder,ConcreteAutoencoder,1,1,31,train,930.5532836914062
madelon,concrete_autoencoder,ConcreteAutoencoder,1,1,32,train,929.737060546875
madelon,concrete_autoencoder,ConcreteAutoencoder,1,1,33,train,953.1668090820312
madelon,concrete_autoencoder,ConcreteAutoencoder,1,1,34,train,949.04638671875
madelon,concrete_autoencoder,ConcreteAutoencoder,1,1,35,train,966.1461791992188
madelon,concrete_autoencoder,ConcreteAutoencoder,1,1,36,train,959.9012451171875
madelon,concrete_autoencoder,ConcreteAutoencoder,1,1,37,train,985.7919311523438
madelon,concrete_autoencoder,ConcreteAutoencoder,1,1,38,train,1000.7935180664062
madelon,concrete_autoencoder,ConcreteAutoencoder,1,1,39,train,1046.28515625
madelon,concrete_autoencoder,ConcreteAutoencoder,1,1,40,train,1063.5831298828125
madelon,concrete_autoencoder,ConcreteAutoencoder,1,1,41,train,1076.144775390625
madelon,concrete_autoencoder,ConcreteAutoencoder,1,1,42,train,1110.47265625
madelon,concrete_autoencoder,ConcreteAutoencoder,1,1,43,train,1198.0762939453125
madelon,concrete_autoencoder,ConcreteAutoencoder,1,1,44,train,1194.15771484375
madelon,concrete_autoencoder,ConcreteAutoencoder,1,1,45,train,1224.005615234375
madelon,concrete_autoencoder,ConcreteAutoencoder,1,1,46,train,1244.827880859375
madelon,concrete_autoencoder,ConcreteAutoencoder,1,1,47,train,1274.796630859375
madelon,concrete_autoencoder,ConcreteAutoencoder,1,1,48,train,1337.742431640625
madelon,concrete_autoencoder,ConcreteAutoencoder,1,1,49,train,1459.20751953125
madelon,concrete_autoencoder,ConcreteAutoencoder,1,1,50,train,1319.863037109375
madelon,concrete_autoencoder,ConcreteAutoencoder,1,1,51,train,1396.956787109375
madelon,concrete_autoencoder,ConcreteAutoencoder,1,1,52,train,1504.5357666015625
madelon,concrete_autoencoder,ConcreteAutoencoder,1,1,53,train,1448.3287353515625
madelon,concrete_autoencoder,ConcreteAutoencoder,1,1,54,train,1468.888916015625
madelon,concrete_autoencoder,ConcreteAutoencoder,1,1,55,train,1508.684326171875
madelon,concrete_autoencoder,ConcreteAutoencoder,1,1,56,train,1570.91796875
madelon,concrete_autoencoder,ConcreteAutoencoder,1,1,57,train,1508.491455078125
madelon,concrete_autoencoder,ConcreteAutoencoder,1,1,58,train,1652.4564208984375
madelon,concrete_autoencoder,ConcreteAutoencoder,1,1,59,train,1615.813232421875
madelon,concrete_autoencoder,ConcreteAutoencoder,1,1,60,train,1683.7685546875
madelon,concrete_autoencoder,ConcreteAutoencoder,1,1,61,train,1557.2008056640625
madelon,concrete_autoencoder,ConcreteAutoencoder,1,1,62,train,1629.9669189453125
madelon,concrete_autoencoder,ConcreteAutoencoder,1,1,63,train,1579.01171875
madelon,concrete_autoencoder,ConcreteAutoencoder,1,1,64,train,1759.1304931640625
madelon,concrete_autoencoder,ConcreteAutoencoder,1,1,65,train,1639.700439453125
madelon,concrete_autoencoder,ConcreteAutoencoder,1,1,66,train,1833.618896484375
madelon,concrete_autoencoder,ConcreteAutoencoder,1,1,67,train,1679.0323486328125
madelon,concrete_autoencoder,ConcreteAutoencoder,1,1,68,train,1849.1512451171875
madelon,concrete_autoencoder,ConcreteAutoencoder,1,1,69,train,1719.012939453125
madelon,concrete_autoencoder,ConcreteAutoencoder,1,1,70,train,1756.097412109375
madelon,concrete_autoencoder,ConcreteAutoencoder,1,1,71,train,1723.6014404296875
madelon,concrete_autoencoder,ConcreteAutoencoder,1,1,72,train,1743.3233642578125
madelon,concrete_autoencoder,ConcreteAutoencoder,1,1,73,train,1708.6099853515625
madelon,concrete_autoencoder,ConcreteAutoencoder,1,1,74,train,1779.2615966796875
madelon,concrete_autoencoder,ConcreteAutoencoder,1,1,75,train,1767.776611328125
madelon,concrete_autoencoder,ConcreteAutoencoder,1,1,76,train,1641.62939453125
madelon,concrete_autoencoder,ConcreteAutoencoder,1,1,77,train,1768.7430419921875
madelon,concrete_autoencoder,ConcreteAutoencoder,1,1,78,train,1977.767822265625
madelon,concrete_autoencoder,ConcreteAutoencoder,1,1,79,train,1854.7615966796875
madelon,concrete_autoencoder,ConcreteAutoencoder,1,1,80,train,1727.830078125
madelon,concrete_autoencoder,ConcreteAutoencoder,1,1,81,train,1953.2442626953125
madelon,concrete_autoencoder,ConcreteAutoencoder,1,1,82,train,1827.359375
madelon,concrete_autoencoder,ConcreteAutoencoder,1,1,83,train,2072.007080078125
madelon,concrete_autoencoder,ConcreteAutoencoder,1,1,84,train,1887.2799072265625
madelon,concrete_autoencoder,ConcreteAutoencoder,1,1,85,train,1898.1414794921875
madelon,concrete_autoencoder,ConcreteAutoencoder,1,1,86,train,1842.8515625
madelon,concrete_autoencoder,ConcreteAutoencoder,1,1,87,train,1799.780517578125
madelon,concrete_autoencoder,ConcreteAutoencoder,1,1,88,train,1864.5391845703125
madelon,concrete_autoencoder,ConcreteAutoencoder,1,1,89,train,1925.1986083984375
madelon,concrete_autoencoder,ConcreteAutoencoder,1,1,90,train,1981.148681640625
madelon,concrete_autoencoder,ConcreteAutoencoder,1,1,91,train,1841.980712890625
madelon,concrete_autoencoder,ConcreteAutoencoder,1,1,92,train,1894.295654296875
madelon,concrete_autoencoder,ConcreteAutoencoder,1,1,93,train,1940.6224365234375
madelon,concrete_autoencoder,ConcreteAutoencoder,1,1,94,train,1820.38916015625
madelon,concrete_autoencoder,ConcreteAutoencoder,1,1,95,train,1928.2471923828125
madelon,concrete_autoencoder,ConcreteAutoencoder,1,1,96,train,1815.540283203125
madelon,concrete_autoencoder,ConcreteAutoencoder,1,1,97,train,2043.673095703125
madelon,concrete_autoencoder,ConcreteAutoencoder,1,1,98,train,1910.133056640625
madelon,concrete_autoencoder,ConcreteAutoencoder,1,1,99,train,1821.889892578125
madelon,concrete_autoencoder,ConcreteAutoencoder,1,1,100,train,1805.4915771484375
madelon,concrete_autoencoder,ConcreteAutoencoder,1,1,1,validation,183165.84375
madelon,concrete_autoencoder,ConcreteAutoencoder,1,1,2,validation,136330.75
madelon,concrete_autoencoder,ConcreteAutoencoder,1,1,3,validation,99268.984375
madelon,concrete_autoencoder,ConcreteAutoencoder,1,1,4,validation,66692.2890625
madelon,concrete_autoencoder,ConcreteAutoencoder,1,1,5,validation,45150.125
madelon,concrete_autoencoder,ConcreteAutoencoder,1,1,6,validation,29610.1328125
madelon,concrete_autoencoder,ConcreteAutoencoder,1,1,7,validation,18828.30078125
madelon,concrete_autoencoder,ConcreteAutoencoder,1,1,8,validation,11692.009765625
madelon,concrete_autoencoder,ConcreteAutoencoder,1,1,9,validation,7238.32177734375
madelon,concrete_autoencoder,ConcreteAutoencoder,1,1,10,validation,4666.76513671875
madelon,concrete_autoencoder,ConcreteAutoencoder,1,1,11,validation,3340.5341796875
madelon,concrete_autoencoder,ConcreteAutoencoder,1,1,12,validation,2780.0986328125
madelon,concrete_autoencoder,ConcreteAutoencoder,1,1,13,validation,2647.665283203125
madelon,concrete_autoencoder,ConcreteAutoencoder,1,1,14,validation,2720.748046875
madelon,concrete_autoencoder,ConcreteAutoencoder,1,1,15,validation,2866.893310546875
madelon,concrete_autoencoder,ConcreteAutoencoder,1,1,16,validation,3015.317138671875
madelon,concrete_autoencoder,ConcreteAutoencoder,1,1,17,validation,3135.1533203125
madelon,concrete_autoencoder,ConcreteAutoencoder,1,1,18,validation,3219.89306640625
madelon,concrete_autoencoder,ConcreteAutoencoder,1,1,19,validation,3272.90869140625
madelon,concrete_autoencoder,ConcreteAutoencoder,1,1,20,validation,3301.061279296875
madelon,concrete_autoencoder,ConcreteAutoencoder,1,1,21,validation,3310.19970703125
madelon,concrete_autoencoder,ConcreteAutoencoder,1,1,22,validation,3306.03271484375
madelon,concrete_autoencoder,ConcreteAutoencoder,1,1,23,validation,3298.089111328125
madelon,concrete_autoencoder,ConcreteAutoencoder,1,1,24,validation,3282.73193359375
madelon,concrete_autoencoder,ConcreteAutoencoder,1,1,25,validation,3267.0830078125
madelon,concrete_autoencoder,ConcreteAutoencoder,1,1,26,validation,3246.004638671875
madelon,concrete_autoencoder,ConcreteAutoencoder,1,1,27,validation,3230.61962890625
madelon,concrete_autoencoder,ConcreteAutoencoder,1,1,28,validation,3208.015869140625
madelon,concrete_autoencoder,ConcreteAutoencoder,1,1,29,validation,3192.60546875
madelon,concrete_autoencoder,ConcreteAutoencoder,1,1,30,validation,3178.19970703125
madelon,concrete_autoencoder,ConcreteAutoencoder,1,1,31,validation,3151.67041015625
madelon,concrete_autoencoder,ConcreteAutoencoder,1,1,32,validation,3146.66748046875
madelon,concrete_autoencoder,ConcreteAutoencoder,1,1,33,validation,1770.3809814453125
madelon,concrete_autoencoder,ConcreteAutoencoder,1,1,34,validation,1265.6275634765625
madelon,concrete_autoencoder,ConcreteAutoencoder,1,1,35,validation,1265.5548095703125
madelon,concrete_autoencoder,ConcreteAutoencoder,1,1,36,validation,1265.642333984375
madelon,concrete_autoencoder,ConcreteAutoencoder,1,1,37,validation,1265.7388916015625
madelon,concrete_autoencoder,ConcreteAutoencoder,1,1,38,validation,1266.2716064453125
madelon,concrete_autoencoder,ConcreteAutoencoder,1,1,39,validation,1266.9000244140625
madelon,concrete_autoencoder,ConcreteAutoencoder,1,1,40,validation,1266.1531982421875
madelon,concrete_autoencoder,ConcreteAutoencoder,1,1,41,validation,1268.0242919921875
madelon,concrete_autoencoder,ConcreteAutoencoder,1,1,42,validation,1267.419921875
madelon,concrete_autoencoder,ConcreteAutoencoder,1,1,43,validation,1267.05078125
madelon,concrete_autoencoder,ConcreteAutoencoder,1,1,44,validation,1268.200439453125
madelon,concrete_autoencoder,ConcreteAutoencoder,1,1,45,validation,1270.1578369140625
madelon,concrete_autoencoder,ConcreteAutoencoder,1,1,46,validation,1276.3582763671875
madelon,concrete_autoencoder,ConcreteAutoencoder,1,1,47,validation,1266.7337646484375
madelon,concrete_autoencoder,ConcreteAutoencoder,1,1,48,validation,1273.8297119140625
madelon,concrete_autoencoder,ConcreteAutoencoder,1,1,49,validation,1276.650634765625
madelon,concrete_autoencoder,ConcreteAutoencoder,1,1,50,validation,1266.006591796875
madelon,concrete_autoencoder,ConcreteAutoencoder,1,1,51,validation,1270.6983642578125
madelon,concrete_autoencoder,ConcreteAutoencoder,1,1,52,validation,1265.6072998046875
madelon,concrete_autoencoder,ConcreteAutoencoder,1,1,53,validation,1267.431640625
madelon,concrete_autoencoder,ConcreteAutoencoder,1,1,54,validation,1270.5035400390625
madelon,concrete_autoencoder,ConcreteAutoencoder,1,1,55,validation,1277.7772216796875
madelon,concrete_autoencoder,ConcreteAutoencoder,1,1,56,validation,1273.56494140625
madelon,concrete_autoencoder,ConcreteAutoencoder,1,1,57,validation,1268.8963623046875
madelon,concrete_autoencoder,ConcreteAutoencoder,1,1,58,validation,1271.6075439453125
madelon,concrete_autoencoder,ConcreteAutoencoder,1,1,59,validation,1276.9234619140625
madelon,concrete_autoencoder,ConcreteAutoencoder,1,1,60,validation,1265.776611328125
madelon,concrete_autoencoder,ConcreteAutoencoder,1,1,61,validation,1275.3043212890625
madelon,concrete_autoencoder,ConcreteAutoencoder,1,1,62,validation,1270.5855712890625
madelon,concrete_autoencoder,ConcreteAutoencoder,1,1,63,validation,1266.355712890625
madelon,concrete_autoencoder,ConcreteAutoencoder,1,1,64,validation,1268.219970703125
madelon,concrete_autoencoder,ConcreteAutoencoder,1,1,65,validation,1277.1998291015625
madelon,concrete_autoencoder,ConcreteAutoencoder,1,1,66,validation,1270.7130126953125
madelon,concrete_autoencoder,ConcreteAutoencoder,1,1,67,validation,1266.16943359375
madelon,concrete_autoencoder,ConcreteAutoencoder,1,1,68,validation,1280.6422119140625
madelon,concrete_autoencoder,ConcreteAutoencoder,1,1,69,validation,1270.09033203125
madelon,concrete_autoencoder,ConcreteAutoencoder,1,1,70,validation,1307.4281005859375
madelon,concrete_autoencoder,ConcreteAutoencoder,1,1,71,validation,1268.323486328125
madelon,concrete_autoencoder,ConcreteAutoencoder,1,1,72,validation,1271.047119140625
madelon,concrete_autoencoder,ConcreteAutoencoder,1,1,73,validation,1273.599609375
madelon,concrete_autoencoder,ConcreteAutoencoder,1,1,74,validation,1275.408447265625
madelon,concrete_autoencoder,ConcreteAutoencoder,1,1,75,validation,1269.7987060546875
madelon,concrete_autoencoder,ConcreteAutoencoder,1,1,76,validation,1265.799560546875
madelon,concrete_autoencoder,ConcreteAutoencoder,1,1,77,validation,1266.962158203125
madelon,concrete_autoencoder,ConcreteAutoencoder,1,1,78,validation,1273.058837890625
madelon,concrete_autoencoder,ConcreteAutoencoder,1,1,79,validation,1273.1265869140625
madelon,concrete_autoencoder,ConcreteAutoencoder,1,1,80,validation,1272.3836669921875
madelon,concrete_autoencoder,ConcreteAutoencoder,1,1,81,validation,1273.803466796875
madelon,concrete_autoencoder,ConcreteAutoencoder,1,1,82,validation,1265.8363037109375
madelon,concrete_autoencoder,ConcreteAutoencoder,1,1,83,validation,1265.5802001953125
madelon,concrete_autoencoder,ConcreteAutoencoder,1,1,84,validation,1270.8399658203125
madelon,concrete_autoencoder,ConcreteAutoencoder,1,1,85,validation,1271.106689453125
madelon,concrete_autoencoder,ConcreteAutoencoder,1,1,86,validation,1266.3856201171875
madelon,concrete_autoencoder,ConcreteAutoencoder,1,1,87,validation,1266.1502685546875
madelon,concrete_autoencoder,ConcreteAutoencoder,1,1,88,validation,1265.22998046875
madelon,concrete_autoencoder,ConcreteAutoencoder,1,1,89,validation,1272.404541015625
madelon,concrete_autoencoder,ConcreteAutoencoder,1,1,90,validation,1272.025146484375
madelon,concrete_autoencoder,ConcreteAutoencoder,1,1,91,validation,1275.9808349609375
madelon,concrete_autoencoder,ConcreteAutoencoder,1,1,92,validation,1275.883056640625
madelon,concrete_autoencoder,ConcreteAutoencoder,1,1,93,validation,1266.447998046875
madelon,concrete_autoencoder,ConcreteAutoencoder,1,1,94,validation,1276.6627197265625
madelon,concrete_autoencoder,ConcreteAutoencoder,1,1,95,validation,1278.015380859375
madelon,concrete_autoencoder,ConcreteAutoencoder,1,1,96,validation,1265.88330078125
madelon,concrete_autoencoder,ConcreteAutoencoder,1,1,97,validation,1274.830322265625
madelon,concrete_autoencoder,ConcreteAutoencoder,1,1,98,validation,1266.54443359375
madelon,concrete_autoencoder,ConcreteAutoencoder,1,1,99,validation,1267.8336181640625
madelon,concrete_autoencoder,ConcreteAutoencoder,1,1,100,validation,1264.9927978515625
